{
"type": "FeatureCollection",
"name": "kabuldistrec",
"crs": { "type": "name", "properties": { "name": "urn:ogc:def:crs:OGC:1.3:CRS84" } },
"features": [
{ "type": "Feature", "properties": { "OBJECTID": 1, "OID_": 0, "SHAPE_LENG": 59912.962377700002, "PD_NR": 20, "AREA_KM_2": 143.582471306, "QUARTER": "SW", "Area": 0.0, "Flood_Area": 0.0, "Flooded_Ur": 0.0, "Total_Dama": 0.0, "Damage_Red": 1773.8098368399999, "Area_1": 0.0, "نام_ن": "ناحیه بیستم", "Shape_Le_1": 0.59650095317999996, "Shape_Area": 0.01408367179 }, "geometry": { "type": "MultiPolygon", "coordinates": [ [ [ [ 69.206365958000049, 34.453842635000058 ], [ 69.206076275000044, 34.453405739000061 ], [ 69.205896700000039, 34.452874462000068 ], [ 69.20566365600007, 34.45235801900003 ], [ 69.205306054000062, 34.451900855000076 ], [ 69.204948401000081, 34.451443644000051 ], [ 69.205214546000036, 34.450941198000066 ], [ 69.205338057000063, 34.450409365000041 ], [ 69.205532855000058, 34.449892248000026 ], [ 69.206174909000083, 34.450038796000058 ], [ 69.206692682000039, 34.450377548000063 ], [ 69.207299290000037, 34.450583264000045 ], [ 69.207868986000051, 34.450301740000043 ], [ 69.208295738000061, 34.44988757200008 ], [ 69.20854405800003, 34.449385059000065 ], [ 69.208400128000051, 34.44885372400006 ], [ 69.208006911000041, 34.448411373000056 ], [ 69.207347560000073, 34.448486352000032 ], [ 69.206706134000058, 34.448590787000057 ], [ 69.206046671000081, 34.448621435000064 ], [ 69.205493369000067, 34.448327064000068 ], [ 69.205278193000083, 34.447810590000074 ], [ 69.205027459000064, 34.447308920000069 ], [ 69.204598633000046, 34.446896197000058 ], [ 69.204098707000071, 34.446542616000045 ], [ 69.203527572000041, 34.446248266000055 ], [ 69.203045417000055, 34.445879906000073 ], [ 69.202687857000058, 34.445422733000044 ], [ 69.202348009000048, 34.44495078500006 ], [ 69.202026072000081, 34.444478761000028 ], [ 69.201632855000071, 34.444036434000054 ], [ 69.201221773000043, 34.44356455500008 ], [ 69.200788021000051, 34.443169818000058 ], [ 69.200313678000043, 34.442778347000058 ], [ 69.199978343000055, 34.442294391000075 ], [ 69.199809881000078, 34.441763987000058 ], [ 69.199725074000071, 34.441210405000049 ], [ 69.199584591000075, 34.440679956000054 ], [ 69.199471866000067, 34.440126374000045 ], [ 69.199470495000071, 34.439549569000064 ], [ 69.199357772000042, 34.438995987000055 ], [ 69.199245106000035, 34.438442449000036 ], [ 69.199104576000082, 34.43791199900005 ], [ 69.198991803000069, 34.437335420000068 ], [ 69.199074084000074, 34.436781475000032 ], [ 69.199518603000058, 34.436342373000059 ], [ 69.200018956000065, 34.435972393000043 ], [ 69.19976713300008, 34.435465212000054 ], [ 69.19918154700008, 34.435143178000033 ], [ 69.19854056500003, 34.434936530000073 ], [ 69.197871777000046, 34.434730014000024 ], [ 69.197475018000034, 34.434511782000072 ], [ 69.197314067000036, 34.434407881000027 ], [ 69.19678411600006, 34.434039527000039 ], [ 69.196531728000082, 34.433535542000072 ], [ 69.196698148000053, 34.433001438000076 ], [ 69.197031098000082, 34.432516351000061 ], [ 69.197280619000082, 34.43200835600004 ], [ 69.197167921000073, 34.431454771000062 ], [ 69.197027362000028, 34.430924362000042 ], [ 69.196886968000058, 34.430393909000031 ], [ 69.196746467000082, 34.429863455000032 ], [ 69.196578106000061, 34.429309959000079 ], [ 69.196381939000048, 34.428779639000027 ], [ 69.196241498000063, 34.428249184000038 ], [ 69.19640731800007, 34.427718193000032 ], [ 69.196266825000066, 34.42716469700008 ], [ 69.19593152200008, 34.426680728000065 ], [ 69.195735420000062, 34.426150361000055 ], [ 69.195651300000065, 34.425896722000061 ], [ 69.195539266000083, 34.425619995000034 ], [ 69.195649365000065, 34.425066097000069 ], [ 69.195759408000072, 34.42451215300008 ], [ 69.19578597800006, 34.423958434000042 ], [ 69.195673301000056, 34.42340480200005 ], [ 69.195199094000031, 34.423013354000034 ], [ 69.194697031000032, 34.422644946000048 ], [ 69.194222778000039, 34.422253495000064 ], [ 69.193554155000072, 34.422069951000026 ], [ 69.192913392000037, 34.421909446000029 ], [ 69.192467013000055, 34.421494857000027 ], [ 69.192131754000059, 34.421010877000072 ], [ 69.192019106000032, 34.420457287000033 ], [ 69.191878652000071, 34.419926826000051 ], [ 69.191738202000067, 34.419373324000048 ], [ 69.191597807000051, 34.418842863000066 ], [ 69.191401644000052, 34.418289402000028 ], [ 69.191177678000031, 34.41775911600007 ], [ 69.190925963000041, 34.41725187000003 ], [ 69.190841185000068, 34.416698280000048 ], [ 69.19109048100006, 34.416167209000037 ], [ 69.191339990000074, 34.41565922500007 ], [ 69.192008031000057, 34.41561204900006 ], [ 69.192620992000059, 34.415818732000048 ], [ 69.193261601000074, 34.415933065000047 ], [ 69.193819119000068, 34.416232131000072 ], [ 69.194459893000044, 34.416415719000042 ], [ 69.195128259000057, 34.416506912000045 ], [ 69.195796628000039, 34.416552017000072 ], [ 69.196464996000032, 34.416666289000034 ], [ 69.197070332000067, 34.416676498000072 ], [ 69.197564015000069, 34.416060204000075 ], [ 69.197934151000084, 34.415546690000042 ], [ 69.19818050300006, 34.415033331000075 ], [ 69.198674410000081, 34.414519615000074 ], [ 69.199044533000063, 34.414006098000073 ], [ 69.199538430000075, 34.413492378000058 ], [ 69.199908543000049, 34.412978858000031 ], [ 69.20052576900008, 34.412259766000034 ], [ 69.201019891000044, 34.411848623000026 ], [ 69.201389988000074, 34.411335054000062 ], [ 69.201636306000069, 34.410821733000034 ], [ 69.202006395000069, 34.410308206000025 ], [ 69.202376479000066, 34.409794724000051 ], [ 69.202746311000055, 34.409178568000073 ], [ 69.203116137000052, 34.408562456000027 ], [ 69.203362189000075, 34.407946503000062 ], [ 69.203608485000075, 34.407433178000076 ], [ 69.203854779000039, 34.406919852000044 ], [ 69.203976804000035, 34.40620156600005 ], [ 69.204222593000054, 34.405483074000074 ], [ 69.204467630000067, 34.404456832000051 ], [ 69.204589896000073, 34.403841084000078 ], [ 69.204588398000055, 34.403225587000065 ], [ 69.204710661000036, 34.402609883000025 ], [ 69.20470866200003, 34.401789175000033 ], [ 69.204830228000048, 34.400865768000074 ], [ 69.204827978000083, 34.399942477000025 ], [ 69.204950235000069, 34.399326772000052 ], [ 69.204947984000057, 34.398403481000059 ], [ 69.20482197900003, 34.397480488000042 ], [ 69.204819980000082, 34.396659779000061 ], [ 69.204818480000029, 34.396044282000048 ], [ 69.204693175000045, 34.395428991000074 ], [ 69.204320675000076, 34.394916697000042 ], [ 69.203452987000048, 34.39430264300006 ], [ 69.202956890000053, 34.393893133000063 ], [ 69.202460961000043, 34.39348362100003 ], [ 69.202088483000068, 34.392971320000072 ], [ 69.201592508000033, 34.392561759000046 ], [ 69.201220040000067, 34.392049455000063 ], [ 69.201094822000073, 34.391434161000063 ], [ 69.200969115000078, 34.390613700000074 ], [ 69.200967644000059, 34.389998201000026 ], [ 69.200842186000045, 34.389280323000037 ], [ 69.200840716000073, 34.388664780000056 ], [ 69.200715016000061, 34.387844318000077 ], [ 69.200342574000047, 34.387332011000069 ], [ 69.199846344000036, 34.386819905000038 ], [ 69.199350417000062, 34.386410380000029 ], [ 69.198854307000033, 34.385898269000052 ], [ 69.198358039000084, 34.385386157000028 ], [ 69.197861700000033, 34.384771414000056 ], [ 69.197489289000032, 34.38425909800003 ], [ 69.197116882000046, 34.38374678100007 ], [ 69.196620747000054, 34.383234661000074 ], [ 69.196001125000066, 34.382825320000052 ], [ 69.195381454000028, 34.382415977000051 ], [ 69.194762080000032, 34.382109213000035 ], [ 69.194142949000081, 34.381905030000041 ], [ 69.193523820000053, 34.381700843000033 ], [ 69.192904459000033, 34.381394025000077 ], [ 69.192161137000028, 34.380984860000069 ], [ 69.191542020000043, 34.380780664000042 ], [ 69.190922851000039, 34.380576464000058 ], [ 69.190303740000047, 34.380372261000048 ], [ 69.189684686000078, 34.38016805500007 ], [ 69.18894179800003, 34.379964037000036 ], [ 69.188322696000057, 34.379759824000075 ], [ 69.187703597000052, 34.379555607000043 ], [ 69.186960545000034, 34.379248994000079 ], [ 69.186217444000079, 34.378942376000055 ], [ 69.185598411000058, 34.378738149000071 ], [ 69.18497904600008, 34.378431335000073 ], [ 69.184483241000066, 34.378021749000027 ], [ 69.183863940000037, 34.377714885000046 ], [ 69.183121365000034, 34.377613415000042 ], [ 69.182502294000074, 34.377409172000057 ], [ 69.181635501000073, 34.377102710000031 ], [ 69.181016492000083, 34.376898460000064 ], [ 69.180397377000077, 34.376694207000071 ], [ 69.179654158000062, 34.376284965000025 ], [ 69.178910947000077, 34.375875719000078 ], [ 69.177795709000065, 34.375056674000064 ], [ 69.177176399000075, 34.37474982100008 ], [ 69.176680654000052, 34.374340202000042 ], [ 69.175936990000082, 34.373725726000032 ], [ 69.175441311000043, 34.373316102000047 ], [ 69.174945583000067, 34.372906477000072 ], [ 69.174325716000055, 34.37229185800004 ], [ 69.173829787000045, 34.371779645000061 ], [ 69.173334075000071, 34.371370012000057 ], [ 69.172838314000046, 34.370960378000063 ], [ 69.172219317000042, 34.37075608300006 ], [ 69.171476817000041, 34.370654542000068 ], [ 69.170486682000046, 34.370450757000071 ], [ 69.169744187000049, 34.370349205000025 ], [ 69.169125202000032, 34.370144849000042 ], [ 69.168134409000061, 34.369633295000028 ], [ 69.167638441000065, 34.369238475000031 ], [ 69.167019358000061, 34.368814151000038 ], [ 69.16664720600005, 34.368301738000071 ], [ 69.166398769000068, 34.367789157000061 ], [ 69.16602662400004, 34.367276743000048 ], [ 69.16577819400004, 34.366764160000059 ], [ 69.165652870000031, 34.36594361300007 ], [ 69.165404244000058, 34.365328446000035 ], [ 69.165155622000043, 34.364713278000067 ], [ 69.164535887000056, 34.364098609000052 ], [ 69.163916761000053, 34.363791687000059 ], [ 69.163297585000066, 34.363484763000031 ], [ 69.162267375000056, 34.362747709000075 ], [ 69.163327808000076, 34.356080364000036 ], [ 69.162041714000054, 34.350371541000072 ], [ 69.160251392000077, 34.347624414000052 ], [ 69.160245960000054, 34.344769152000026 ], [ 69.165482859000065, 34.33017919200006 ], [ 69.167712744000028, 34.323323508000044 ], [ 69.16842381400005, 34.321968956000035 ], [ 69.168623724000042, 34.319938225000044 ], [ 69.168310709000082, 34.316385437000065 ], [ 69.165455129000065, 34.316050910000058 ], [ 69.163518057000033, 34.316138104000061 ], [ 69.161275396000065, 34.31639490200007 ], [ 69.158013781000079, 34.316991349000034 ], [ 69.154343633000053, 34.317249853000078 ], [ 69.151896039000064, 34.316999088000046 ], [ 69.147815540000067, 34.31581968900008 ], [ 69.145467968000048, 34.314384282000049 ], [ 69.143118897000079, 34.312018219000038 ], [ 69.139954862000081, 34.309991460000049 ], [ 69.139036335000071, 34.309400309000068 ], [ 69.135670248000054, 34.308388876000038 ], [ 69.134752174000084, 34.308051472000045 ], [ 69.13311987600008, 34.307376466000051 ], [ 69.132773624000038, 34.307134742000073 ], [ 69.132375811000031, 34.306480838000027 ], [ 69.13211988200004, 34.304438162000054 ], [ 69.131589353000038, 34.300203526000075 ], [ 69.131390186000033, 34.298614144000055 ], [ 69.13075669300008, 34.297588880000035 ], [ 69.129395574000057, 34.294495545000075 ], [ 69.122380504000034, 34.295147980000024 ], [ 69.121788325000068, 34.295211293000079 ], [ 69.115073962000054, 34.296732031000033 ], [ 69.091673302000061, 34.313448790000052 ], [ 69.09068149400008, 34.314575888000036 ], [ 69.089907709000045, 34.315004790000046 ], [ 69.089263162000066, 34.31575483000006 ], [ 69.087585755000077, 34.315970229000072 ], [ 69.085908504000031, 34.316399704000048 ], [ 69.084102164000058, 34.316829243000029 ], [ 69.08242477400006, 34.31715162100005 ], [ 69.080876544000034, 34.317580984000074 ], [ 69.079328501000077, 34.318224471000065 ], [ 69.077780335000057, 34.318760889000032 ], [ 69.076102881000054, 34.319083180000064 ], [ 69.074425226000074, 34.319191260000025 ], [ 69.072747658000083, 34.319406456000024 ], [ 69.071070226000074, 34.319728678000047 ], [ 69.069392640000046, 34.319943783000042 ], [ 69.067923780000058, 34.320343582000078 ], [ 69.066683615000045, 34.321444424000049 ], [ 69.065264499000079, 34.322194756000044 ], [ 69.064103682000052, 34.323159080000039 ], [ 69.063072026000043, 34.324337469000056 ], [ 69.061911312000063, 34.32551591500004 ], [ 69.060750488000053, 34.326587301000075 ], [ 69.059589634000076, 34.327658675000066 ], [ 69.058299514000055, 34.328515957000036 ], [ 69.057138530000032, 34.329480214000057 ], [ 69.055977520000056, 34.330444460000024 ], [ 69.054816483000081, 34.33140869500005 ], [ 69.053526256000055, 34.332265881000069 ], [ 69.052236004000065, 34.333123099000034 ], [ 69.051462321000031, 34.334408372000041 ], [ 69.05210855100006, 34.335693089000074 ], [ 69.053270897000061, 34.336656253000058 ], [ 69.054562302000079, 34.337512344000061 ], [ 69.055337653000038, 34.338796941000055 ], [ 69.056242009000073, 34.339974380000058 ], [ 69.057146445000058, 34.341151856000067 ], [ 69.05766370300006, 34.342436558000031 ], [ 69.058180977000063, 34.343721257000027 ], [ 69.059214464000036, 34.344791562000069 ], [ 69.059215443000028, 34.346183598000039 ], [ 69.058183418000056, 34.347254849000024 ], [ 69.05715131200003, 34.348326135000036 ], [ 69.056377565000048, 34.349611437000078 ], [ 69.056120305000036, 34.351003590000062 ], [ 69.055604714000083, 34.352288767000061 ], [ 69.054701780000073, 34.35357416100004 ], [ 69.053669607000074, 34.35464537200005 ], [ 69.052766551000047, 34.35582365700003 ], [ 69.052121868000029, 34.357215968000048 ], [ 69.051993594000066, 34.358608056000037 ], [ 69.052510882000036, 34.359892775000048 ], [ 69.053415425000082, 34.361070231000042 ], [ 69.054578190000029, 34.362033423000071 ], [ 69.055353768000032, 34.363318014000072 ], [ 69.054321622000032, 34.364603460000069 ], [ 69.052772458000049, 34.365246653000042 ], [ 69.051223323000045, 34.365889735000053 ], [ 69.04967410200004, 34.366425750000076 ], [ 69.048254077000081, 34.367175880000048 ], [ 69.046704814000066, 34.367711857000074 ], [ 69.045155645000079, 34.368462001000069 ], [ 69.045414697000069, 34.369853937000073 ], [ 69.046835686000065, 34.370710011000028 ], [ 69.048514596000075, 34.371030592000068 ], [ 69.050193573000058, 34.371351149000077 ], [ 69.051872443000036, 34.371564636000073 ], [ 69.053293459000031, 34.372313587000065 ], [ 69.05432729000006, 34.373383884000077 ], [ 69.055232004000061, 34.374561368000059 ], [ 69.056007708000038, 34.375845952000077 ], [ 69.056912743000055, 34.377344612000059 ], [ 69.05717196300003, 34.378736521000064 ], [ 69.057560358000046, 34.380128322000076 ], [ 69.058465245000036, 34.381305781000037 ], [ 69.059499273000029, 34.382483170000057 ], [ 69.059500258000071, 34.383875198000055 ], [ 69.058597100000043, 34.38516056900005 ], [ 69.05795216100006, 34.386445810000055 ], [ 69.057436436000046, 34.387730988000044 ], [ 69.057049895000034, 34.389123195000025 ], [ 69.057050840000045, 34.390515222000033 ], [ 69.057310048000033, 34.391907127000025 ], [ 69.058344171000044, 34.392977431000077 ], [ 69.05873265200006, 34.394369271000073 ], [ 69.058346103000076, 34.395761436000043 ], [ 69.058478587000081, 34.397130897000068 ], [ 69.058800766000047, 34.397028024000065 ], [ 69.059494925000081, 34.397171485000058 ], [ 69.060288401000037, 34.397520422000071 ], [ 69.061007462000077, 34.397787144000063 ], [ 69.061577808000038, 34.398136228000055 ], [ 69.062222546000044, 34.398444103000031 ], [ 69.062544863000028, 34.398526096000069 ], [ 69.062916708000046, 34.398567029000048 ], [ 69.063313265000033, 34.398484577000033 ], [ 69.063833694000039, 34.398340510000025 ], [ 69.064180708000038, 34.398278688000062 ], [ 69.064602077000075, 34.398278466000079 ], [ 69.065048348000062, 34.398401510000042 ], [ 69.065445062000038, 34.398524579000025 ], [ 69.066337631000067, 34.398729581000055 ], [ 69.067180592000057, 34.398934604000033 ], [ 69.067850042000032, 34.399160234000078 ], [ 69.068420418000073, 34.399365399000033 ], [ 69.069015338000042, 34.399447267000028 ], [ 69.069560858000045, 34.399652440000068 ], [ 69.070032120000064, 34.399980935000031 ], [ 69.070379443000036, 34.40035057700004 ], [ 69.070726496000077, 34.400329815000077 ], [ 69.071123158000034, 34.400370664000036 ], [ 69.071519838000029, 34.400432028000068 ], [ 69.07211484100003, 34.400534487000073 ], [ 69.07280892700004, 34.400534076000042 ], [ 69.073602292000032, 34.400656882000078 ], [ 69.074247003000039, 34.400923615000067 ], [ 69.074817370000062, 34.401149267000051 ], [ 69.075213864000034, 34.401056586000038 ], [ 69.075635439000052, 34.401148809000063 ], [ 69.075982495000062, 34.401189718000069 ], [ 69.076379126000063, 34.401189471000066 ], [ 69.076949240000033, 34.401189114000033 ], [ 69.077246775000049, 34.401271038000061 ], [ 69.077569175000065, 34.401414676000059 ], [ 69.078065246000051, 34.401702045000036 ], [ 69.078524217000052, 34.402102436000064 ], [ 69.078685784000072, 34.402564611000059 ], [ 69.078996026000084, 34.402903500000036 ], [ 69.079479400000082, 34.402923704000045 ], [ 69.079900900000041, 34.403036429000053 ], [ 69.080099443000051, 34.403241782000066 ], [ 69.080149316000075, 34.403570467000065 ], [ 69.080471592000038, 34.403570255000034 ], [ 69.08109141500006, 34.403652048000026 ], [ 69.081661600000075, 34.403651669000055 ], [ 69.082107723000036, 34.403569168000047 ], [ 69.082430004000059, 34.403630547000034 ], [ 69.082801854000081, 34.403589262000025 ], [ 69.083247914000083, 34.403445117000047 ], [ 69.083520453000062, 34.403321651000056 ], [ 69.084040993000031, 34.40323913800006 ], [ 69.084635493000064, 34.40280720100003 ], [ 69.085502281000061, 34.401964152000062 ], [ 69.086146239000072, 34.401450016000069 ], [ 69.086592326000073, 34.401295623000067 ], [ 69.086852132000047, 34.400812598000073 ], [ 69.087186916000064, 34.400976674000049 ], [ 69.087509481000041, 34.401264128000037 ], [ 69.087881478000043, 34.40142826500005 ], [ 69.088179100000048, 34.401633534000041 ], [ 69.088402445000042, 34.401818293000076 ], [ 69.088724844000069, 34.401941340000064 ], [ 69.089047179000033, 34.402002746000051 ], [ 69.089394244000061, 34.402043572000025 ], [ 69.089989313000046, 34.402125338000076 ], [ 69.090485221000051, 34.402268814000024 ], [ 69.091055708000056, 34.402556030000028 ], [ 69.091675691000034, 34.402781657000048 ], [ 69.092403010000055, 34.403155054000024 ], [ 69.092717500000049, 34.403397229000063 ], [ 69.093250994000073, 34.403818069000067 ], [ 69.093660319000037, 34.40411567700005 ], [ 69.093784576000076, 34.404362142000025 ], [ 69.094057470000052, 34.404567415000031 ], [ 69.094479179000075, 34.404793089000066 ], [ 69.094826583000042, 34.405121583000039 ], [ 69.095223827000041, 34.40564523900008 ], [ 69.095695070000033, 34.405840073000036 ], [ 69.096116571000039, 34.405921854000042 ], [ 69.096488495000074, 34.405942168000024 ], [ 69.096897919000071, 34.406260327000041 ], [ 69.097331863000079, 34.40637298200005 ], [ 69.097654190000071, 34.406454927000027 ], [ 69.09815031200003, 34.406701091000059 ], [ 69.09862143600003, 34.406782914000075 ], [ 69.099018142000034, 34.406823627000051 ], [ 69.099687886000083, 34.407172452000054 ], [ 69.100141180000037, 34.407446419000053 ], [ 69.100332930000036, 34.40756232800004 ], [ 69.100704882000059, 34.40764422400008 ], [ 69.101176335000048, 34.407993114000078 ], [ 69.101387321000061, 34.408177860000023 ], [ 69.101622958000064, 34.408321507000039 ], [ 69.10211922700006, 34.408670373000064 ], [ 69.102615271000047, 34.408875440000031 ], [ 69.103582639000081, 34.40926502800005 ], [ 69.104078839000067, 34.40963444700003 ], [ 69.10472407900005, 34.41010650100003 ], [ 69.105294693000076, 34.410414212000035 ], [ 69.105666585000051, 34.41043445300005 ], [ 69.106088014000079, 34.410434089000034 ], [ 69.106606869000075, 34.410377544000028 ], [ 69.106528110000056, 34.410651904000076 ], [ 69.106334749000041, 34.411295935000055 ], [ 69.106529641000066, 34.411859184000036 ], [ 69.106627472000071, 34.41242247200006 ], [ 69.106628187000069, 34.412985845000037 ], [ 69.106143567000061, 34.413710617000049 ], [ 69.105950040000039, 34.414274158000069 ], [ 69.105659391000074, 34.414837783000053 ], [ 69.105660302000047, 34.415562133000037 ], [ 69.105952375000072, 34.416125253000075 ], [ 69.106438539000067, 34.416607716000044 ], [ 69.107021627000051, 34.416929161000041 ], [ 69.107701690000056, 34.417089495000027 ], [ 69.108673278000083, 34.417410589000042 ], [ 69.109159361000081, 34.417812553000033 ], [ 69.109839591000082, 34.418133897000075 ], [ 69.110422808000067, 34.418535769000073 ], [ 69.110520780000058, 34.419179542000052 ], [ 69.111007043000029, 34.419661986000051 ], [ 69.111396131000049, 34.420144562000075 ], [ 69.111882297000079, 34.42054651400008 ], [ 69.112368414000059, 34.420948465000038 ], [ 69.112951554000063, 34.421269881000057 ], [ 69.113340716000039, 34.421752406000053 ], [ 69.113826955000036, 34.422234884000034 ], [ 69.114896195000028, 34.422877745000051 ], [ 69.115382340000053, 34.423279683000032 ], [ 69.116062581000051, 34.423520504000066 ], [ 69.117227514000035, 34.424084028000038 ], [ 69.117908904000046, 34.424243042000057 ], [ 69.118588879000072, 34.42432291800003 ], [ 69.119374734000075, 34.424393804000033 ], [ 69.120046079000076, 34.42456291600007 ], [ 69.120871728000054, 34.424642591000065 ], [ 69.121711706000042, 34.425034099000072 ], [ 69.121746743000074, 34.425292528000057 ], [ 69.122149427000068, 34.425596449000068 ], [ 69.122622207000063, 34.426016228000037 ], [ 69.122955003000072, 34.426378158000034 ], [ 69.123305311000081, 34.426769064000041 ], [ 69.123515686000076, 34.427102167000044 ], [ 69.123603720000062, 34.427536805000045 ], [ 69.123709864000034, 34.428333688000066 ], [ 69.123798306000083, 34.429043653000065 ], [ 69.124054073000082, 34.429670840000028 ], [ 69.124922981000054, 34.429491890000065 ], [ 69.125541530000078, 34.429183508000051 ], [ 69.12616022900005, 34.428977705000079 ], [ 69.126778924000064, 34.428771900000072 ], [ 69.127521472000069, 34.42856596200005 ], [ 69.128387605000057, 34.428257307000024 ], [ 69.12925388900004, 34.428051183000036 ], [ 69.129996370000072, 34.427845276000028 ], [ 69.130739166000069, 34.427844484000047 ], [ 69.131729507000045, 34.427843421000034 ], [ 69.132596212000067, 34.427842485000042 ], [ 69.133339171000046, 34.427944260000061 ], [ 69.13408213200006, 34.42804598500004 ], [ 69.134824930000036, 34.428045169000029 ], [ 69.136062927000069, 34.428043798000033 ], [ 69.137053379000065, 34.428042692000076 ], [ 69.138291206000076, 34.427938761000064 ], [ 69.139528860000041, 34.427732189000039 ], [ 69.140766165000059, 34.427320439000027 ], [ 69.14138463900008, 34.427011977000063 ], [ 69.142003337000062, 34.426806049000049 ], [ 69.142621978000079, 34.426600164000035 ], [ 69.143240616000071, 34.426394275000064 ], [ 69.144230288000074, 34.425982780000027 ], [ 69.144848917000047, 34.425776883000026 ], [ 69.145591517000071, 34.425673418000031 ], [ 69.146581941000079, 34.425672235000036 ], [ 69.147324897000033, 34.425773925000044 ], [ 69.148067856000068, 34.425875611000038 ], [ 69.148563767000041, 34.426285342000028 ], [ 69.149059684000065, 34.426695070000051 ], [ 69.149803384000052, 34.427207121000038 ], [ 69.150918362000084, 34.427616082000043 ], [ 69.151661526000055, 34.427820329000042 ], [ 69.152281266000045, 34.428229890000068 ], [ 69.152653598000029, 34.428742340000042 ], [ 69.153149736000046, 34.429254635000063 ], [ 69.153646256000059, 34.429972092000071 ], [ 69.153894800000046, 34.430484694000029 ], [ 69.154143482000052, 34.431099923000033 ], [ 69.154640130000075, 34.431817421000062 ], [ 69.155260484000053, 34.432534670000052 ], [ 69.155509426000037, 34.433252433000064 ], [ 69.155758182000056, 34.433867614000064 ], [ 69.156006752000053, 34.434380166000039 ], [ 69.156255515000055, 34.434995435000076 ], [ 69.156504665000057, 34.435815779000052 ], [ 69.156877056000042, 34.436328216000049 ], [ 69.157125640000061, 34.436840810000035 ], [ 69.157374227000048, 34.437353404000078 ], [ 69.157746630000076, 34.43786583800005 ], [ 69.158119039000042, 34.438378316000069 ], [ 69.158491451000032, 34.438890748000063 ], [ 69.159111501000041, 34.439402901000051 ], [ 69.159607796000046, 34.439915123000048 ], [ 69.160103847000073, 34.440324805000046 ], [ 69.160476281000058, 34.440837230000056 ], [ 69.161096160000056, 34.441246746000047 ], [ 69.161715848000028, 34.441553676000069 ], [ 69.162335739000071, 34.441963140000041 ], [ 69.162955238000052, 34.442167572000074 ], [ 69.163574939000057, 34.442474492000031 ], [ 69.164194499000075, 34.442678827000066 ], [ 69.164937829000053, 34.442882992000079 ], [ 69.165557341000067, 34.443087320000075 ], [ 69.166300474000082, 34.443188939000038 ], [ 69.167043813000078, 34.44339304600004 ], [ 69.167910828000061, 34.443494442000031 ], [ 69.168901873000038, 34.443698242000039 ], [ 69.169644962000064, 34.443799796000064 ], [ 69.170264492000058, 34.444004100000029 ], [ 69.171131880000075, 34.444310637000058 ], [ 69.171751417000053, 34.44451493300005 ], [ 69.172371379000083, 34.444924391000029 ], [ 69.172991135000075, 34.445231264000029 ], [ 69.173610738000036, 34.44543555100006 ], [ 69.174477940000031, 34.445639482000047 ], [ 69.175221321000038, 34.445843629000024 ], [ 69.175964705000069, 34.446047726000074 ], [ 69.176584322000053, 34.446251998000037 ], [ 69.177204049000068, 34.446558895000067 ], [ 69.177947498000037, 34.446762935000038 ], [ 69.178567507000082, 34.447172361000071 ], [ 69.179187302000059, 34.447479202000068 ], [ 69.179683493000084, 34.447888804000058 ], [ 69.180179689000056, 34.44829840400007 ], [ 69.180552280000029, 34.448810767000055 ], [ 69.181048707000059, 34.449322945000063 ], [ 69.181544918000043, 34.449732585000049 ], [ 69.182165075000057, 34.450141992000056 ], [ 69.182661242000052, 34.45055158200006 ], [ 69.183281301000079, 34.450960984000062 ], [ 69.18377775700003, 34.451473151000073 ], [ 69.18427399400008, 34.451882734000037 ], [ 69.184646627000063, 34.452395084000045 ], [ 69.185143100000062, 34.452907200000027 ], [ 69.185391905000074, 34.453419825000026 ], [ 69.185640941000031, 34.454034942000078 ], [ 69.185766196000031, 34.454650246000028 ], [ 69.186016041000073, 34.455357211000035 ], [ 69.186555574000067, 34.455564620000075 ], [ 69.187143871000046, 34.455766586000038 ], [ 69.187683035000077, 34.455928043000029 ], [ 69.188173300000074, 34.456130199000029 ], [ 69.188663621000046, 34.456332309000061 ], [ 69.189154036000048, 34.456574998000065 ], [ 69.189608365000083, 34.456914597000036 ], [ 69.190134821000072, 34.457060371000068 ], [ 69.190673999000069, 34.457221859000072 ], [ 69.191213232000052, 34.45738330000006 ], [ 69.191752321000081, 34.457504202000052 ], [ 69.192291598000054, 34.457706220000034 ], [ 69.192782086000079, 34.457948895000072 ], [ 69.19332122000003, 34.458110371000032 ], [ 69.193860277000056, 34.45819063700003 ], [ 69.19435057000004, 34.458392768000067 ], [ 69.194987751000042, 34.458554037000056 ], [ 69.195576090000031, 34.458755962000055 ], [ 69.196066160000044, 34.458836341000051 ], [ 69.196408775000066, 34.458714 ], [ 69.196702341000048, 34.458591872000056 ], [ 69.196996015000082, 34.458469653000066 ], [ 69.197289634000072, 34.458347478000064 ], [ 69.197583157000054, 34.45818467600003 ], [ 69.197876679000046, 34.458021919000032 ], [ 69.19817019900006, 34.457859115000076 ], [ 69.199002104000044, 34.457492616000025 ], [ 69.199344709000059, 34.45737031200008 ], [ 69.199687313000084, 34.457248052000068 ], [ 69.200078812000072, 34.457085038000059 ], [ 69.200421511000059, 34.457003358000065 ], [ 69.200715120000041, 34.456881175000035 ], [ 69.201351328000044, 34.456636682000067 ], [ 69.201644934000058, 34.456514452000079 ], [ 69.201938539000082, 34.45639226600008 ], [ 69.202281332000041, 34.456351118000043 ], [ 69.202575044000071, 34.45622888500003 ], [ 69.202868495000075, 34.456066116000045 ], [ 69.203161999000031, 34.455903300000045 ], [ 69.203553441000054, 34.455699784000046 ], [ 69.203846887000054, 34.455537012000036 ], [ 69.204140486000028, 34.455414776000055 ], [ 69.204580959000054, 34.455251757000042 ], [ 69.204874457000074, 34.455088937000028 ], [ 69.205167953000057, 34.454926162000049 ], [ 69.205461548000073, 34.454803923000043 ], [ 69.205705952000073, 34.454600647000063 ], [ 69.205950309000059, 34.454356788000041 ], [ 69.206275363000032, 34.454057151000029 ], [ 69.206365958000049, 34.453842635000058 ] ] ] ] } },
{ "type": "Feature", "properties": { "OBJECTID": 2, "OID_": 0, "SHAPE_LENG": 47999.324237499997, "PD_NR": 22, "AREA_KM_2": 79.026554030499994, "QUARTER": "SE", "Area": 0.0, "Flood_Area": 0.0, "Flooded_Ur": 0.0, "Total_Dama": 0.0, "Damage_Red": 4875.01960229, "Area_1": 0.0, "نام_ن": "ناحیه بیست ودوم", "Shape_Le_1": 0.49027609553000001, "Shape_Area": 0.00775890454 }, "geometry": { "type": "MultiPolygon", "coordinates": [ [ [ [ 69.197475018000034, 34.434511782000072 ], [ 69.197871777000046, 34.434730014000024 ], [ 69.19854056500003, 34.434936530000073 ], [ 69.19918154700008, 34.435143178000033 ], [ 69.19976713300008, 34.435465212000054 ], [ 69.200018956000065, 34.435972393000043 ], [ 69.199518603000058, 34.436342373000059 ], [ 69.199074084000074, 34.436781475000032 ], [ 69.198991803000069, 34.437335420000068 ], [ 69.199104576000082, 34.43791199900005 ], [ 69.199245106000035, 34.438442449000036 ], [ 69.199357772000042, 34.438995987000055 ], [ 69.199470495000071, 34.439549569000064 ], [ 69.199471866000067, 34.440126374000045 ], [ 69.199584591000075, 34.440679956000054 ], [ 69.199725074000071, 34.441210405000049 ], [ 69.199809881000078, 34.441763987000058 ], [ 69.199978343000055, 34.442294391000075 ], [ 69.200313678000043, 34.442778347000058 ], [ 69.200788021000051, 34.443169818000058 ], [ 69.201221773000043, 34.44356455500008 ], [ 69.201632855000071, 34.444036434000054 ], [ 69.202026072000081, 34.444478761000028 ], [ 69.202348009000048, 34.44495078500006 ], [ 69.202687857000058, 34.445422733000044 ], [ 69.203045417000055, 34.445879906000073 ], [ 69.203527572000041, 34.446248266000055 ], [ 69.204098707000071, 34.446542616000045 ], [ 69.204598633000046, 34.446896197000058 ], [ 69.205027459000064, 34.447308920000069 ], [ 69.205278193000083, 34.447810590000074 ], [ 69.205493369000067, 34.448327064000068 ], [ 69.206046671000081, 34.448621435000064 ], [ 69.206706134000058, 34.448590787000057 ], [ 69.207347560000073, 34.448486352000032 ], [ 69.208006911000041, 34.448411373000056 ], [ 69.208400128000051, 34.44885372400006 ], [ 69.20854405800003, 34.449385059000065 ], [ 69.208295738000061, 34.44988757200008 ], [ 69.207868986000051, 34.450301740000043 ], [ 69.207299290000037, 34.450583264000045 ], [ 69.206692682000039, 34.450377548000063 ], [ 69.206174909000083, 34.450038796000058 ], [ 69.205532855000058, 34.449892248000026 ], [ 69.205338057000063, 34.450409365000041 ], [ 69.205214546000036, 34.450941198000066 ], [ 69.204948401000081, 34.451443644000051 ], [ 69.205306054000062, 34.451900855000076 ], [ 69.20566365600007, 34.45235801900003 ], [ 69.205896700000039, 34.452874462000068 ], [ 69.206076275000044, 34.453405739000061 ], [ 69.206365958000049, 34.453842635000058 ], [ 69.206737677000035, 34.453859592000072 ], [ 69.207051537000041, 34.453988878000075 ], [ 69.207365215000038, 34.454066309000041 ], [ 69.207710120000058, 34.454091696000035 ], [ 69.208054960000084, 34.454091110000036 ], [ 69.208399671000052, 34.454038578000052 ], [ 69.208744446000082, 34.454012017000025 ], [ 69.209089286000051, 34.454011428000058 ], [ 69.209402967000074, 34.454088809000041 ], [ 69.209716842000034, 34.454244061000054 ], [ 69.20996813000005, 34.454425392000076 ], [ 69.210219375000065, 34.454632740000079 ], [ 69.210408087000076, 34.454866123000045 ], [ 69.210534101000064, 34.455125586000065 ], [ 69.210628817000043, 34.455385102000037 ], [ 69.210629534000077, 34.455670753000049 ], [ 69.210630251000055, 34.455956405000052 ], [ 69.210631034000073, 34.456268028000068 ], [ 69.210569041000042, 34.456553787000075 ], [ 69.210507102000065, 34.456839546000026 ], [ 69.210445109000034, 34.457125305000034 ], [ 69.210445825000079, 34.457410956000047 ], [ 69.210540489000039, 34.457670473000064 ], [ 69.210791854000036, 34.457877774000053 ], [ 69.211128832000043, 34.457818620000069 ], [ 69.211449817000073, 34.457720848000065 ], [ 69.211762989000079, 34.457590444000061 ], [ 69.212076148000051, 34.457434111000055 ], [ 69.212357843000063, 34.457277787000066 ], [ 69.21267094600006, 34.45712145300007 ], [ 69.212984113000061, 34.456991001000063 ], [ 69.213328845000035, 34.456964472000038 ], [ 69.213673817000029, 34.456989797000062 ], [ 69.213987579000047, 34.45709318300004 ], [ 69.214332564000074, 34.457144524000057 ], [ 69.214677550000033, 34.457195864000028 ], [ 69.214897568000083, 34.457403212000031 ], [ 69.214898300000073, 34.457688863000044 ], [ 69.21486767600004, 34.457974524000065 ], [ 69.214805751000029, 34.45826033000003 ], [ 69.214586860000054, 34.458494421000069 ], [ 69.214305178000075, 34.458676678000074 ], [ 69.214023374000078, 34.458833006000077 ], [ 69.213804467000045, 34.459041124000066 ], [ 69.213585625000064, 34.459275214000058 ], [ 69.213460862000034, 34.459535111000037 ], [ 69.213743409000074, 34.459690453000064 ], [ 69.214057248000074, 34.459819721000031 ], [ 69.214402244000041, 34.459871061000058 ], [ 69.21474710800004, 34.459870456000033 ], [ 69.215123394000045, 34.459895767000035 ], [ 69.215468325000074, 34.459921132000034 ], [ 69.215813389000061, 34.459998440000049 ], [ 69.216158455000084, 34.460075748000065 ], [ 69.216534876000082, 34.46015295400008 ], [ 69.216848586000083, 34.460230271000057 ], [ 69.217131142000028, 34.460385604000066 ], [ 69.217382532000045, 34.460592937000058 ], [ 69.217508577000046, 34.460852392000049 ], [ 69.217634677000035, 34.461111847000041 ], [ 69.217760845000043, 34.461397275000024 ], [ 69.217918249000036, 34.461656674000039 ], [ 69.21810705300004, 34.461890044000029 ], [ 69.218233047000069, 34.462149499000077 ], [ 69.218359152000062, 34.462408953000079 ], [ 69.218547849000061, 34.462642368000047 ], [ 69.218861706000041, 34.462771624000027 ], [ 69.219175021000069, 34.46269314500006 ], [ 69.219425403000059, 34.462510934000079 ], [ 69.219581455000082, 34.462250974000028 ], [ 69.21976898500003, 34.462016930000061 ], [ 69.219925034000028, 34.461756970000067 ], [ 69.220206783000037, 34.461600628000042 ], [ 69.220488585000055, 34.461444375000042 ], [ 69.220801756000071, 34.461313903000075 ], [ 69.221052076000035, 34.46113168800008 ], [ 69.22123954500006, 34.460897642000077 ], [ 69.22145837000005, 34.460663494000073 ], [ 69.22170867300008, 34.460455350000075 ], [ 69.221802055000069, 34.460195456000065 ], [ 69.221863943000074, 34.45988372000005 ], [ 69.222051407000038, 34.459649672000069 ], [ 69.222396339000056, 34.459675017000052 ], [ 69.22267890300003, 34.459830293000039 ], [ 69.222867730000075, 34.460089628000048 ], [ 69.222962504000066, 34.460375108000051 ], [ 69.223119977000067, 34.460634545000062 ], [ 69.223340040000039, 34.460867850000056 ], [ 69.223591446000057, 34.461075125000036 ], [ 69.223780155000043, 34.461308487000053 ], [ 69.224125163000053, 34.461359800000025 ], [ 69.224469948000035, 34.461307222000073 ], [ 69.224782989000062, 34.461150857000064 ], [ 69.22500192800004, 34.460942675000069 ], [ 69.225220742000033, 34.460708565000061 ], [ 69.225439625000035, 34.460500427000056 ], [ 69.225658615000043, 34.460292288000062 ], [ 69.22587744100008, 34.460084104000032 ], [ 69.226096321000057, 34.459875965000037 ], [ 69.226378106000084, 34.459719654000025 ], [ 69.226691402000029, 34.459641156000032 ], [ 69.227067269000031, 34.45951059600003 ], [ 69.227317570000082, 34.459328369000048 ], [ 69.227567871000076, 34.459146141000076 ], [ 69.227786743000081, 34.458937954000078 ], [ 69.227974243000062, 34.458703942000056 ], [ 69.228130261000047, 34.458443926000029 ], [ 69.228317688000061, 34.458183942000062 ], [ 69.228599409000083, 34.458027581000067 ], [ 69.228912555000079, 34.457897132000028 ], [ 69.229225842000062, 34.457818628000041 ], [ 69.229570626000054, 34.457792008000069 ], [ 69.22988433900008, 34.457869336000044 ], [ 69.230229265000048, 34.457894660000079 ], [ 69.230574192000063, 34.457919982000078 ], [ 69.230856819000053, 34.458075238000049 ], [ 69.230982902000051, 34.458334725000043 ], [ 69.231077827000036, 34.45864612500003 ], [ 69.231141326000056, 34.458931657000051 ], [ 69.231204825000077, 34.459217144000036 ], [ 69.231205612000053, 34.459502840000027 ], [ 69.231363055000031, 34.459762266000041 ], [ 69.231583067000031, 34.459969584000078 ], [ 69.231928074000052, 34.460020875000055 ], [ 69.232241205000037, 34.45986444600004 ], [ 69.232428568000046, 34.459604410000054 ], [ 69.232647375000056, 34.459396260000062 ], [ 69.232897772000058, 34.459213930000033 ], [ 69.233211006000033, 34.459135506000052 ], [ 69.23355577600006, 34.459082903000024 ], [ 69.233869063000043, 34.45900438700005 ], [ 69.234213923000084, 34.459003726000049 ], [ 69.234559001000036, 34.459080982000046 ], [ 69.234872941000049, 34.459236169000064 ], [ 69.235114663000047, 34.459495294000078 ], [ 69.235469178000073, 34.459442802000069 ], [ 69.23581396700007, 34.45941616500005 ], [ 69.236065345000043, 34.459623414000077 ], [ 69.23628549600005, 34.459856696000031 ], [ 69.236599442000056, 34.460011924000071 ], [ 69.236882107000042, 34.460193093000044 ], [ 69.237164773000075, 34.460374352000031 ], [ 69.237447367000073, 34.460529638000025 ], [ 69.237761299000056, 34.460658846000058 ], [ 69.238075251000055, 34.460814069000037 ], [ 69.238389205000033, 34.460969247000037 ], [ 69.238671877000058, 34.461150503000056 ], [ 69.238923193000062, 34.46133177400003 ], [ 69.239205867000067, 34.461512983000034 ], [ 69.239551256000084, 34.461694114000068 ], [ 69.239896201000079, 34.461719410000057 ], [ 69.240209492000076, 34.461640877000036 ], [ 69.24039696300008, 34.461406847000035 ], [ 69.240458858000068, 34.461121028000036 ], [ 69.240552128000047, 34.46086116500004 ], [ 69.240770973000053, 34.460652955000057 ], [ 69.240927009000075, 34.460392968000065 ], [ 69.241177262000065, 34.460184695000066 ], [ 69.24149054600008, 34.460106204000056 ], [ 69.241835485000081, 34.460131495000041 ], [ 69.242055524000079, 34.460338794000052 ], [ 69.242275564000067, 34.460546138000041 ], [ 69.242589503000033, 34.460675332000051 ], [ 69.242840827000066, 34.460856640000031 ], [ 69.243123433000051, 34.461011868000071 ], [ 69.243374758000073, 34.461193130000026 ], [ 69.243657442000028, 34.461374374000059 ], [ 69.244002235000039, 34.461347714000055 ], [ 69.244346953000047, 34.46129508100006 ], [ 69.244660238000051, 34.461216537000041 ], [ 69.245004652000034, 34.461060057000054 ], [ 69.245286405000058, 34.460903658000063 ], [ 69.245599557000048, 34.460799184000052 ], [ 69.245912741000041, 34.46066869200007 ], [ 69.246257379000042, 34.460590126000056 ], [ 69.246602397000061, 34.460641331000033 ], [ 69.246822449000035, 34.460848666000061 ], [ 69.246791934000044, 34.461134380000033 ], [ 69.246604535000074, 34.461368465000078 ], [ 69.246511174000034, 34.461628332000032 ], [ 69.246449354000049, 34.461914064000041 ], [ 69.246418837000078, 34.462199822000059 ], [ 69.246419676000073, 34.462485472000026 ], [ 69.246639787000049, 34.462692763000064 ], [ 69.246953610000048, 34.462796019000052 ], [ 69.247205026000074, 34.463003245000039 ], [ 69.247518928000034, 34.463132517000076 ], [ 69.247863804000076, 34.463131818000079 ], [ 69.248208527000031, 34.46307912900005 ], [ 69.248458792000065, 34.462896814000032 ], [ 69.248709111000039, 34.462714543000061 ], [ 69.248959375000084, 34.462532271000043 ], [ 69.249209637000035, 34.462349954000047 ], [ 69.249554356000033, 34.462297351000075 ], [ 69.249899151000079, 34.462270674000024 ], [ 69.250244179000049, 34.46232186800006 ], [ 69.250526881000042, 34.462503096000034 ], [ 69.250747002000082, 34.462710380000033 ], [ 69.250904510000055, 34.462969736000048 ], [ 69.251030717000049, 34.463229156000068 ], [ 69.251156924000043, 34.463488576000032 ], [ 69.251377072000082, 34.463721875000033 ], [ 69.251628424000046, 34.463903120000055 ], [ 69.251879831000053, 34.46408436400003 ], [ 69.252193744000067, 34.464213579000045 ], [ 69.25272663800007, 34.464186506000033 ], [ 69.253071440000042, 34.464159775000041 ], [ 69.253384728000071, 34.464081254000064 ], [ 69.253760887000055, 34.464054501000078 ], [ 69.254105767000055, 34.464053785000033 ], [ 69.254435047000072, 34.464079072000061 ], [ 69.254702085000076, 34.464260323000076 ], [ 69.255016003000037, 34.464389531000052 ], [ 69.255330055000059, 34.464544665000062 ], [ 69.255643896000038, 34.464647854000077 ], [ 69.25595781700008, 34.464777059000028 ], [ 69.256240460000072, 34.464932256000054 ], [ 69.256460547000074, 34.465139574000034 ], [ 69.256680689000063, 34.465346846000045 ], [ 69.256869579000067, 34.465606128000047 ], [ 69.257089724000082, 34.465813400000059 ], [ 69.257341094000083, 34.465994678000072 ], [ 69.257655077000038, 34.466123879000065 ], [ 69.257999991000077, 34.466149078000058 ], [ 69.258344879000049, 34.466148350000026 ], [ 69.258689768000067, 34.466147621000061 ], [ 69.25903465600004, 34.466146890000061 ], [ 69.259379545000058, 34.466146159000061 ], [ 69.259724433000031, 34.466145427000072 ], [ 69.260069161000047, 34.46609274900004 ], [ 69.260382503000073, 34.466014165000047 ], [ 69.260727336000059, 34.466013430000032 ], [ 69.261103583000079, 34.466012626000065 ], [ 69.261448552000047, 34.466037862000064 ], [ 69.26176240500007, 34.466141080000057 ], [ 69.262076341000068, 34.466270269000063 ], [ 69.262390278000055, 34.466399412000044 ], [ 69.262610384000084, 34.466606674000047 ], [ 69.262955763000036, 34.466761766000047 ], [ 69.263269594000064, 34.466839008000079 ], [ 69.263583453000081, 34.466942176000032 ], [ 69.263897313000029, 34.467045388000031 ], [ 69.264179978000072, 34.467200567000077 ], [ 69.264462645000037, 34.467355790000056 ], [ 69.264745312000059, 34.467510968000056 ], [ 69.26505934000005, 34.467666122000026 ], [ 69.265373286000056, 34.467795257000034 ], [ 69.26568737000008, 34.467950410000071 ], [ 69.266001319000054, 34.468079544000034 ], [ 69.266315268000028, 34.468208722000043 ], [ 69.266629219000038, 34.468337855000073 ], [ 69.266974530000084, 34.468466963000026 ], [ 69.267257205000078, 34.468622135000032 ], [ 69.267571159000056, 34.468751310000073 ], [ 69.267916141000057, 34.468776526000056 ], [ 69.268261040000084, 34.468775770000036 ], [ 69.268605939000054, 34.468775013000027 ], [ 69.26895083800008, 34.468774254000039 ], [ 69.26929573700005, 34.46877349500005 ], [ 69.269609527000057, 34.468850675000056 ], [ 69.269860933000075, 34.46903192700006 ], [ 69.27014375400006, 34.46921306400003 ], [ 69.270395163000046, 34.469394315000045 ], [ 69.270552744000042, 34.469653645000051 ], [ 69.270647662000044, 34.469913114000065 ], [ 69.270711304000031, 34.470198624000034 ], [ 69.270868888000052, 34.47045795400004 ], [ 69.270932531000028, 34.470743464000066 ], [ 69.270933454000044, 34.471029113000043 ], [ 69.271059735000051, 34.471288512000058 ], [ 69.271373620000077, 34.47139170500003 ], [ 69.271686917000068, 34.471313092000059 ], [ 69.271968600000037, 34.471156631000042 ], [ 69.272281811000028, 34.471052089000068 ], [ 69.27259510600004, 34.470973474000061 ], [ 69.272908370000039, 34.470868885000073 ], [ 69.273284075000049, 34.470712257000059 ], [ 69.273502918000077, 34.470504033000054 ], [ 69.27384790900004, 34.470529233000036 ], [ 69.274161880000065, 34.47065834600005 ], [ 69.274444661000075, 34.470839473000069 ], [ 69.274727359000053, 34.470994672000074 ], [ 69.275041418000058, 34.471149755000056 ], [ 69.275355478000051, 34.471304883000073 ], [ 69.275387776000059, 34.471590416000026 ], [ 69.275326048000068, 34.471876251000026 ], [ 69.275201458000083, 34.472136210000031 ], [ 69.274982670000043, 34.47234448200004 ], [ 69.274732380000046, 34.472526806000076 ], [ 69.274450782000031, 34.472709200000054 ], [ 69.274200544000053, 34.472891523000044 ], [ 69.273918859000048, 34.473047989000065 ], [ 69.273605643000053, 34.473152535000054 ], [ 69.273260641000036, 34.473127335000072 ], [ 69.272915724000029, 34.473128105000058 ], [ 69.272602452000058, 34.473232694000046 ], [ 69.272477906000063, 34.473492650000026 ], [ 69.272447473000057, 34.473778369000058 ], [ 69.272605070000054, 34.474037696000039 ], [ 69.27295007500004, 34.474062899000046 ], [ 69.273294995000072, 34.474062128000071 ], [ 69.273640001000047, 34.474087374000078 ], [ 69.273985006000032, 34.474112528000035 ], [ 69.274329958000067, 34.474137727000027 ], [ 69.274675018000039, 34.474162924000041 ], [ 69.274988973000063, 34.474266062000027 ], [ 69.275302959000044, 34.474395217000051 ], [ 69.275648138000065, 34.474472357000025 ], [ 69.275930850000066, 34.474627508000026 ], [ 69.27618228700004, 34.474808747000054 ], [ 69.276402449000045, 34.475015983000048 ], [ 69.276622752000037, 34.475249190000056 ], [ 69.276717726000072, 34.475534626000069 ], [ 69.276593190000028, 34.475794587000053 ], [ 69.276374395000062, 34.476002816000062 ], [ 69.276061287000061, 34.476159357000029 ], [ 69.275747977000037, 34.476237982000043 ], [ 69.27549773100003, 34.476420307000069 ], [ 69.275310380000064, 34.476654436000047 ], [ 69.275311318000035, 34.476940084000034 ], [ 69.275312256000063, 34.477225733000068 ], [ 69.275470295000048, 34.477614917000039 ], [ 69.275659239000049, 34.477848152000035 ], [ 69.275879408000037, 34.478055434000055 ], [ 69.27603902900006, 34.478295634000062 ], [ 69.276111854000078, 34.478567773000066 ], [ 69.276215470000068, 34.47883132100003 ], [ 69.276370432000078, 34.47907775300007 ], [ 69.276494549000063, 34.479332777000025 ], [ 69.276680275000047, 34.479562094000073 ], [ 69.276835239000036, 34.479808526000056 ], [ 69.276897776000055, 34.480080643000065 ], [ 69.276806190000059, 34.480344677000062 ], [ 69.276539589000038, 34.48052393100005 ], [ 69.276221303000057, 34.480601260000071 ], [ 69.275892444000078, 34.480576481000071 ], [ 69.27556356000008, 34.480577223000068 ], [ 69.27523461800007, 34.480543921000049 ], [ 69.274895579000031, 34.480553206000025 ], [ 69.274742265000043, 34.480808810000042 ], [ 69.27482535200005, 34.481072405000077 ], [ 69.27493923000003, 34.481327453000063 ], [ 69.275135165000052, 34.481548228000065 ], [ 69.275443806000055, 34.481649664000031 ], [ 69.275772808000056, 34.481700010000054 ], [ 69.276091631000043, 34.481784331000028 ], [ 69.27630812600006, 34.481996581000033 ], [ 69.276421983000034, 34.48226010500008 ], [ 69.276433173000044, 34.482532383000034 ], [ 69.27630047100007, 34.482796465000035 ], [ 69.276095668000039, 34.483009666000044 ], [ 69.27582900200008, 34.483171964000064 ], [ 69.275572681000028, 34.483351192000043 ], [ 69.275347430000068, 34.483589960000074 ], [ 69.275214641000048, 34.483845519000056 ], [ 69.275143602000071, 34.484118027000079 ], [ 69.275123941000061, 34.484398852000027 ], [ 69.275094069000033, 34.484671223000078 ], [ 69.275094963000072, 34.484943525000062 ], [ 69.275095857000053, 34.485215826000058 ], [ 69.275086459000079, 34.485488151000027 ], [ 69.275097645000073, 34.485760429000038 ], [ 69.275201741000046, 34.48616862800003 ], [ 69.275315628000044, 34.486423675000026 ], [ 69.275460337000084, 34.48667860900008 ], [ 69.275635785000077, 34.486907951000035 ], [ 69.275698324000075, 34.487180113000079 ], [ 69.275884065000071, 34.487409432000049 ], [ 69.275792468000077, 34.487673420000078 ], [ 69.275618615000042, 34.487946115000057 ], [ 69.27550648700003, 34.488210150000043 ], [ 69.275517620000073, 34.488482428000054 ], [ 69.275611009000045, 34.488745999000059 ], [ 69.275735138000073, 34.489001023000071 ], [ 69.275931203000084, 34.489221841000074 ], [ 69.276198873000055, 34.489391364000028 ], [ 69.276466654000046, 34.489560976000064 ], [ 69.276631847000033, 34.489798862000043 ], [ 69.276622508000059, 34.49007118600008 ], [ 69.276581271000055, 34.490347822000047 ], [ 69.276524608000045, 34.490620208000053 ], [ 69.276509105000059, 34.49090616400008 ], [ 69.276559343000031, 34.491178353000066 ], [ 69.276716415000067, 34.491429875000051 ], [ 69.276873411000054, 34.491674588000024 ], [ 69.27700586900005, 34.491926165000052 ], [ 69.277154589000077, 34.492170896000061 ], [ 69.277336235000064, 34.492408744000045 ], [ 69.277468641000041, 34.492660320000027 ], [ 69.277535307000051, 34.492925663000051 ], [ 69.277536209000061, 34.493197964000046 ], [ 69.277496017000033, 34.493477122000058 ], [ 69.27752158900006, 34.493749368000067 ], [ 69.277571778000038, 34.494021557000053 ], [ 69.277622066000049, 34.494307363000075 ], [ 69.277631192000058, 34.494579645000044 ], [ 69.277549891000035, 34.494845325000028 ], [ 69.277493228000083, 34.495117711000034 ], [ 69.277431761000059, 34.495386592000045 ], [ 69.279308385000036, 34.495338669000034 ], [ 69.281985389000056, 34.495346679000079 ], [ 69.28476506800007, 34.495439026000042 ], [ 69.288277945000061, 34.495557855000072 ], [ 69.302721985000062, 34.496059368000033 ], [ 69.30550175500008, 34.496179516000041 ], [ 69.30637138600008, 34.496191452000062 ], [ 69.309457899000051, 34.496254241000031 ], [ 69.314863899000045, 34.496466334000047 ], [ 69.320037940000077, 34.496641371000067 ], [ 69.321838736000075, 34.496702248000076 ], [ 69.327654014000075, 34.496912697000027 ], [ 69.328158778000045, 34.496929243000068 ], [ 69.337634262000051, 34.497232815000075 ], [ 69.343307051000068, 34.497394755000073 ], [ 69.348326695000083, 34.497596398000042 ], [ 69.34934830800006, 34.497637399000041 ], [ 69.350417040000082, 34.497680331000026 ], [ 69.360795409000048, 34.497986413000035 ], [ 69.362185571000055, 34.497999930000049 ], [ 69.365172156000028, 34.498141598000075 ], [ 69.368034536000039, 34.498224724000067 ], [ 69.369382618000031, 34.498266514000079 ], [ 69.370361382000056, 34.498294122000061 ], [ 69.371063288000073, 34.498353135000059 ], [ 69.371949888000074, 34.498426868000024 ], [ 69.372948088000044, 34.498464542000079 ], [ 69.373310871000058, 34.498490218000029 ], [ 69.373468824000042, 34.497149102000037 ], [ 69.373965250000083, 34.495478916000025 ], [ 69.373792330000072, 34.494366970000044 ], [ 69.373118040000065, 34.493812838000053 ], [ 69.372611710000058, 34.493258145000027 ], [ 69.372106059000032, 34.492842507000034 ], [ 69.371433026000034, 34.49256648100004 ], [ 69.370760613000073, 34.492429464000054 ], [ 69.369919693000043, 34.492153893000079 ], [ 69.369290596000042, 34.491958795000073 ], [ 69.368573711000067, 34.491601722000041 ], [ 69.367731531000061, 34.491048067000065 ], [ 69.367058472000053, 34.490771971000072 ], [ 69.366048475000071, 34.490218807000076 ], [ 69.365375482000047, 34.489942657000029 ], [ 69.364534, 34.489528037000071 ], [ 69.363692472000082, 34.489113365000037 ], [ 69.363019002000044, 34.488698189000047 ], [ 69.362345376000064, 34.488283009000043 ], [ 69.361335385000075, 34.487729806000061 ], [ 69.360661830000083, 34.487314617000038 ], [ 69.359988281000028, 34.486899424000057 ], [ 69.359482134000075, 34.486344720000034 ], [ 69.358472131000042, 34.485791448000043 ], [ 69.357125733000032, 34.485100091000049 ], [ 69.355778712000074, 34.484269707000067 ], [ 69.354936156000065, 34.483576858000049 ], [ 69.354261489000066, 34.482883561000051 ], [ 69.35375599200006, 34.482467846000077 ], [ 69.352410216000067, 34.481915540000045 ], [ 69.351400367000053, 34.481362208000064 ], [ 69.350726912000084, 34.480946963000065 ], [ 69.350221389000069, 34.480531233000079 ], [ 69.349210992000053, 34.479838870000037 ], [ 69.348704904000044, 34.479284076000056 ], [ 69.347862457000076, 34.478591222000034 ], [ 69.347187313000063, 34.477758782000024 ], [ 69.346849171000031, 34.477203547000045 ], [ 69.346343169000079, 34.476648742000066 ], [ 69.346005037000054, 34.476093460000072 ], [ 69.345666910000034, 34.475538221000079 ], [ 69.345496701000059, 34.474982462000071 ], [ 69.345158009000045, 34.474288164000029 ], [ 69.344987807000052, 34.473732404000032 ], [ 69.344817607000039, 34.473176644000034 ], [ 69.344647409000061, 34.472620929000072 ], [ 69.344308217000048, 34.471787524000035 ], [ 69.344137454000077, 34.471092750000025 ], [ 69.344134030000077, 34.470258398000055 ], [ 69.343963842000051, 34.469702637000069 ], [ 69.343961561000071, 34.46914644800006 ], [ 69.343790807000062, 34.468451627000036 ], [ 69.343788526000083, 34.467895393000049 ], [ 69.343617206000033, 34.467061558000069 ], [ 69.343446460000052, 34.46636678200008 ], [ 69.343444181000052, 34.465810547000046 ], [ 69.343274008000037, 34.465254784000024 ], [ 69.343101561000083, 34.464142831000061 ], [ 69.343097010000065, 34.46303040600003 ], [ 69.343093028000055, 34.462056995000069 ], [ 69.342921727000032, 34.461223159000042 ], [ 69.342918885000074, 34.460527865000074 ], [ 69.342748726000082, 34.459972146000041 ], [ 69.342746453000075, 34.459415910000075 ], [ 69.342576352000037, 34.458860145000074 ], [ 69.342570672000079, 34.45746960200006 ], [ 69.34239933300006, 34.456635764000055 ], [ 69.342394224000031, 34.455384279000043 ], [ 69.342389684000068, 34.454271808000044 ], [ 69.342384576000029, 34.453020322000043 ], [ 69.342380036000066, 34.45190789600008 ], [ 69.342376064000064, 34.450934528000062 ], [ 69.342372092000062, 34.449961114000075 ], [ 69.34236982300007, 34.449404923000031 ], [ 69.342366986000059, 34.448709628000074 ], [ 69.342029048000029, 34.448154331000069 ], [ 69.341355907000036, 34.447739075000072 ], [ 69.340683391000084, 34.447462830000063 ], [ 69.34001138900004, 34.447325640000031 ], [ 69.339338826000073, 34.44704938700005 ], [ 69.338667445000056, 34.447051248000037 ], [ 69.337995449000061, 34.446914047000064 ], [ 69.337324015000036, 34.446915901000068 ], [ 69.336316917000033, 34.446918675000063 ], [ 69.335606060000032, 34.446916706000025 ], [ 69.33480624300006, 34.446922821000044 ], [ 69.33379909100006, 34.44692557500008 ], [ 69.333127710000042, 34.446927406000043 ], [ 69.332456275000084, 34.446929234000038 ], [ 69.331448573000046, 34.446792909000067 ], [ 69.330777193000074, 34.446794727000054 ], [ 69.329601637000053, 34.446658841000044 ], [ 69.328257737000058, 34.446384379000051 ], [ 69.327585275000047, 34.446108061000075 ], [ 69.32652396900005, 34.445577608000065 ], [ 69.325440840000056, 34.44449731900005 ], [ 69.324921139000082, 34.444069524000042 ], [ 69.324401497000053, 34.443641727000056 ], [ 69.323777847000031, 34.443128395000031 ], [ 69.323361459000068, 34.442614511000045 ], [ 69.323255572000051, 34.44201399800005 ], [ 69.323046337000051, 34.441499475000057 ], [ 69.322733587000073, 34.440985316000024 ], [ 69.32221293300006, 34.440300042000047 ], [ 69.321900138000046, 34.439785835000066 ], [ 69.321379224000054, 34.439014704000044 ], [ 69.32106611100005, 34.43841468800008 ], [ 69.320753331000049, 34.437900523000053 ], [ 69.320233694000081, 34.43747270700004 ], [ 69.319714445000045, 34.437130742000079 ], [ 69.319091524000044, 34.436789045000069 ], [ 69.318572283000037, 34.436447030000068 ], [ 69.31794904700007, 34.436019520000059 ], [ 69.317325548000042, 34.435506108000027 ], [ 69.316909562000035, 34.435078055000076 ], [ 69.316285698000058, 34.434478830000046 ], [ 69.315869722000059, 34.434050728000045 ], [ 69.315453751000064, 34.433622624000066 ], [ 69.315036817000077, 34.432937050000078 ], [ 69.314724094000042, 34.432422779000035 ], [ 69.314514025000051, 34.431650863000073 ], [ 69.314304603000039, 34.431050561000063 ], [ 69.313991570000042, 34.430450570000062 ], [ 69.313782475000039, 34.429936075000057 ], [ 69.313573383000062, 34.429421625000032 ], [ 69.313571139000032, 34.428820791000078 ], [ 69.31346491100004, 34.428134414000056 ], [ 69.313255559000083, 34.427534110000067 ], [ 69.312942922000047, 34.427019879000056 ], [ 69.312526627000068, 34.426505957000074 ], [ 69.312007476000076, 34.426163958000075 ], [ 69.311384350000083, 34.425736322000034 ], [ 69.310864837000054, 34.425308511000026 ], [ 69.310448934000078, 34.424880389000066 ], [ 69.309929748000059, 34.424538381000048 ], [ 69.309307647000082, 34.424368293000043 ], [ 69.308685549000074, 34.42419820300006 ], [ 69.307960164000065, 34.424114178000025 ], [ 69.307235094000077, 34.424116001000073 ], [ 69.306510024000033, 34.424117820000049 ], [ 69.305784953000057, 34.424119635000068 ], [ 69.305060507000064, 34.424293152000075 ], [ 69.30443966200005, 34.424466361000043 ], [ 69.303818815000056, 34.424639567000042 ], [ 69.303198531000078, 34.424984431000041 ], [ 69.302473453000061, 34.424986227000034 ], [ 69.30164482400005, 34.424988273000054 ], [ 69.299613609000062, 34.423280159000058 ], [ 69.29712333100008, 34.422154398000032 ], [ 69.294781578000084, 34.420739914000023 ], [ 69.292439959000035, 34.419325520000029 ], [ 69.290253586000063, 34.417781481000077 ], [ 69.287912623000068, 34.41649613900006 ], [ 69.285107702000062, 34.416244516000063 ], [ 69.282225481000069, 34.416122149000046 ], [ 69.280204452000078, 34.416045766000025 ], [ 69.277572957000075, 34.415410792000046 ], [ 69.274478235000061, 34.415033146000042 ], [ 69.271999204000053, 34.413756917000057 ], [ 69.269520356000044, 34.412480591000076 ], [ 69.266734319000079, 34.411845633000041 ], [ 69.263330476000078, 34.411468514000035 ], [ 69.260547590000044, 34.411859012000036 ], [ 69.257920591000072, 34.412633658000061 ], [ 69.25498457100008, 34.413537132000044 ], [ 69.25235708200006, 34.414183510000043 ], [ 69.249885326000083, 34.415214143000071 ], [ 69.247879567000041, 34.416884666000044 ], [ 69.246648091000054, 34.418938137000055 ], [ 69.24495220600005, 34.42086428500005 ], [ 69.242790720000073, 34.422278646000052 ], [ 69.240319817000056, 34.423693668000055 ], [ 69.238158072000033, 34.425107902000036 ], [ 69.236306440000078, 34.42677788900005 ], [ 69.234609856000077, 34.428575789000035 ], [ 69.232758077000028, 34.430245767000031 ], [ 69.232295359000034, 34.43075938000004 ], [ 69.230286715000034, 34.431660540000053 ], [ 69.227348342000028, 34.432050532000062 ], [ 69.22471657300008, 34.431414423000035 ], [ 69.222238703000073, 34.430393484000035 ], [ 69.219760730000075, 34.429372541000077 ], [ 69.21758996300008, 34.427453548000074 ], [ 69.214957810000044, 34.426560884000025 ], [ 69.212172628000076, 34.426309404000051 ], [ 69.209389700000031, 34.426955173000067 ], [ 69.207072693000043, 34.428369170000053 ], [ 69.204600693000032, 34.429655141000069 ], [ 69.202283222000062, 34.430940898000074 ], [ 69.20012070100006, 34.432354506000024 ], [ 69.198113485000079, 34.434024169000054 ], [ 69.197475018000034, 34.434511782000072 ] ] ] ] } },
{ "type": "Feature", "properties": { "OBJECTID": 3, "OID_": 0, "SHAPE_LENG": 35433.753005400002, "PD_NR": 6, "AREA_KM_2": 49.1028202663, "QUARTER": "SW", "Area": 0.0, "Flood_Area": 0.0, "Flooded_Ur": 0.0, "Total_Dama": 0.0, "Damage_Red": 46474.723602899998, "Area_1": 0.0, "نام_ن": "ناحیه ششم", "Shape_Le_1": 0.34980326433999998, "Shape_Area": 0.00482127344 }, "geometry": { "type": "MultiPolygon", "coordinates": [ [ [ [ 69.117104022000035, 34.505701685000076 ], [ 69.117573858000071, 34.505581878000044 ], [ 69.118105598000056, 34.50552220600008 ], [ 69.118502530000058, 34.505539362000036 ], [ 69.118825342000036, 34.505525927000065 ], [ 69.11907403400005, 34.505481857000063 ], [ 69.119359659000054, 34.50540271400007 ], [ 69.119719481000061, 34.505446146000054 ], [ 69.120137686000078, 34.505485235000037 ], [ 69.120560978000071, 34.505462858000044 ], [ 69.121037467000065, 34.505390332000047 ], [ 69.121645341000033, 34.50536276400004 ], [ 69.122057315000063, 34.505386071000032 ], [ 69.122569577000036, 34.505418159000044 ], [ 69.123687441000072, 34.505580171000076 ], [ 69.123929278000048, 34.505579926000053 ], [ 69.124199649000047, 34.505538123000065 ], [ 69.124551891000067, 34.505427607000058 ], [ 69.124921957000083, 34.505216024000049 ], [ 69.125188986000069, 34.505016810000029 ], [ 69.125529544000074, 34.504744292000055 ], [ 69.126142012000059, 34.50429897500004 ], [ 69.126384715000029, 34.504189109000038 ], [ 69.126806450000061, 34.504115579000029 ], [ 69.127327310000055, 34.504218070000036 ], [ 69.127917581000077, 34.504582509000045 ], [ 69.128327482000032, 34.504747337000026 ], [ 69.128879386000051, 34.504703604000042 ], [ 69.129228364000028, 34.504530898000041 ], [ 69.129836547000082, 34.504216241000051 ], [ 69.130026586000042, 34.504008125000041 ], [ 69.130068579000067, 34.503796694000073 ], [ 69.130103377000069, 34.503512585000067 ], [ 69.130231992000063, 34.503244473000052 ], [ 69.130516174000036, 34.502985213000045 ], [ 69.13087654800006, 34.502722534000043 ], [ 69.131228182000029, 34.502549775000034 ], [ 69.131653288000052, 34.502410933000078 ], [ 69.132090206000044, 34.502337595000029 ], [ 69.132547741000053, 34.502317665000078 ], [ 69.132961349000084, 34.502348780000034 ], [ 69.133474704000037, 34.502391958000032 ], [ 69.134228630000052, 34.502432345000045 ], [ 69.134912144000054, 34.502480200000036 ], [ 69.135712955000031, 34.502547310000068 ], [ 69.136296721000065, 34.502580704000025 ], [ 69.136968485000068, 34.502635775000044 ], [ 69.13747898400004, 34.502695894000055 ], [ 69.137960120000059, 34.502785173000063 ], [ 69.138285858000074, 34.502869801000031 ], [ 69.138934344000063, 34.503041493000069 ], [ 69.139415640000038, 34.503191503000039 ], [ 69.13984122200003, 34.503343965000056 ], [ 69.140284177000069, 34.503396934000079 ], [ 69.140870781000046, 34.503364696000062 ], [ 69.141395820000071, 34.503354350000052 ], [ 69.141959171000053, 34.503453212000068 ], [ 69.142296811000051, 34.503647116000025 ], [ 69.142573103000075, 34.504020732000072 ], [ 69.14293204900008, 34.504600677000042 ], [ 69.143249535000052, 34.505044630000043 ], [ 69.143563806000031, 34.505262816000027 ], [ 69.143909976000032, 34.505311017000054 ], [ 69.144549342000062, 34.505293218000077 ], [ 69.145074650000083, 34.505243085000075 ], [ 69.145639430000074, 34.505214592000073 ], [ 69.146475769000062, 34.505176979000055 ], [ 69.146723459000043, 34.505129066000052 ], [ 69.147572512000067, 34.50476533300008 ], [ 69.148368389000041, 34.504427360000079 ], [ 69.148887520000073, 34.504154335000067 ], [ 69.148702806000074, 34.503899841000077 ], [ 69.148323248000054, 34.503389018000064 ], [ 69.147482828000079, 34.502212262000057 ], [ 69.146704129000057, 34.501121956000077 ], [ 69.146225955000034, 34.500452389000031 ], [ 69.145538847000068, 34.49949020400004 ], [ 69.145179855000038, 34.499007212000038 ], [ 69.144696402000079, 34.498356763000061 ], [ 69.144180802000051, 34.497662973000047 ], [ 69.143054212000038, 34.496147124000061 ], [ 69.142730020000045, 34.495710888000076 ], [ 69.142513530000031, 34.495419538000078 ], [ 69.142315386000064, 34.495154995000064 ], [ 69.141827122000052, 34.494531595000069 ], [ 69.140798320000044, 34.493147276000059 ], [ 69.140393319000054, 34.492604396000047 ], [ 69.13981666400008, 34.491831252000054 ], [ 69.139616026000056, 34.491562920000035 ], [ 69.138113045000068, 34.48956385300005 ], [ 69.137859262000063, 34.489226273000043 ], [ 69.137425785000062, 34.488629892000063 ], [ 69.13699493300004, 34.488037114000065 ], [ 69.136730943000032, 34.487679072000049 ], [ 69.136302079000075, 34.487097156000061 ], [ 69.135892688000069, 34.486531675000037 ], [ 69.135568116000059, 34.486083516000065 ], [ 69.135182598000029, 34.485558498000046 ], [ 69.134765595000033, 34.484990632000063 ], [ 69.132783328000073, 34.482266871000036 ], [ 69.131053466000083, 34.47989392900007 ], [ 69.128887975000055, 34.477011849000064 ], [ 69.127977436000037, 34.475774200000046 ], [ 69.126892440000063, 34.474299320000057 ], [ 69.126438458000052, 34.473687138000059 ], [ 69.125128545000052, 34.471920465000039 ], [ 69.124650203000044, 34.471275340000034 ], [ 69.124156325000058, 34.470611605000045 ], [ 69.123340625000083, 34.469536828000059 ], [ 69.122819435000054, 34.468760929000041 ], [ 69.122565691000034, 34.468364472000076 ], [ 69.122168710000039, 34.467819628000029 ], [ 69.121551096000076, 34.467062036000073 ], [ 69.121395279000069, 34.466873440000029 ], [ 69.121661674000052, 34.465939563000063 ], [ 69.121778936000055, 34.465523255000051 ], [ 69.121975525000039, 34.46484885600006 ], [ 69.122140592000051, 34.464213718000053 ], [ 69.122208539000042, 34.463955729000077 ], [ 69.123087901000076, 34.463496044000067 ], [ 69.125030729000059, 34.462516 ], [ 69.126120385000036, 34.461964498000043 ], [ 69.128252528000075, 34.460908409000069 ], [ 69.128905819000067, 34.460570305000033 ], [ 69.130876431000047, 34.45955050300006 ], [ 69.131205786000066, 34.459380067000041 ], [ 69.132177053000078, 34.458888113000057 ], [ 69.133149552000077, 34.458390107000071 ], [ 69.133970636000072, 34.457917647000045 ], [ 69.13387233900005, 34.457518652000033 ], [ 69.133743349000042, 34.457022069000061 ], [ 69.133647393000047, 34.456689987000061 ], [ 69.133588952000082, 34.456362779000074 ], [ 69.133537320000073, 34.456072403000064 ], [ 69.133507635000058, 34.455788091000045 ], [ 69.133485194000059, 34.455437215000075 ], [ 69.133394879000036, 34.453755367000042 ], [ 69.133312775000036, 34.452648286000056 ], [ 69.133163503000048, 34.450615601000038 ], [ 69.13303748900006, 34.44944625200003 ], [ 69.13299371100004, 34.448886762000029 ], [ 69.132922289000078, 34.447988397000074 ], [ 69.132868120000069, 34.446916095000063 ], [ 69.132744814000034, 34.446351100000072 ], [ 69.132586274000062, 34.445670169000039 ], [ 69.132444851000059, 34.444728410000039 ], [ 69.13216350600004, 34.443757764000054 ], [ 69.131987710000033, 34.443207344000029 ], [ 69.131637010000077, 34.442671541000038 ], [ 69.131181027000082, 34.441875043000039 ], [ 69.130674088000035, 34.440749656000037 ], [ 69.130303727000069, 34.440122560000077 ], [ 69.12991775200004, 34.439354975000072 ], [ 69.12944397800004, 34.438399046000029 ], [ 69.128935153000043, 34.437327266000068 ], [ 69.128549269000075, 34.436603145000049 ], [ 69.128216320000035, 34.436183198000037 ], [ 69.127673490000063, 34.435778034000066 ], [ 69.127113271000042, 34.43538736000005 ], [ 69.126797760000045, 34.434938442000032 ], [ 69.126482132000035, 34.434446101000049 ], [ 69.126201153000068, 34.433649356000046 ], [ 69.125972651000041, 34.432896070000027 ], [ 69.12576193700005, 34.432316682000078 ], [ 69.125446336000039, 34.431795299000044 ], [ 69.125275339000041, 34.431460941000068 ], [ 69.125113077000037, 34.431143529000053 ], [ 69.124675074000038, 34.430607839000061 ], [ 69.124307049000038, 34.430101026000045 ], [ 69.124054073000082, 34.429670840000028 ], [ 69.123798306000083, 34.429043653000065 ], [ 69.123709864000034, 34.428333688000066 ], [ 69.123603720000062, 34.427536805000045 ], [ 69.123515686000076, 34.427102167000044 ], [ 69.123305311000081, 34.426769064000041 ], [ 69.122955003000072, 34.426378158000034 ], [ 69.122622207000063, 34.426016228000037 ], [ 69.122149427000068, 34.425596449000068 ], [ 69.121746743000074, 34.425292528000057 ], [ 69.121711706000042, 34.425034099000072 ], [ 69.120871728000054, 34.424642591000065 ], [ 69.120046079000076, 34.42456291600007 ], [ 69.119374734000075, 34.424393804000033 ], [ 69.118588879000072, 34.42432291800003 ], [ 69.117908904000046, 34.424243042000057 ], [ 69.117227514000035, 34.424084028000038 ], [ 69.116062581000051, 34.423520504000066 ], [ 69.115382340000053, 34.423279683000032 ], [ 69.114896195000028, 34.422877745000051 ], [ 69.113826955000036, 34.422234884000034 ], [ 69.113340716000039, 34.421752406000053 ], [ 69.112951554000063, 34.421269881000057 ], [ 69.112368414000059, 34.420948465000038 ], [ 69.111882297000079, 34.42054651400008 ], [ 69.111396131000049, 34.420144562000075 ], [ 69.111007043000029, 34.419661986000051 ], [ 69.110520780000058, 34.419179542000052 ], [ 69.110422808000067, 34.418535769000073 ], [ 69.109839591000082, 34.418133897000075 ], [ 69.109159361000081, 34.417812553000033 ], [ 69.108673278000083, 34.417410589000042 ], [ 69.107701690000056, 34.417089495000027 ], [ 69.107021627000051, 34.416929161000041 ], [ 69.106438539000067, 34.416607716000044 ], [ 69.105952375000072, 34.416125253000075 ], [ 69.105660302000047, 34.415562133000037 ], [ 69.105659391000074, 34.414837783000053 ], [ 69.105950040000039, 34.414274158000069 ], [ 69.106143567000061, 34.413710617000049 ], [ 69.106628187000069, 34.412985845000037 ], [ 69.106627472000071, 34.41242247200006 ], [ 69.106529641000066, 34.411859184000036 ], [ 69.106334749000041, 34.411295935000055 ], [ 69.106528110000056, 34.410651904000076 ], [ 69.106606869000075, 34.410377544000028 ], [ 69.106088014000079, 34.410434089000034 ], [ 69.105666585000051, 34.41043445300005 ], [ 69.105294693000076, 34.410414212000035 ], [ 69.10472407900005, 34.41010650100003 ], [ 69.104078839000067, 34.40963444700003 ], [ 69.103582639000081, 34.40926502800005 ], [ 69.102615271000047, 34.408875440000031 ], [ 69.10211922700006, 34.408670373000064 ], [ 69.101622958000064, 34.408321507000039 ], [ 69.101387321000061, 34.408177860000023 ], [ 69.101176335000048, 34.407993114000078 ], [ 69.100704882000059, 34.40764422400008 ], [ 69.100332930000036, 34.40756232800004 ], [ 69.100141180000037, 34.407446419000053 ], [ 69.09948858100006, 34.407842630000061 ], [ 69.09881702000007, 34.409098343000039 ], [ 69.098145384000077, 34.410354053000049 ], [ 69.096968781000044, 34.411470691000034 ], [ 69.095960428000069, 34.412587187000042 ], [ 69.095120437000048, 34.41384301100004 ], [ 69.094448763000059, 34.415098699000055 ], [ 69.093440279000049, 34.416215173000069 ], [ 69.092431823000084, 34.417331638000064 ], [ 69.091255046000072, 34.418448266000041 ], [ 69.089909792000071, 34.419425493000062 ], [ 69.088227763000077, 34.420263481000063 ], [ 69.08688230100006, 34.42110120600006 ], [ 69.086042089000046, 34.422356967000042 ], [ 69.084696517000054, 34.423194713000044 ], [ 69.083182444000045, 34.423753579000049 ], [ 69.081668433000061, 34.424451939000051 ], [ 69.080154397000058, 34.425150235000046 ], [ 69.079145657000083, 34.426266589000079 ], [ 69.077631567000083, 34.426964899000041 ], [ 69.076285891000055, 34.42780250800007 ], [ 69.074771625000039, 34.428361314000028 ], [ 69.072920588000045, 34.428780790000076 ], [ 69.071237611000072, 34.42892125000003 ], [ 69.069554683000035, 34.429061686000068 ], [ 69.067872033000071, 34.429620503000024 ], [ 69.067031452000037, 34.430876131000048 ], [ 69.066864243000055, 34.432270810000034 ], [ 69.066360434000046, 34.433665716000064 ], [ 69.065351354000029, 34.434781956000052 ], [ 69.064005536000082, 34.435758941000074 ], [ 69.062659583000084, 34.436596399000052 ], [ 69.061482038000065, 34.437573225000051 ], [ 69.060136185000033, 34.438550122000038 ], [ 69.058790095000063, 34.439387582000052 ], [ 69.057444032000035, 34.440224937000039 ], [ 69.056026193000037, 34.441040170000065 ], [ 69.056872540000029, 34.442117598000038 ], [ 69.05694242900006, 34.443488522000052 ], [ 69.057839584000078, 34.44463058000008 ], [ 69.05887468700007, 34.445772565000027 ], [ 69.059634049000067, 34.447028891000059 ], [ 69.05977295100007, 34.448399824000035 ], [ 69.059980768000059, 34.44977067800005 ], [ 69.060464415000069, 34.451084309000066 ], [ 69.061292774000037, 34.452283460000046 ], [ 69.061776456000075, 34.453597085000069 ], [ 69.062329122000051, 34.454910583000071 ], [ 69.063364315000058, 34.455995442000074 ], [ 69.063847975000044, 34.45713766700004 ], [ 69.064316289000033, 34.457986129000062 ], [ 69.064742297000066, 34.458177632000059 ], [ 69.065450687000066, 34.458246244000065 ], [ 69.065909373000068, 34.458660205000058 ], [ 69.066409627000041, 34.459039558000029 ], [ 69.066785087000028, 34.459522641000035 ], [ 69.067327048000038, 34.459832931000051 ], [ 69.067744135000055, 34.460281404000057 ], [ 69.068202872000029, 34.460729806000074 ], [ 69.068703231000029, 34.461143734000075 ], [ 69.069161949000033, 34.461557637000055 ], [ 69.069662318000042, 34.461971516000062 ], [ 69.070329097000069, 34.462040169000034 ], [ 69.071037636000028, 34.462177828000051 ], [ 69.071662806000063, 34.46235002700007 ], [ 69.072163217000082, 34.462729401000047 ], [ 69.072538672000064, 34.463212421000037 ], [ 69.073039068000071, 34.463626285000032 ], [ 69.073705954000047, 34.463798449000024 ], [ 69.074206382000057, 34.464177814000038 ], [ 69.074456835000035, 34.46469539800006 ], [ 69.074207298000033, 34.465213241000072 ], [ 69.074249490000057, 34.465765447000024 ], [ 69.074458245000073, 34.466283057000055 ], [ 69.074875401000043, 34.466731504000052 ], [ 69.07537543400008, 34.467129036000074 ], [ 69.075501273000043, 34.467697513000076 ], [ 69.075626882000051, 34.468249666000077 ], [ 69.075752383000065, 34.468801910000025 ], [ 69.075919591000059, 34.469353992000038 ], [ 69.075878386000056, 34.469906249000076 ], [ 69.075837236000041, 34.470458505000067 ], [ 69.075796084000046, 34.471010762000049 ], [ 69.07567152200005, 34.471563070000059 ], [ 69.075607385000069, 34.472106863000079 ], [ 69.075547572000062, 34.472736643000076 ], [ 69.075506308000058, 34.473288899000067 ], [ 69.075340259000029, 34.473910266000075 ], [ 69.075234260000059, 34.474466936000056 ], [ 69.074802868000063, 34.475805865000041 ], [ 69.074640135000038, 34.476799547000041 ], [ 69.074531120000074, 34.47746515700004 ], [ 69.074499510000066, 34.477982867000037 ], [ 69.074419959000068, 34.47853514600007 ], [ 69.074473810000029, 34.47908734300006 ], [ 69.074687675000064, 34.479617348000033 ], [ 69.074954885000068, 34.480125226000041 ], [ 69.075275386000044, 34.480611020000026 ], [ 69.075702612000043, 34.481030463000025 ], [ 69.076183056000048, 34.481405683000048 ], [ 69.076743523000061, 34.481692472000077 ], [ 69.077144045000068, 34.482134022000025 ], [ 69.077238043000079, 34.48279666600007 ], [ 69.077358465000032, 34.483238346000064 ], [ 69.077758930000073, 34.483547371000043 ], [ 69.078079241000069, 34.483856401000025 ], [ 69.078533242000049, 34.48434205600006 ], [ 69.078693711000028, 34.48473956600003 ], [ 69.078987485000084, 34.485136989000068 ], [ 69.079494474000057, 34.48526922800005 ], [ 69.07994924500008, 34.485346758000048 ], [ 69.080397497000035, 34.485609886000077 ], [ 69.08072209900007, 34.485831655000027 ], [ 69.08149592400008, 34.486018945000069 ], [ 69.082145499000035, 34.486108286000047 ], [ 69.08318134600006, 34.48610758600006 ], [ 69.083718443000066, 34.486112540000079 ], [ 69.084620025000049, 34.486133112000061 ], [ 69.084987674000047, 34.486154049000049 ], [ 69.085259417000032, 34.48611147400004 ], [ 69.085742032000041, 34.485984115000065 ], [ 69.086231088000034, 34.48592551400003 ], [ 69.086717021000084, 34.48590136200005 ], [ 69.087234957000078, 34.48591416000005 ], [ 69.087708090000035, 34.485940335000066 ], [ 69.088040593000073, 34.485940096000036 ], [ 69.088398624000035, 34.485929241000065 ], [ 69.08899320300003, 34.485912892000044 ], [ 69.089376882000067, 34.485902016000068 ], [ 69.089664235000043, 34.485896394000065 ], [ 69.090054667000061, 34.485885646000042 ], [ 69.090847427000028, 34.485837443000037 ], [ 69.091512426000065, 34.485831626000049 ], [ 69.092030330000057, 34.485815410000043 ], [ 69.092369186000042, 34.485799238000027 ], [ 69.092711249000047, 34.485777786000028 ], [ 69.093149136000079, 34.48569277200005 ], [ 69.09358067200003, 34.485626249000063 ], [ 69.093963593000069, 34.485620995000033 ], [ 69.09455900100005, 34.485715452000079 ], [ 69.095060999000054, 34.48579185300008 ], [ 69.095364804000042, 34.485839277000025 ], [ 69.09576437000004, 34.485817817000054 ], [ 69.096135136000044, 34.485753948000024 ], [ 69.096378035000043, 34.485684947000038 ], [ 69.097279769000068, 34.485837768000067 ], [ 69.09771792600003, 34.485940677000031 ], [ 69.098274269000058, 34.486059316000024 ], [ 69.09869956600005, 34.486106634000066 ], [ 69.099064066000039, 34.486132808000036 ], [ 69.099486071000058, 34.48615893300007 ], [ 69.09985694900007, 34.486190420000071 ], [ 69.100195903000042, 34.486211335000064 ], [ 69.100454883000054, 34.486248188000047 ], [ 69.100790653000047, 34.486337913000057 ], [ 69.101097592000031, 34.486406468000041 ], [ 69.10141103400008, 34.486448549000045 ], [ 69.101705199000037, 34.486490690000039 ], [ 69.101942076000057, 34.486711123000077 ], [ 69.102338150000037, 34.486993332000054 ], [ 69.102542453000069, 34.487247699000079 ], [ 69.102604395000071, 34.487491229000057 ], [ 69.10253257100004, 34.487894628000049 ], [ 69.102486299000077, 34.488174321000031 ], [ 69.102242158000081, 34.488521681000066 ], [ 69.102050475000055, 34.488883471000065 ], [ 69.101882032000049, 34.489235546000032 ], [ 69.101693707000038, 34.489764079000054 ], [ 69.101284262000036, 34.490863060000038 ], [ 69.100995031000082, 34.491628674000026 ], [ 69.100802723000072, 34.492341540000041 ], [ 69.100570638000079, 34.493084244000045 ], [ 69.100431244000049, 34.493421864000027 ], [ 69.100326888000041, 34.493822132000048 ], [ 69.100105687000053, 34.494200852000063 ], [ 69.098913287000073, 34.495133311000075 ], [ 69.099048780000032, 34.495772997000074 ], [ 69.098873577000063, 34.496095854000032 ], [ 69.098546335000037, 34.496482413000024 ], [ 69.098141853000072, 34.496999886000026 ], [ 69.09789784700007, 34.497359772000038 ], [ 69.097607516000039, 34.497787692000031 ], [ 69.097325935000072, 34.498202888000037 ], [ 69.096771325000077, 34.499087426000074 ], [ 69.096614109000029, 34.499341457000071 ], [ 69.09651544500008, 34.499741130000075 ], [ 69.096449102000065, 34.499972860000071 ], [ 69.096368400000074, 34.500173849000078 ], [ 69.09620930400007, 34.500453357000026 ], [ 69.096276344000046, 34.501112037000041 ], [ 69.096334760000047, 34.50146884000003 ], [ 69.096393404000082, 34.50197651700006 ], [ 69.096196831000043, 34.502492241000027 ], [ 69.096428216000049, 34.503260633000025 ], [ 69.096585477000076, 34.503747445000045 ], [ 69.096729370000048, 34.504212128000063 ], [ 69.096982709000031, 34.504693001000078 ], [ 69.097340140000028, 34.50461371800003 ], [ 69.097776794000083, 34.50460507300005 ], [ 69.098340971000084, 34.504748099000039 ], [ 69.098977584000068, 34.505069759000037 ], [ 69.099339875000055, 34.505321658000071 ], [ 69.099635431000081, 34.505562293000025 ], [ 69.099798065000073, 34.505785540000034 ], [ 69.099905772000056, 34.50621570900006 ], [ 69.099870597000063, 34.506544856000062 ], [ 69.099861024000063, 34.506921868000063 ], [ 69.099833368000077, 34.507207722000032 ], [ 69.099805831000083, 34.507547684000031 ], [ 69.099976008000056, 34.507789186000025 ], [ 69.100288455000054, 34.507979935000037 ], [ 69.100833136000062, 34.508104208000077 ], [ 69.101396707000049, 34.507903042000066 ], [ 69.101798795000036, 34.507943921000049 ], [ 69.10199659500006, 34.508184541000048 ], [ 69.102186879000044, 34.508604133000063 ], [ 69.102532494000059, 34.508874253000045 ], [ 69.102905945000032, 34.508966645000044 ], [ 69.103279281000084, 34.509008851000033 ], [ 69.103755370000044, 34.50911274300006 ], [ 69.104326100000037, 34.509193150000044 ], [ 69.104644332000078, 34.509119785000053 ], [ 69.10544838800007, 34.508790292000072 ], [ 69.105848565000031, 34.508995109000068 ], [ 69.106227278000063, 34.509066520000033 ], [ 69.107249227000068, 34.509050521000063 ], [ 69.10841257900006, 34.509075963000043 ], [ 69.108937461000039, 34.509249186000034 ], [ 69.109239001000049, 34.509577493000052 ], [ 69.109380811000051, 34.509887050000032 ], [ 69.109449651000034, 34.510211778000041 ], [ 69.109446952000042, 34.510897611000075 ], [ 69.109779135000053, 34.510951693000038 ], [ 69.110208097000054, 34.511034364000068 ], [ 69.110606338000082, 34.511034365000057 ], [ 69.111004902000047, 34.510867257000029 ], [ 69.111294086000044, 34.510700339000039 ], [ 69.111454365000043, 34.510514599000032 ], [ 69.11155360600003, 34.510264840000048 ], [ 69.11157015200007, 34.509642076000034 ], [ 69.11162399300008, 34.509333110000057 ], [ 69.111836934000053, 34.508938145000059 ], [ 69.112110174000065, 34.508422461000066 ], [ 69.112306285000045, 34.508031389000053 ], [ 69.112502224000082, 34.507675261000031 ], [ 69.11286965100004, 34.507214455000053 ], [ 69.113154208000083, 34.506900314000063 ], [ 69.113550644000043, 34.506748757000025 ], [ 69.113906543000041, 34.506629296000028 ], [ 69.114278131000049, 34.506472168000073 ], [ 69.114651096000046, 34.506366667000066 ], [ 69.115158875000077, 34.506186547000027 ], [ 69.115470999000081, 34.506122765000043 ], [ 69.115830795000079, 34.506067639000037 ], [ 69.116203780000035, 34.50597967300007 ], [ 69.116618989000074, 34.505860959000074 ], [ 69.117104022000035, 34.505701685000076 ] ] ] ] } },
{ "type": "Feature", "properties": { "OBJECTID": 4, "OID_": 0, "SHAPE_LENG": 26654.6562161, "PD_NR": 7, "AREA_KM_2": 32.532463480700002, "QUARTER": "SW", "Area": 0.0, "Flood_Area": 0.0, "Flooded_Ur": 0.0, "Total_Dama": 0.0, "Damage_Red": 102463.805177, "Area_1": 0.0, "نام_ن": "ناحیه هفتم", "Shape_Le_1": 0.26143369626000001, "Shape_Area": 0.00319451258 }, "geometry": { "type": "MultiPolygon", "coordinates": [ [ [ [ 69.170974914000055, 34.500962661000074 ], [ 69.171021060000044, 34.500382684000044 ], [ 69.171265319000042, 34.499976569000069 ], [ 69.171558485000048, 34.499570385000027 ], [ 69.171802602000071, 34.499123733000033 ], [ 69.172046909000073, 34.498717617000068 ], [ 69.172388916000045, 34.49823024300008 ], [ 69.172633079000036, 34.497783589000051 ], [ 69.172918705000029, 34.497346300000061 ], [ 69.17307620400004, 34.496868881000069 ], [ 69.173512466000034, 34.496483907000027 ], [ 69.17380571700005, 34.496077808000052 ], [ 69.174049866000075, 34.49563106100004 ], [ 69.174097815000039, 34.495144101000051 ], [ 69.174145818000056, 34.49465718700003 ], [ 69.174242864000064, 34.494210649000024 ], [ 69.174340018000066, 34.493764200000044 ], [ 69.174486130000048, 34.493317637000075 ], [ 69.174681200000066, 34.49287104900003 ], [ 69.174925281000071, 34.492424345000074 ], [ 69.175071388000049, 34.491977826000038 ], [ 69.175217299000053, 34.491490725000062 ], [ 69.175412470000083, 34.491044090000059 ], [ 69.175607529000047, 34.490597545000071 ], [ 69.175753629000042, 34.490150935000031 ], [ 69.17589958800005, 34.489663834000055 ], [ 69.176094611000053, 34.489176706000023 ], [ 69.176263897000069, 34.488700257000062 ], [ 69.176386660000048, 34.488242993000028 ], [ 69.176483741000084, 34.487796543000059 ], [ 69.176629777000073, 34.487349977000065 ], [ 69.176726857000062, 34.486903526000049 ], [ 69.176920712000083, 34.486461851000058 ], [ 69.176989063000065, 34.486002320000068 ], [ 69.177262853000059, 34.485482611000066 ], [ 69.177408881000076, 34.485036044000026 ], [ 69.177536777000057, 34.484565063000048 ], [ 69.177766633000033, 34.484131089000073 ], [ 69.177986399000076, 34.483716113000071 ], [ 69.178336314000035, 34.483330526000032 ], [ 69.178580348000082, 34.482883905000051 ], [ 69.178824520000035, 34.482477774000074 ], [ 69.17897064400006, 34.482031250000034 ], [ 69.179067595000049, 34.481584707000025 ], [ 69.179311707000068, 34.481178620000037 ], [ 69.179457771000045, 34.480732050000029 ], [ 69.179652698000041, 34.48024491700005 ], [ 69.179749753000067, 34.47979841800003 ], [ 69.17974870900008, 34.479311482000071 ], [ 69.179747665000036, 34.47882463600007 ], [ 69.179648698000051, 34.478378426000063 ], [ 69.179549786000052, 34.477932216000056 ], [ 69.179450821000046, 34.477486050000039 ], [ 69.179302853000081, 34.477039912000066 ], [ 69.179252807000069, 34.476553092000074 ], [ 69.17925176600005, 34.476066201000037 ], [ 69.17920177600007, 34.475579382000035 ], [ 69.179200735000052, 34.47509244500003 ], [ 69.179150691000075, 34.474605626000027 ], [ 69.178953727000078, 34.474159603000032 ], [ 69.178707904000078, 34.473754144000054 ], [ 69.178609003000076, 34.473307977000047 ], [ 69.178216297000063, 34.472983985000042 ], [ 69.177823702000069, 34.472659947000068 ], [ 69.177382001000069, 34.472335933000068 ], [ 69.176940497000032, 34.472052589000043 ], [ 69.17649885600008, 34.471728572000075 ], [ 69.176057189000062, 34.471364062000077 ], [ 69.175615555000036, 34.471040087000063 ], [ 69.17522284100005, 34.470675503000052 ], [ 69.174830214000053, 34.47035145500007 ], [ 69.174388645000079, 34.470027475000052 ], [ 69.173947025000075, 34.469703448000075 ], [ 69.173603324000055, 34.469338790000052 ], [ 69.17330854100004, 34.468933479000043 ], [ 69.173013707000052, 34.468528122000066 ], [ 69.172767929000031, 34.468122740000069 ], [ 69.17252207000007, 34.467676685000072 ], [ 69.172472016000029, 34.467189907000034 ], [ 69.17281425200008, 34.466824231000032 ], [ 69.173156431000052, 34.466458600000067 ], [ 69.173547521000046, 34.466052225000055 ], [ 69.17393852400005, 34.465605358000062 ], [ 69.174231611000039, 34.465199211000026 ], [ 69.174622775000046, 34.464833415000044 ], [ 69.175063101000035, 34.464548801000035 ], [ 69.175503370000058, 34.464264141000058 ], [ 69.175992687000075, 34.463979408000057 ], [ 69.176531199000067, 34.463816349000069 ], [ 69.177069677000077, 34.463612615000045 ], [ 69.177509934000057, 34.463327993000064 ], [ 69.177950243000055, 34.463043324000068 ], [ 69.178390462000038, 34.462718116000076 ], [ 69.178830678000054, 34.462392862000058 ], [ 69.179270836000057, 34.462067607000051 ], [ 69.179661963000058, 34.461701839000057 ], [ 69.179955010000072, 34.461295679000045 ], [ 69.180395125000075, 34.460929837000037 ], [ 69.18078627400007, 34.460604648000071 ], [ 69.181128448000038, 34.46023894800004 ], [ 69.181470564000051, 34.459873248000065 ], [ 69.181861759000071, 34.459548101000053 ], [ 69.182056712000076, 34.459101453000073 ], [ 69.182153730000039, 34.458654997000053 ], [ 69.182397760000072, 34.458248858000047 ], [ 69.182641788000069, 34.457842763000031 ], [ 69.183131132000028, 34.45759853900006 ], [ 69.183620473000076, 34.457354358000032 ], [ 69.184060675000069, 34.457069667000042 ], [ 69.184451812000077, 34.456703929000071 ], [ 69.184793845000058, 34.456338219000031 ], [ 69.185135929000069, 34.455972509000048 ], [ 69.185576173000072, 34.455687812000065 ], [ 69.186016041000073, 34.455357211000035 ], [ 69.185766196000031, 34.454650246000028 ], [ 69.185640941000031, 34.454034942000078 ], [ 69.185391905000074, 34.453419825000026 ], [ 69.185143100000062, 34.452907200000027 ], [ 69.184646627000063, 34.452395084000045 ], [ 69.18427399400008, 34.451882734000037 ], [ 69.18377775700003, 34.451473151000073 ], [ 69.183281301000079, 34.450960984000062 ], [ 69.182661242000052, 34.45055158200006 ], [ 69.182165075000057, 34.450141992000056 ], [ 69.181544918000043, 34.449732585000049 ], [ 69.181048707000059, 34.449322945000063 ], [ 69.180552280000029, 34.448810767000055 ], [ 69.180179689000056, 34.44829840400007 ], [ 69.179683493000084, 34.447888804000058 ], [ 69.179187302000059, 34.447479202000068 ], [ 69.178567507000082, 34.447172361000071 ], [ 69.177947498000037, 34.446762935000038 ], [ 69.177204049000068, 34.446558895000067 ], [ 69.176584322000053, 34.446251998000037 ], [ 69.175964705000069, 34.446047726000074 ], [ 69.175221321000038, 34.445843629000024 ], [ 69.174477940000031, 34.445639482000047 ], [ 69.173610738000036, 34.44543555100006 ], [ 69.172991135000075, 34.445231264000029 ], [ 69.172371379000083, 34.444924391000029 ], [ 69.171751417000053, 34.44451493300005 ], [ 69.171131880000075, 34.444310637000058 ], [ 69.170264492000058, 34.444004100000029 ], [ 69.169644962000064, 34.443799796000064 ], [ 69.168901873000038, 34.443698242000039 ], [ 69.167910828000061, 34.443494442000031 ], [ 69.167043813000078, 34.44339304600004 ], [ 69.166300474000082, 34.443188939000038 ], [ 69.165557341000067, 34.443087320000075 ], [ 69.164937829000053, 34.442882992000079 ], [ 69.164194499000075, 34.442678827000066 ], [ 69.163574939000057, 34.442474492000031 ], [ 69.162955238000052, 34.442167572000074 ], [ 69.162335739000071, 34.441963140000041 ], [ 69.161715848000028, 34.441553676000069 ], [ 69.161096160000056, 34.441246746000047 ], [ 69.160476281000058, 34.440837230000056 ], [ 69.160103847000073, 34.440324805000046 ], [ 69.159607796000046, 34.439915123000048 ], [ 69.159111501000041, 34.439402901000051 ], [ 69.158491451000032, 34.438890748000063 ], [ 69.158119039000042, 34.438378316000069 ], [ 69.157746630000076, 34.43786583800005 ], [ 69.157374227000048, 34.437353404000078 ], [ 69.157125640000061, 34.436840810000035 ], [ 69.156877056000042, 34.436328216000049 ], [ 69.156504665000057, 34.435815779000052 ], [ 69.156255515000055, 34.434995435000076 ], [ 69.156006752000053, 34.434380166000039 ], [ 69.155758182000056, 34.433867614000064 ], [ 69.155509426000037, 34.433252433000064 ], [ 69.155260484000053, 34.432534670000052 ], [ 69.154640130000075, 34.431817421000062 ], [ 69.154143482000052, 34.431099923000033 ], [ 69.153894800000046, 34.430484694000029 ], [ 69.153646256000059, 34.429972092000071 ], [ 69.153149736000046, 34.429254635000063 ], [ 69.152653598000029, 34.428742340000042 ], [ 69.152281266000045, 34.428229890000068 ], [ 69.151661526000055, 34.427820329000042 ], [ 69.150918362000084, 34.427616082000043 ], [ 69.149803384000052, 34.427207121000038 ], [ 69.149059684000065, 34.426695070000051 ], [ 69.148563767000041, 34.426285342000028 ], [ 69.148067856000068, 34.425875611000038 ], [ 69.147324897000033, 34.425773925000044 ], [ 69.146581941000079, 34.425672235000036 ], [ 69.145591517000071, 34.425673418000031 ], [ 69.144848917000047, 34.425776883000026 ], [ 69.144230288000074, 34.425982780000027 ], [ 69.143240616000071, 34.426394275000064 ], [ 69.142621978000079, 34.426600164000035 ], [ 69.142003337000062, 34.426806049000049 ], [ 69.14138463900008, 34.427011977000063 ], [ 69.140766165000059, 34.427320439000027 ], [ 69.139528860000041, 34.427732189000039 ], [ 69.138291206000076, 34.427938761000064 ], [ 69.137053379000065, 34.428042692000076 ], [ 69.136062927000069, 34.428043798000033 ], [ 69.134824930000036, 34.428045169000029 ], [ 69.13408213200006, 34.42804598500004 ], [ 69.133339171000046, 34.427944260000061 ], [ 69.132596212000067, 34.427842485000042 ], [ 69.131729507000045, 34.427843421000034 ], [ 69.130739166000069, 34.427844484000047 ], [ 69.129996370000072, 34.427845276000028 ], [ 69.12925388900004, 34.428051183000036 ], [ 69.128387605000057, 34.428257307000024 ], [ 69.127521472000069, 34.42856596200005 ], [ 69.126778924000064, 34.428771900000072 ], [ 69.12616022900005, 34.428977705000079 ], [ 69.125541530000078, 34.429183508000051 ], [ 69.124922981000054, 34.429491890000065 ], [ 69.124054073000082, 34.429670840000028 ], [ 69.124307049000038, 34.430101026000045 ], [ 69.124675074000038, 34.430607839000061 ], [ 69.125113077000037, 34.431143529000053 ], [ 69.125275339000041, 34.431460941000068 ], [ 69.125446336000039, 34.431795299000044 ], [ 69.12576193700005, 34.432316682000078 ], [ 69.125972651000041, 34.432896070000027 ], [ 69.126201153000068, 34.433649356000046 ], [ 69.126482132000035, 34.434446101000049 ], [ 69.126797760000045, 34.434938442000032 ], [ 69.127113271000042, 34.43538736000005 ], [ 69.127673490000063, 34.435778034000066 ], [ 69.128216320000035, 34.436183198000037 ], [ 69.128549269000075, 34.436603145000049 ], [ 69.128935153000043, 34.437327266000068 ], [ 69.12944397800004, 34.438399046000029 ], [ 69.12991775200004, 34.439354975000072 ], [ 69.130303727000069, 34.440122560000077 ], [ 69.130674088000035, 34.440749656000037 ], [ 69.131181027000082, 34.441875043000039 ], [ 69.131637010000077, 34.442671541000038 ], [ 69.131987710000033, 34.443207344000029 ], [ 69.13216350600004, 34.443757764000054 ], [ 69.132444851000059, 34.444728410000039 ], [ 69.132586274000062, 34.445670169000039 ], [ 69.132744814000034, 34.446351100000072 ], [ 69.132868120000069, 34.446916095000063 ], [ 69.132922289000078, 34.447988397000074 ], [ 69.13299371100004, 34.448886762000029 ], [ 69.13303748900006, 34.44944625200003 ], [ 69.133163503000048, 34.450615601000038 ], [ 69.133312775000036, 34.452648286000056 ], [ 69.133394879000036, 34.453755367000042 ], [ 69.133485194000059, 34.455437215000075 ], [ 69.133507635000058, 34.455788091000045 ], [ 69.133537320000073, 34.456072403000064 ], [ 69.133588952000082, 34.456362779000074 ], [ 69.133647393000047, 34.456689987000061 ], [ 69.133743349000042, 34.457022069000061 ], [ 69.13387233900005, 34.457518652000033 ], [ 69.133970636000072, 34.457917647000045 ], [ 69.133149552000077, 34.458390107000071 ], [ 69.132177053000078, 34.458888113000057 ], [ 69.131205786000066, 34.459380067000041 ], [ 69.130876431000047, 34.45955050300006 ], [ 69.128905819000067, 34.460570305000033 ], [ 69.128252528000075, 34.460908409000069 ], [ 69.126120385000036, 34.461964498000043 ], [ 69.125030729000059, 34.462516 ], [ 69.123087901000076, 34.463496044000067 ], [ 69.122208539000042, 34.463955729000077 ], [ 69.122140592000051, 34.464213718000053 ], [ 69.121975525000039, 34.46484885600006 ], [ 69.121778936000055, 34.465523255000051 ], [ 69.121661674000052, 34.465939563000063 ], [ 69.121395279000069, 34.466873440000029 ], [ 69.121551096000076, 34.467062036000073 ], [ 69.122168710000039, 34.467819628000029 ], [ 69.122565691000034, 34.468364472000076 ], [ 69.122819435000054, 34.468760929000041 ], [ 69.123340625000083, 34.469536828000059 ], [ 69.124156325000058, 34.470611605000045 ], [ 69.124650203000044, 34.471275340000034 ], [ 69.125128545000052, 34.471920465000039 ], [ 69.126438458000052, 34.473687138000059 ], [ 69.126892440000063, 34.474299320000057 ], [ 69.127977436000037, 34.475774200000046 ], [ 69.128887975000055, 34.477011849000064 ], [ 69.131053466000083, 34.47989392900007 ], [ 69.132783328000073, 34.482266871000036 ], [ 69.134765595000033, 34.484990632000063 ], [ 69.135182598000029, 34.485558498000046 ], [ 69.135568116000059, 34.486083516000065 ], [ 69.135892688000069, 34.486531675000037 ], [ 69.136302079000075, 34.487097156000061 ], [ 69.136730943000032, 34.487679072000049 ], [ 69.13699493300004, 34.488037114000065 ], [ 69.137425785000062, 34.488629892000063 ], [ 69.137859262000063, 34.489226273000043 ], [ 69.138113045000068, 34.48956385300005 ], [ 69.139616026000056, 34.491562920000035 ], [ 69.13981666400008, 34.491831252000054 ], [ 69.140393319000054, 34.492604396000047 ], [ 69.140798320000044, 34.493147276000059 ], [ 69.141827122000052, 34.494531595000069 ], [ 69.142315386000064, 34.495154995000064 ], [ 69.142513530000031, 34.495419538000078 ], [ 69.142730020000045, 34.495710888000076 ], [ 69.143054212000038, 34.496147124000061 ], [ 69.144180802000051, 34.497662973000047 ], [ 69.144696402000079, 34.498356763000061 ], [ 69.145179855000038, 34.499007212000038 ], [ 69.145538847000068, 34.49949020400004 ], [ 69.146225955000034, 34.500452389000031 ], [ 69.146704129000057, 34.501121956000077 ], [ 69.147482828000079, 34.502212262000057 ], [ 69.148323248000054, 34.503389018000064 ], [ 69.148702806000074, 34.503899841000077 ], [ 69.148887520000073, 34.504154335000067 ], [ 69.14923636900005, 34.50402589600003 ], [ 69.149455587000034, 34.503927826000051 ], [ 69.149776065000083, 34.503834276000077 ], [ 69.150210748000063, 34.503916439000079 ], [ 69.150561511000035, 34.504247786000064 ], [ 69.150743230000046, 34.504408265000052 ], [ 69.151231233000033, 34.504426285000079 ], [ 69.151616262000061, 34.504246481000052 ], [ 69.151915469000073, 34.504047034000052 ], [ 69.152185067000062, 34.503830127000072 ], [ 69.152492751000068, 34.50365163400005 ], [ 69.152796307000074, 34.503539520000061 ], [ 69.153125345000035, 34.503483241000026 ], [ 69.153378460000056, 34.503517778000059 ], [ 69.153620741000054, 34.503703744000063 ], [ 69.153708915000038, 34.504233360000057 ], [ 69.153810720000081, 34.504533627000058 ], [ 69.153992526000081, 34.504767420000064 ], [ 69.154165938000062, 34.50499775000003 ], [ 69.154376766000041, 34.505195703000027 ], [ 69.15395095100007, 34.505647239000041 ], [ 69.153429844000073, 34.506234616000029 ], [ 69.153141461000075, 34.506636376000074 ], [ 69.15296290100008, 34.507076822000045 ], [ 69.153244814000061, 34.507513714000027 ], [ 69.153800470000078, 34.507937906000052 ], [ 69.15407147500008, 34.508125954000036 ], [ 69.154366224000057, 34.50834098100006 ], [ 69.154646291000063, 34.50847955100005 ], [ 69.155010268000069, 34.508602684000039 ], [ 69.155485960000078, 34.508694651000042 ], [ 69.155924322000033, 34.508717269000044 ], [ 69.15640929500006, 34.508732070000065 ], [ 69.156922295000072, 34.508762299000068 ], [ 69.157435240000041, 34.508792527000026 ], [ 69.157994882000082, 34.508830402000058 ], [ 69.158526555000037, 34.508883777000051 ], [ 69.159263598000052, 34.509060341000065 ], [ 69.159832957000049, 34.509279370000058 ], [ 69.160375768000051, 34.509486527000035 ], [ 69.16138803900003, 34.509850339000025 ], [ 69.16290117300008, 34.510379185000033 ], [ 69.164434311000036, 34.510987885000077 ], [ 69.16520573300005, 34.509993585000075 ], [ 69.164831796000044, 34.508916781000039 ], [ 69.164626226000053, 34.507531914000026 ], [ 69.166010221000079, 34.506564647000062 ], [ 69.166668339000068, 34.506060042000058 ], [ 69.166977164000059, 34.505454096000051 ], [ 69.167186872000059, 34.504666794000059 ], [ 69.167554966000068, 34.503879275000031 ], [ 69.16802849700008, 34.50298230900006 ], [ 69.168370400000072, 34.502260430000035 ], [ 69.168950658000028, 34.501953598000057 ], [ 69.16968918300006, 34.501537153000072 ], [ 69.170609953000053, 34.501020166000046 ], [ 69.170974914000055, 34.500962661000074 ] ] ] ] } },
{ "type": "Feature", "properties": { "OBJECTID": 5, "OID_": 0, "SHAPE_LENG": 34469.899208399998, "PD_NR": 13, "AREA_KM_2": 46.642584687800003, "QUARTER": "SW", "Area": 0.0, "Flood_Area": 0.0, "Flooded_Ur": 0.0, "Total_Dama": 0.0, "Damage_Red": 80173.944583699995, "Area_1": 0.0, "نام_ن": "ناحیه سیزدهم", "Shape_Le_1": 0.34225156636999998, "Shape_Area": 0.00458654073 }, "geometry": { "type": "MultiPolygon", "coordinates": [ [ [ [ 69.109446952000042, 34.510897611000075 ], [ 69.109449651000034, 34.510211778000041 ], [ 69.109380811000051, 34.509887050000032 ], [ 69.109239001000049, 34.509577493000052 ], [ 69.108937461000039, 34.509249186000034 ], [ 69.10841257900006, 34.509075963000043 ], [ 69.107249227000068, 34.509050521000063 ], [ 69.106227278000063, 34.509066520000033 ], [ 69.105848565000031, 34.508995109000068 ], [ 69.10544838800007, 34.508790292000072 ], [ 69.104644332000078, 34.509119785000053 ], [ 69.104326100000037, 34.509193150000044 ], [ 69.103755370000044, 34.50911274300006 ], [ 69.103279281000084, 34.509008851000033 ], [ 69.102905945000032, 34.508966645000044 ], [ 69.102532494000059, 34.508874253000045 ], [ 69.102186879000044, 34.508604133000063 ], [ 69.10199659500006, 34.508184541000048 ], [ 69.101798795000036, 34.507943921000049 ], [ 69.101396707000049, 34.507903042000066 ], [ 69.100833136000062, 34.508104208000077 ], [ 69.100288455000054, 34.507979935000037 ], [ 69.099976008000056, 34.507789186000025 ], [ 69.099805831000083, 34.507547684000031 ], [ 69.099833368000077, 34.507207722000032 ], [ 69.099861024000063, 34.506921868000063 ], [ 69.099870597000063, 34.506544856000062 ], [ 69.099905772000056, 34.50621570900006 ], [ 69.099798065000073, 34.505785540000034 ], [ 69.099635431000081, 34.505562293000025 ], [ 69.099339875000055, 34.505321658000071 ], [ 69.098977584000068, 34.505069759000037 ], [ 69.098340971000084, 34.504748099000039 ], [ 69.097776794000083, 34.50460507300005 ], [ 69.097340140000028, 34.50461371800003 ], [ 69.096982709000031, 34.504693001000078 ], [ 69.096729370000048, 34.504212128000063 ], [ 69.096585477000076, 34.503747445000045 ], [ 69.096428216000049, 34.503260633000025 ], [ 69.096196831000043, 34.502492241000027 ], [ 69.096393404000082, 34.50197651700006 ], [ 69.096334760000047, 34.50146884000003 ], [ 69.096276344000046, 34.501112037000041 ], [ 69.09620930400007, 34.500453357000026 ], [ 69.096368400000074, 34.500173849000078 ], [ 69.096449102000065, 34.499972860000071 ], [ 69.09651544500008, 34.499741130000075 ], [ 69.096614109000029, 34.499341457000071 ], [ 69.096771325000077, 34.499087426000074 ], [ 69.097325935000072, 34.498202888000037 ], [ 69.097607516000039, 34.497787692000031 ], [ 69.09789784700007, 34.497359772000038 ], [ 69.098141853000072, 34.496999886000026 ], [ 69.098546335000037, 34.496482413000024 ], [ 69.098873577000063, 34.496095854000032 ], [ 69.099048780000032, 34.495772997000074 ], [ 69.098913287000073, 34.495133311000075 ], [ 69.100105687000053, 34.494200852000063 ], [ 69.100326888000041, 34.493822132000048 ], [ 69.100431244000049, 34.493421864000027 ], [ 69.100570638000079, 34.493084244000045 ], [ 69.100802723000072, 34.492341540000041 ], [ 69.100995031000082, 34.491628674000026 ], [ 69.101284262000036, 34.490863060000038 ], [ 69.101693707000038, 34.489764079000054 ], [ 69.101882032000049, 34.489235546000032 ], [ 69.102050475000055, 34.488883471000065 ], [ 69.102242158000081, 34.488521681000066 ], [ 69.102486299000077, 34.488174321000031 ], [ 69.10253257100004, 34.487894628000049 ], [ 69.102604395000071, 34.487491229000057 ], [ 69.102542453000069, 34.487247699000079 ], [ 69.102338150000037, 34.486993332000054 ], [ 69.101942076000057, 34.486711123000077 ], [ 69.101705199000037, 34.486490690000039 ], [ 69.10141103400008, 34.486448549000045 ], [ 69.101097592000031, 34.486406468000041 ], [ 69.100790653000047, 34.486337913000057 ], [ 69.100454883000054, 34.486248188000047 ], [ 69.100195903000042, 34.486211335000064 ], [ 69.09985694900007, 34.486190420000071 ], [ 69.099486071000058, 34.48615893300007 ], [ 69.099064066000039, 34.486132808000036 ], [ 69.09869956600005, 34.486106634000066 ], [ 69.098274269000058, 34.486059316000024 ], [ 69.09771792600003, 34.485940677000031 ], [ 69.097279769000068, 34.485837768000067 ], [ 69.096378035000043, 34.485684947000038 ], [ 69.096135136000044, 34.485753948000024 ], [ 69.09576437000004, 34.485817817000054 ], [ 69.095364804000042, 34.485839277000025 ], [ 69.095060999000054, 34.48579185300008 ], [ 69.09455900100005, 34.485715452000079 ], [ 69.093963593000069, 34.485620995000033 ], [ 69.09358067200003, 34.485626249000063 ], [ 69.093149136000079, 34.48569277200005 ], [ 69.092711249000047, 34.485777786000028 ], [ 69.092369186000042, 34.485799238000027 ], [ 69.092030330000057, 34.485815410000043 ], [ 69.091512426000065, 34.485831626000049 ], [ 69.090847427000028, 34.485837443000037 ], [ 69.090054667000061, 34.485885646000042 ], [ 69.089664235000043, 34.485896394000065 ], [ 69.089376882000067, 34.485902016000068 ], [ 69.08899320300003, 34.485912892000044 ], [ 69.088398624000035, 34.485929241000065 ], [ 69.088040593000073, 34.485940096000036 ], [ 69.087708090000035, 34.485940335000066 ], [ 69.087234957000078, 34.48591416000005 ], [ 69.086717021000084, 34.48590136200005 ], [ 69.086231088000034, 34.48592551400003 ], [ 69.085742032000041, 34.485984115000065 ], [ 69.085259417000032, 34.48611147400004 ], [ 69.084987674000047, 34.486154049000049 ], [ 69.084620025000049, 34.486133112000061 ], [ 69.083718443000066, 34.486112540000079 ], [ 69.08318134600006, 34.48610758600006 ], [ 69.082145499000035, 34.486108286000047 ], [ 69.08149592400008, 34.486018945000069 ], [ 69.08072209900007, 34.485831655000027 ], [ 69.080397497000035, 34.485609886000077 ], [ 69.07994924500008, 34.485346758000048 ], [ 69.079494474000057, 34.48526922800005 ], [ 69.078987485000084, 34.485136989000068 ], [ 69.078693711000028, 34.48473956600003 ], [ 69.078533242000049, 34.48434205600006 ], [ 69.078079241000069, 34.483856401000025 ], [ 69.077758930000073, 34.483547371000043 ], [ 69.077358465000032, 34.483238346000064 ], [ 69.077238043000079, 34.48279666600007 ], [ 69.077144045000068, 34.482134022000025 ], [ 69.076743523000061, 34.481692472000077 ], [ 69.076183056000048, 34.481405683000048 ], [ 69.075702612000043, 34.481030463000025 ], [ 69.075275386000044, 34.480611020000026 ], [ 69.074954885000068, 34.480125226000041 ], [ 69.074687675000064, 34.479617348000033 ], [ 69.074473810000029, 34.47908734300006 ], [ 69.074419959000068, 34.47853514600007 ], [ 69.074499510000066, 34.477982867000037 ], [ 69.074531120000074, 34.47746515700004 ], [ 69.074640135000038, 34.476799547000041 ], [ 69.074802868000063, 34.475805865000041 ], [ 69.075234260000059, 34.474466936000056 ], [ 69.075340259000029, 34.473910266000075 ], [ 69.075506308000058, 34.473288899000067 ], [ 69.075547572000062, 34.472736643000076 ], [ 69.075607385000069, 34.472106863000079 ], [ 69.07567152200005, 34.471563070000059 ], [ 69.075796084000046, 34.471010762000049 ], [ 69.075837236000041, 34.470458505000067 ], [ 69.075878386000056, 34.469906249000076 ], [ 69.075919591000059, 34.469353992000038 ], [ 69.075752383000065, 34.468801910000025 ], [ 69.075626882000051, 34.468249666000077 ], [ 69.075501273000043, 34.467697513000076 ], [ 69.07537543400008, 34.467129036000074 ], [ 69.074875401000043, 34.466731504000052 ], [ 69.074458245000073, 34.466283057000055 ], [ 69.074249490000057, 34.465765447000024 ], [ 69.074207298000033, 34.465213241000072 ], [ 69.074456835000035, 34.46469539800006 ], [ 69.074206382000057, 34.464177814000038 ], [ 69.073705954000047, 34.463798449000024 ], [ 69.073039068000071, 34.463626285000032 ], [ 69.072538672000064, 34.463212421000037 ], [ 69.072163217000082, 34.462729401000047 ], [ 69.071662806000063, 34.46235002700007 ], [ 69.071037636000028, 34.462177828000051 ], [ 69.070329097000069, 34.462040169000034 ], [ 69.069662318000042, 34.461971516000062 ], [ 69.069161949000033, 34.461557637000055 ], [ 69.068703231000029, 34.461143734000075 ], [ 69.068202872000029, 34.460729806000074 ], [ 69.067744135000055, 34.460281404000057 ], [ 69.067327048000038, 34.459832931000051 ], [ 69.066785087000028, 34.459522641000035 ], [ 69.066409627000041, 34.459039558000029 ], [ 69.065909373000068, 34.458660205000058 ], [ 69.065450687000066, 34.458246244000065 ], [ 69.064742297000066, 34.458177632000059 ], [ 69.064316289000033, 34.457986129000062 ], [ 69.063847975000044, 34.45713766700004 ], [ 69.063364315000058, 34.455995442000074 ], [ 69.062329122000051, 34.454910583000071 ], [ 69.061776456000075, 34.453597085000069 ], [ 69.061292774000037, 34.452283460000046 ], [ 69.060464415000069, 34.451084309000066 ], [ 69.059980768000059, 34.44977067800005 ], [ 69.05977295100007, 34.448399824000035 ], [ 69.059634049000067, 34.447028891000059 ], [ 69.05887468700007, 34.445772565000027 ], [ 69.057839584000078, 34.44463058000008 ], [ 69.05694242900006, 34.443488522000052 ], [ 69.056872540000029, 34.442117598000038 ], [ 69.056026193000037, 34.441040170000065 ], [ 69.054320437000058, 34.440633540000078 ], [ 69.052389669000036, 34.44034872800006 ], [ 69.050872518000062, 34.439835282000047 ], [ 69.050596622000057, 34.439721090000035 ], [ 69.049724206000064, 34.440030324000077 ], [ 69.048108308000053, 34.440298723000069 ], [ 69.046492607000062, 34.440745707000076 ], [ 69.044876841000075, 34.441103254000041 ], [ 69.042937779000056, 34.441371748000051 ], [ 69.041321931000084, 34.441729338000073 ], [ 69.039490637000029, 34.442176212000049 ], [ 69.037766927000064, 34.442265992000046 ], [ 69.036379294000028, 34.441461307000054 ], [ 69.034965128000067, 34.440660266000066 ], [ 69.033348960000069, 34.44012512200004 ], [ 69.031625118000079, 34.439768592000064 ], [ 69.029685854000036, 34.439501280000059 ], [ 69.027962105000029, 34.439501687000075 ], [ 69.026238355000032, 34.439323552000076 ], [ 69.024514560000057, 34.438966921000031 ], [ 69.02300619600004, 34.438431664000063 ], [ 69.021282433000067, 34.438074943000061 ], [ 69.019666423000047, 34.437628944000039 ], [ 69.018158060000076, 34.437093627000024 ], [ 69.016434273000073, 34.436647601000061 ], [ 69.014710559000036, 34.436201551000067 ], [ 69.013417695000044, 34.435219880000034 ], [ 69.011586345000069, 34.435309303000054 ], [ 69.011047903000076, 34.436648207000076 ], [ 69.010401674000036, 34.437897836000047 ], [ 69.01007861100004, 34.439236716000039 ], [ 69.009109213000045, 34.440397128000029 ], [ 69.007816525000067, 34.441289755000071 ], [ 69.006739244000073, 34.442360919000066 ], [ 69.005985195000051, 34.443610530000058 ], [ 69.005338848000065, 34.445038647000047 ], [ 69.005015731000071, 34.446377512000026 ], [ 69.004584831000045, 34.447716380000031 ], [ 69.003291986000079, 34.448698195000077 ], [ 69.002968822000071, 34.450037054000063 ], [ 69.002645594000057, 34.45137591200006 ], [ 69.002645639000036, 34.452803997000046 ], [ 69.003830922000077, 34.453785783000058 ], [ 69.005231724000055, 34.45449979600005 ], [ 69.006848051000077, 34.455124501000057 ], [ 69.007925642000032, 34.456195488000048 ], [ 69.008356798000079, 34.457534308000049 ], [ 69.009326717000079, 34.458694571000024 ], [ 69.009865642000079, 34.46003333200008 ], [ 69.011158889000058, 34.46092580100003 ], [ 69.012452110000083, 34.461818211000036 ], [ 69.01331435700007, 34.463067688000024 ], [ 69.01417667000004, 34.464227877000042 ], [ 69.015362250000067, 34.465209594000044 ], [ 69.016009092000047, 34.46645912300005 ], [ 69.016763698000034, 34.46770858800005 ], [ 69.018164881000075, 34.468600922000064 ], [ 69.019781564000084, 34.46940397000003 ], [ 69.020816768000032, 34.469834779000053 ], [ 69.020607588000075, 34.470039934000056 ], [ 69.020536164000077, 34.470514124000033 ], [ 69.020536280000044, 34.470988348000049 ], [ 69.020536396000068, 34.471462526000039 ], [ 69.020608054000036, 34.471936692000043 ], [ 69.020751365000081, 34.472410891000038 ], [ 69.020966165000061, 34.472885078000047 ], [ 69.021395762000054, 34.473359182000024 ], [ 69.021610568000028, 34.473833322000075 ], [ 69.021610691000035, 34.474307500000066 ], [ 69.021663621000073, 34.47475763500006 ], [ 69.021786571000064, 34.47520009200008 ], [ 69.021897348000039, 34.475730028000044 ], [ 69.022112234000076, 34.476263462000077 ], [ 69.022327090000033, 34.476678351000032 ], [ 69.022685123000031, 34.477389597000069 ], [ 69.022900034000031, 34.477982234000024 ], [ 69.023258115000033, 34.478634229000079 ], [ 69.023544531000084, 34.479049102000033 ], [ 69.023902605000046, 34.479641800000024 ], [ 69.024117425000043, 34.480056641000033 ], [ 69.024260732000073, 34.480590084000028 ], [ 69.024332473000072, 34.481064293000031 ], [ 69.024332611000034, 34.481538470000032 ], [ 69.024332749000052, 34.482012648000079 ], [ 69.024332921000052, 34.48260541500008 ], [ 69.024333059000071, 34.483079592000024 ], [ 69.024333196000043, 34.48355381500005 ], [ 69.024404941000057, 34.484027978000029 ], [ 69.024476632000074, 34.484502140000075 ], [ 69.024619931000075, 34.484976334000066 ], [ 69.024763250000035, 34.485509777000061 ], [ 69.024978161000035, 34.485983910000073 ], [ 69.025264612000058, 34.486398779000069 ], [ 69.025407919000031, 34.486872972000072 ], [ 69.025622819000034, 34.487287809000065 ], [ 69.02598086900008, 34.487643411000079 ], [ 69.026410459000033, 34.487939612000048 ], [ 69.026839998000071, 34.488235947000078 ], [ 69.027054982000038, 34.488710077000064 ], [ 69.027126692000081, 34.489184283000043 ], [ 69.027270015000056, 34.489658428000041 ], [ 69.027413413000033, 34.490191867000078 ], [ 69.027699890000065, 34.490606730000025 ], [ 69.027986389000034, 34.491080841000041 ], [ 69.028201313000068, 34.491495719000056 ], [ 69.02834464600005, 34.491969863000065 ], [ 69.028273192000029, 34.492444101000046 ], [ 69.028273352000042, 34.492918277000058 ], [ 69.02834512700008, 34.493392483000036 ], [ 69.028488464000077, 34.493866581000077 ], [ 69.028703363000034, 34.494340752000028 ], [ 69.028918320000059, 34.494814923000035 ], [ 69.029276416000073, 34.495170470000062 ], [ 69.029419761000042, 34.495644612000035 ], [ 69.029491500000063, 34.496148441000059 ], [ 69.029563463000045, 34.497126446000038 ], [ 69.029563567000082, 34.497422829000072 ], [ 69.029492116000029, 34.497896977000039 ], [ 69.02942071800004, 34.498371261000045 ], [ 69.029420885000036, 34.498845437000057 ], [ 69.029421052000032, 34.499319613000068 ], [ 69.029421218000039, 34.49979378900008 ], [ 69.029421385000035, 34.50026801000007 ], [ 69.029493118000062, 34.50074221400007 ], [ 69.029493285000058, 34.501216390000025 ], [ 69.029565074000061, 34.501690548000056 ], [ 69.029565241000057, 34.502164769000046 ], [ 69.029565409000043, 34.502638945000058 ], [ 69.029493953000042, 34.50311313800006 ], [ 69.029422551000039, 34.503587376000041 ], [ 69.029351094000049, 34.504061569000044 ], [ 69.029351260000055, 34.504535790000034 ], [ 69.029351426000062, 34.505009966000046 ], [ 69.029351592000069, 34.505484141000068 ], [ 69.029208582000081, 34.506017646000032 ], [ 69.028922332000036, 34.506432640000071 ], [ 69.028707650000058, 34.506847617000062 ], [ 69.02870781300004, 34.507321792000027 ], [ 69.029209141000081, 34.507618056000069 ], [ 69.02971043000008, 34.507795773000055 ], [ 69.030211764000057, 34.508091987000057 ], [ 69.031071077000036, 34.508388154000045 ], [ 69.031644002000064, 34.508565845000078 ], [ 69.032145348000029, 34.508862097000076 ], [ 69.032575069000075, 34.50915832000004 ], [ 69.032790062000061, 34.509573188000047 ], [ 69.033291339000073, 34.50981014000007 ], [ 69.033935878000079, 34.510047096000051 ], [ 69.034294060000036, 34.510402627000076 ], [ 69.034723797000083, 34.510698888000036 ], [ 69.035081985000033, 34.511054417000025 ], [ 69.035583333000034, 34.51129136000003 ], [ 69.03608465700006, 34.511469051000063 ], [ 69.036586010000065, 34.511705989000063 ], [ 69.037087283000062, 34.512002220000056 ], [ 69.037660354000081, 34.512298427000076 ], [ 69.038161716000047, 34.512535359000026 ], [ 69.038591477000068, 34.512831561000041 ], [ 69.039021241000057, 34.513127806000057 ], [ 69.039451062000069, 34.513424050000026 ], [ 69.039809228000081, 34.513779520000071 ], [ 69.040167451000059, 34.514135079000027 ], [ 69.040454073000035, 34.514549910000028 ], [ 69.040740698000036, 34.514964740000039 ], [ 69.040884142000039, 34.515438867000057 ], [ 69.041027642000074, 34.515913039000054 ], [ 69.041099455000051, 34.516387190000046 ], [ 69.041099688000031, 34.516861409000057 ], [ 69.041171501000065, 34.517335560000049 ], [ 69.041601381000078, 34.517691045000049 ], [ 69.041995420000035, 34.518046541000047 ], [ 69.043177433000039, 34.518875980000075 ], [ 69.044536887000049, 34.520086946000049 ], [ 69.045039834000079, 34.519805936000068 ], [ 69.045491991000063, 34.51959781000005 ], [ 69.046145125000066, 34.519514417000039 ], [ 69.046396257000083, 34.519306364000045 ], [ 69.046496605000073, 34.51901517400006 ], [ 69.046722598000031, 34.518765556000062 ], [ 69.047124541000073, 34.518599016000053 ], [ 69.047852911000064, 34.518349201000035 ], [ 69.048380417000033, 34.518182653000054 ], [ 69.048732073000053, 34.518016129000046 ], [ 69.049209360000077, 34.517870339000069 ], [ 69.049636508000049, 34.518057338000062 ], [ 69.050277159000075, 34.518077908000066 ], [ 69.050641331000065, 34.517807393000055 ], [ 69.051403788000073, 34.517558908000069 ], [ 69.052439277000076, 34.517519391000064 ], [ 69.053482401000053, 34.517314092000049 ], [ 69.05457337100006, 34.517036725000025 ], [ 69.055454619000045, 34.517088332000071 ], [ 69.056151247000059, 34.516760215000033 ], [ 69.056577204000064, 34.516588911000042 ], [ 69.056946450000055, 34.516484133000063 ], [ 69.057448909000072, 34.516535888000078 ], [ 69.057876062000048, 34.516556473000037 ], [ 69.058252909000032, 34.516618699000048 ], [ 69.058855806000054, 34.516493599000057 ], [ 69.059332880000056, 34.516160643000035 ], [ 69.059885264000059, 34.515640522000069 ], [ 69.060311984000066, 34.515141202000052 ], [ 69.060638300000051, 34.514787529000046 ], [ 69.061115731000029, 34.514891270000078 ], [ 69.06169350600004, 34.514849406000053 ], [ 69.062045074000082, 34.514620482000055 ], [ 69.062497292000046, 34.514661826000065 ], [ 69.062999821000062, 34.514744760000042 ], [ 69.063451946000043, 34.514661333000049 ], [ 69.063828669000031, 34.514494797000054 ], [ 69.064205518000051, 34.514494600000035 ], [ 69.064933984000049, 34.514411022000047 ], [ 69.065367676000051, 34.514514770000062 ], [ 69.065739308000047, 34.514114074000076 ], [ 69.066078951000065, 34.514252996000039 ], [ 69.066453523000064, 34.514268214000026 ], [ 69.066761412000062, 34.514136697000026 ], [ 69.06707626900004, 34.513933706000046 ], [ 69.067454118000057, 34.513690143000076 ], [ 69.06793013600003, 34.513660885000036 ], [ 69.068227706000073, 34.513707073000035 ], [ 69.068609148000064, 34.513666278000073 ], [ 69.06892780700008, 34.513787843000046 ], [ 69.069246490000069, 34.514002025000025 ], [ 69.069810252000082, 34.514218997000057 ], [ 69.07017449600005, 34.514453531000072 ], [ 69.07068930500003, 34.514879161000067 ], [ 69.071407056000055, 34.515009101000032 ], [ 69.071893376000048, 34.514854290000073 ], [ 69.072173230000033, 34.514626191000048 ], [ 69.072474156000055, 34.514452188000064 ], [ 69.073687285000062, 34.514142410000034 ], [ 69.073978797000052, 34.513923949000059 ], [ 69.074272587000053, 34.513694890000068 ], [ 69.074559479000072, 34.513552724000078 ], [ 69.075182511000037, 34.513456750000046 ], [ 69.075731965000045, 34.513439051000034 ], [ 69.076106597000035, 34.513522777000048 ], [ 69.076386709000076, 34.513595063000025 ], [ 69.076855699000077, 34.513568661000079 ], [ 69.077268607000065, 34.513452562000055 ], [ 69.077478461000055, 34.513301736000074 ], [ 69.07782386000008, 34.51334593100006 ], [ 69.078157704000034, 34.513440363000029 ], [ 69.07865115900006, 34.513364745000047 ], [ 69.079302253000037, 34.513399089000075 ], [ 69.079725646000043, 34.513372751000077 ], [ 69.080047664000062, 34.513288491000026 ], [ 69.080299584000045, 34.513213024000038 ], [ 69.080708988000083, 34.513085238000031 ], [ 69.081055208000066, 34.512795255000071 ], [ 69.081123652000031, 34.512484895000057 ], [ 69.081430671000078, 34.512553589000049 ], [ 69.08159089600008, 34.512910827000042 ], [ 69.081716740000047, 34.513257942000052 ], [ 69.082176218000029, 34.513756473000058 ], [ 69.082540136000034, 34.513628711000024 ], [ 69.082879495000043, 34.513454701000057 ], [ 69.083321445000081, 34.513245766000068 ], [ 69.083595270000046, 34.513126945000067 ], [ 69.083955980000042, 34.513063705000036 ], [ 69.084475333000057, 34.513126159000024 ], [ 69.084986411000045, 34.513247504000049 ], [ 69.085350565000056, 34.513357362000079 ], [ 69.085661927000046, 34.513191977000076 ], [ 69.085808783000061, 34.513029637000045 ], [ 69.086060702000054, 34.512959885000043 ], [ 69.086396701000069, 34.512971236000055 ], [ 69.08678877400007, 34.513002837000045 ], [ 69.087145918000033, 34.513127169000029 ], [ 69.087492859000065, 34.513494907000052 ], [ 69.087818587000072, 34.51373514200003 ], [ 69.08810098500004, 34.513794820000044 ], [ 69.088276956000072, 34.513558101000058 ], [ 69.088441247000048, 34.513352188000056 ], [ 69.088759529000072, 34.513143412000034 ], [ 69.089180290000058, 34.513104328000054 ], [ 69.089645955000037, 34.513285838000058 ], [ 69.089969172000053, 34.513566155000035 ], [ 69.090029117000029, 34.514146520000054 ], [ 69.090292789000046, 34.514316723000036 ], [ 69.090801424000063, 34.51428054400003 ], [ 69.091214490000084, 34.514323704000049 ], [ 69.091606593000051, 34.514375581000024 ], [ 69.091844716000082, 34.514442046000056 ], [ 69.092055006000066, 34.514709907000054 ], [ 69.092387580000036, 34.514769041000079 ], [ 69.092600935000064, 34.514603712000053 ], [ 69.092852850000043, 34.51453110500006 ], [ 69.093090810000035, 34.514499090000072 ], [ 69.093426751000038, 34.514403151000067 ], [ 69.093785387000082, 34.514240684000072 ], [ 69.094157996000035, 34.514104178000025 ], [ 69.094548802000077, 34.514019827000027 ], [ 69.094889093000063, 34.513726969000061 ], [ 69.09495508200007, 34.513266225000052 ], [ 69.095150838000052, 34.513057483000068 ], [ 69.095434345000058, 34.513036926000041 ], [ 69.095707372000049, 34.513045415000079 ], [ 69.095990918000041, 34.513010472000076 ], [ 69.096239211000068, 34.512874058000079 ], [ 69.096337059000064, 34.512650871000062 ], [ 69.096574912000051, 34.512531959000057 ], [ 69.096819824000079, 34.512488253000072 ], [ 69.097092786000076, 34.512441683000077 ], [ 69.097330844000055, 34.512453082000036 ], [ 69.09765641000007, 34.512533985000061 ], [ 69.097978675000036, 34.512724912000067 ], [ 69.098444483000037, 34.512967938000031 ], [ 69.098796922000076, 34.513060360000054 ], [ 69.099204163000081, 34.513062916000024 ], [ 69.099557574000073, 34.512964105000037 ], [ 69.099893274000067, 34.512723362000031 ], [ 69.100299160000077, 34.512595558000044 ], [ 69.100726117000079, 34.512551784000038 ], [ 69.101265158000047, 34.512536864000026 ], [ 69.101643122000041, 34.512475633000065 ], [ 69.101971742000046, 34.512197239000045 ], [ 69.102209242000072, 34.511797175000027 ], [ 69.102538275000029, 34.511770882000064 ], [ 69.102881428000046, 34.511843009000074 ], [ 69.103182296000057, 34.51177029400003 ], [ 69.103595231000043, 34.511668536000059 ], [ 69.104141202000051, 34.511668072000077 ], [ 69.104533333000063, 34.51174596900006 ], [ 69.10488687000003, 34.511757255000077 ], [ 69.105376596000042, 34.511516409000023 ], [ 69.105750873000034, 34.511345101000074 ], [ 69.106125468000073, 34.511425895000059 ], [ 69.106388153000069, 34.511486494000053 ], [ 69.106597958000066, 34.511384902000032 ], [ 69.106807816000071, 34.511239796000041 ], [ 69.107010940000066, 34.511111876000029 ], [ 69.10742970900003, 34.51106326200005 ], [ 69.107799374000081, 34.511164932000042 ], [ 69.108141637000074, 34.511221308000074 ], [ 69.108492870000077, 34.511179423000044 ], [ 69.108720899000048, 34.511103693000052 ], [ 69.109030922000045, 34.510956105000048 ], [ 69.109446952000042, 34.510897611000075 ] ] ] ] } },
{ "type": "Feature", "properties": { "OBJECTID": 6, "OID_": 0, "SHAPE_LENG": 34986.425553900001, "PD_NR": 8, "AREA_KM_2": 48.430240529300001, "QUARTER": "SE", "Area": 0.0, "Flood_Area": 0.0, "Flooded_Ur": 0.0, "Total_Dama": 0.0, "Damage_Red": 55353.844430700003, "Area_1": 0.0, "نام_ن": "ناحیه هشتم", "Shape_Le_1": 0.3548108147, "Shape_Area": 0.00475663482 }, "geometry": { "type": "MultiPolygon", "coordinates": [ [ [ [ 69.200885742000082, 34.520028945000035 ], [ 69.20111479500008, 34.519837970000026 ], [ 69.20186710400003, 34.519265025000038 ], [ 69.202113874000077, 34.519103192000046 ], [ 69.202755723000053, 34.518723141000066 ], [ 69.203221094000071, 34.518490602000043 ], [ 69.203674681000052, 34.518318862000058 ], [ 69.203994433000048, 34.518220211000028 ], [ 69.204276391000064, 34.518149083000026 ], [ 69.20463712600008, 34.518080032000057 ], [ 69.20498083800004, 34.518022822000034 ], [ 69.205690968000056, 34.517860699000039 ], [ 69.205967385000065, 34.517752737000023 ], [ 69.206278760000032, 34.51768290800004 ], [ 69.206780486000071, 34.517905393000035 ], [ 69.207320595000056, 34.518095933000041 ], [ 69.20786084100007, 34.518318349000026 ], [ 69.208555336000074, 34.51857242400007 ], [ 69.209095374000071, 34.518731031000073 ], [ 69.209789397000065, 34.518793644000027 ], [ 69.210319760000061, 34.518981121000024 ], [ 69.210865741000077, 34.518987981000066 ], [ 69.211486183000034, 34.519013241000039 ], [ 69.212146175000044, 34.519016561000058 ], [ 69.212758017000056, 34.518979920000049 ], [ 69.213413393000053, 34.51901070100007 ], [ 69.214024435000056, 34.518959446000054 ], [ 69.214685442000075, 34.518976548000069 ], [ 69.215263681000067, 34.519007454000075 ], [ 69.215803487000073, 34.519070305000071 ], [ 69.216307121000057, 34.51928016800008 ], [ 69.216845469000077, 34.519515173000059 ], [ 69.217501349000031, 34.519737341000052 ], [ 69.218118109000045, 34.519768165000073 ], [ 69.218773519000081, 34.519766993000076 ], [ 69.219351652000057, 34.519734032000031 ], [ 69.220045384000059, 34.519700860000057 ], [ 69.22062326300005, 34.519572211000025 ], [ 69.221201225000073, 34.519475439000075 ], [ 69.221740586000067, 34.519346854000048 ], [ 69.222125215000062, 34.51902709400008 ], [ 69.22258692500003, 34.518707192000079 ], [ 69.223048801000061, 34.518451091000031 ], [ 69.223558044000072, 34.518267679000076 ], [ 69.224057512000059, 34.518035448000035 ], [ 69.224623602000065, 34.51790468300004 ], [ 69.22516726200007, 34.517841006000026 ], [ 69.225706607000063, 34.517712359000029 ], [ 69.226327695000066, 34.517595462000031 ], [ 69.227016743000036, 34.517550400000061 ], [ 69.227556028000038, 34.517421790000071 ], [ 69.228095453000037, 34.51732505700005 ], [ 69.228646046000051, 34.517268701000035 ], [ 69.229213283000036, 34.517322965000062 ], [ 69.229749955000045, 34.517176539000047 ], [ 69.230319223000038, 34.517236565000076 ], [ 69.230755763000047, 34.517543395000075 ], [ 69.231309385000031, 34.517656652000028 ], [ 69.231951352000067, 34.517764464000038 ], [ 69.232568246000028, 34.517827140000065 ], [ 69.233108166000079, 34.517889914000079 ], [ 69.233609855000054, 34.518112289000044 ], [ 69.234188059000076, 34.518111182000041 ], [ 69.234688500000061, 34.517886888000078 ], [ 69.235150334000082, 34.517630741000062 ], [ 69.235666332000051, 34.517439014000047 ], [ 69.236122744000056, 34.51717453200007 ], [ 69.236591191000059, 34.516890186000069 ], [ 69.237060392000046, 34.516604168000072 ], [ 69.237558989000036, 34.516312094000057 ], [ 69.238127138000038, 34.515978580000024 ], [ 69.238550129000032, 34.515652380000063 ], [ 69.238998447000029, 34.515326040000048 ], [ 69.239460308000048, 34.51506987700003 ], [ 69.23997466000003, 34.514920925000069 ], [ 69.240445399000066, 34.514609460000031 ], [ 69.241000568000061, 34.514524452000046 ], [ 69.241469590000065, 34.51426159500005 ], [ 69.242021710000074, 34.514084468000078 ], [ 69.242519210000069, 34.51380062800007 ], [ 69.242907673000047, 34.513336775000028 ], [ 69.243386097000041, 34.513052022000068 ], [ 69.243886537000037, 34.512827689000062 ], [ 69.244387013000051, 34.512635234000072 ], [ 69.244925975000058, 34.512378942000055 ], [ 69.245464957000081, 34.51218640500008 ], [ 69.246004234000054, 34.512057713000047 ], [ 69.246543320000058, 34.511865172000057 ], [ 69.246920723000073, 34.51152167500004 ], [ 69.247312073000046, 34.511161691000041 ], [ 69.247464905000072, 34.510714668000048 ], [ 69.247540715000071, 34.510267846000033 ], [ 69.24753925300007, 34.509773340000038 ], [ 69.247279954000078, 34.509379276000061 ], [ 69.244485895000082, 34.507865659000061 ], [ 69.243559435000066, 34.507400099000051 ], [ 69.242837189000056, 34.507047484000054 ], [ 69.241495565000037, 34.50638478500008 ], [ 69.240740982000034, 34.506012923000071 ], [ 69.250920995000058, 34.501866006000057 ], [ 69.264503905000083, 34.496423535000076 ], [ 69.265771886000039, 34.495909229000063 ], [ 69.266087880000043, 34.495809387000065 ], [ 69.266404384000055, 34.495732899000075 ], [ 69.266735931000028, 34.495677210000053 ], [ 69.267106482000031, 34.495642042000043 ], [ 69.273767220000082, 34.495464162000076 ], [ 69.277431761000059, 34.495386592000045 ], [ 69.277493228000083, 34.495117711000034 ], [ 69.277549891000035, 34.494845325000028 ], [ 69.277631192000058, 34.494579645000044 ], [ 69.277622066000049, 34.494307363000075 ], [ 69.277571778000038, 34.494021557000053 ], [ 69.27752158900006, 34.493749368000067 ], [ 69.277496017000033, 34.493477122000058 ], [ 69.277536209000061, 34.493197964000046 ], [ 69.277535307000051, 34.492925663000051 ], [ 69.277468641000041, 34.492660320000027 ], [ 69.277336235000064, 34.492408744000045 ], [ 69.277154589000077, 34.492170896000061 ], [ 69.27700586900005, 34.491926165000052 ], [ 69.276873411000054, 34.491674588000024 ], [ 69.276716415000067, 34.491429875000051 ], [ 69.276559343000031, 34.491178353000066 ], [ 69.276509105000059, 34.49090616400008 ], [ 69.276524608000045, 34.490620208000053 ], [ 69.276581271000055, 34.490347822000047 ], [ 69.276622508000059, 34.49007118600008 ], [ 69.276631847000033, 34.489798862000043 ], [ 69.276466654000046, 34.489560976000064 ], [ 69.276198873000055, 34.489391364000028 ], [ 69.275931203000084, 34.489221841000074 ], [ 69.275735138000073, 34.489001023000071 ], [ 69.275611009000045, 34.488745999000059 ], [ 69.275517620000073, 34.488482428000054 ], [ 69.27550648700003, 34.488210150000043 ], [ 69.275618615000042, 34.487946115000057 ], [ 69.275792468000077, 34.487673420000078 ], [ 69.275884065000071, 34.487409432000049 ], [ 69.275698324000075, 34.487180113000079 ], [ 69.275635785000077, 34.486907951000035 ], [ 69.275460337000084, 34.48667860900008 ], [ 69.275315628000044, 34.486423675000026 ], [ 69.275201741000046, 34.48616862800003 ], [ 69.275097645000073, 34.485760429000038 ], [ 69.275086459000079, 34.485488151000027 ], [ 69.275095857000053, 34.485215826000058 ], [ 69.275094963000072, 34.484943525000062 ], [ 69.275094069000033, 34.484671223000078 ], [ 69.275123941000061, 34.484398852000027 ], [ 69.275143602000071, 34.484118027000079 ], [ 69.275214641000048, 34.483845519000056 ], [ 69.275347430000068, 34.483589960000074 ], [ 69.275572681000028, 34.483351192000043 ], [ 69.27582900200008, 34.483171964000064 ], [ 69.276095668000039, 34.483009666000044 ], [ 69.27630047100007, 34.482796465000035 ], [ 69.276433173000044, 34.482532383000034 ], [ 69.276421983000034, 34.48226010500008 ], [ 69.27630812600006, 34.481996581000033 ], [ 69.276091631000043, 34.481784331000028 ], [ 69.275772808000056, 34.481700010000054 ], [ 69.275443806000055, 34.481649664000031 ], [ 69.275135165000052, 34.481548228000065 ], [ 69.27493923000003, 34.481327453000063 ], [ 69.27482535200005, 34.481072405000077 ], [ 69.274742265000043, 34.480808810000042 ], [ 69.274895579000031, 34.480553206000025 ], [ 69.27523461800007, 34.480543921000049 ], [ 69.27556356000008, 34.480577223000068 ], [ 69.275892444000078, 34.480576481000071 ], [ 69.276221303000057, 34.480601260000071 ], [ 69.276539589000038, 34.48052393100005 ], [ 69.276806190000059, 34.480344677000062 ], [ 69.276897776000055, 34.480080643000065 ], [ 69.276835239000036, 34.479808526000056 ], [ 69.276680275000047, 34.479562094000073 ], [ 69.276494549000063, 34.479332777000025 ], [ 69.276370432000078, 34.47907775300007 ], [ 69.276215470000068, 34.47883132100003 ], [ 69.276111854000078, 34.478567773000066 ], [ 69.27603902900006, 34.478295634000062 ], [ 69.275879408000037, 34.478055434000055 ], [ 69.275659239000049, 34.477848152000035 ], [ 69.275470295000048, 34.477614917000039 ], [ 69.275312256000063, 34.477225733000068 ], [ 69.275311318000035, 34.476940084000034 ], [ 69.275310380000064, 34.476654436000047 ], [ 69.27549773100003, 34.476420307000069 ], [ 69.275747977000037, 34.476237982000043 ], [ 69.276061287000061, 34.476159357000029 ], [ 69.276374395000062, 34.476002816000062 ], [ 69.276593190000028, 34.475794587000053 ], [ 69.276717726000072, 34.475534626000069 ], [ 69.276622752000037, 34.475249190000056 ], [ 69.276402449000045, 34.475015983000048 ], [ 69.27618228700004, 34.474808747000054 ], [ 69.275930850000066, 34.474627508000026 ], [ 69.275648138000065, 34.474472357000025 ], [ 69.275302959000044, 34.474395217000051 ], [ 69.274988973000063, 34.474266062000027 ], [ 69.274675018000039, 34.474162924000041 ], [ 69.274329958000067, 34.474137727000027 ], [ 69.273985006000032, 34.474112528000035 ], [ 69.273640001000047, 34.474087374000078 ], [ 69.273294995000072, 34.474062128000071 ], [ 69.27295007500004, 34.474062899000046 ], [ 69.272605070000054, 34.474037696000039 ], [ 69.272447473000057, 34.473778369000058 ], [ 69.272477906000063, 34.473492650000026 ], [ 69.272602452000058, 34.473232694000046 ], [ 69.272915724000029, 34.473128105000058 ], [ 69.273260641000036, 34.473127335000072 ], [ 69.273605643000053, 34.473152535000054 ], [ 69.273918859000048, 34.473047989000065 ], [ 69.274200544000053, 34.472891523000044 ], [ 69.274450782000031, 34.472709200000054 ], [ 69.274732380000046, 34.472526806000076 ], [ 69.274982670000043, 34.47234448200004 ], [ 69.275201458000083, 34.472136210000031 ], [ 69.275326048000068, 34.471876251000026 ], [ 69.275387776000059, 34.471590416000026 ], [ 69.275355478000051, 34.471304883000073 ], [ 69.275041418000058, 34.471149755000056 ], [ 69.274727359000053, 34.470994672000074 ], [ 69.274444661000075, 34.470839473000069 ], [ 69.274161880000065, 34.47065834600005 ], [ 69.27384790900004, 34.470529233000036 ], [ 69.273502918000077, 34.470504033000054 ], [ 69.273284075000049, 34.470712257000059 ], [ 69.272908370000039, 34.470868885000073 ], [ 69.27259510600004, 34.470973474000061 ], [ 69.272281811000028, 34.471052089000068 ], [ 69.271968600000037, 34.471156631000042 ], [ 69.271686917000068, 34.471313092000059 ], [ 69.271373620000077, 34.47139170500003 ], [ 69.271059735000051, 34.471288512000058 ], [ 69.270933454000044, 34.471029113000043 ], [ 69.270932531000028, 34.470743464000066 ], [ 69.270868888000052, 34.47045795400004 ], [ 69.270711304000031, 34.470198624000034 ], [ 69.270647662000044, 34.469913114000065 ], [ 69.270552744000042, 34.469653645000051 ], [ 69.270395163000046, 34.469394315000045 ], [ 69.27014375400006, 34.46921306400003 ], [ 69.269860933000075, 34.46903192700006 ], [ 69.269609527000057, 34.468850675000056 ], [ 69.26929573700005, 34.46877349500005 ], [ 69.26895083800008, 34.468774254000039 ], [ 69.268605939000054, 34.468775013000027 ], [ 69.268261040000084, 34.468775770000036 ], [ 69.267916141000057, 34.468776526000056 ], [ 69.267571159000056, 34.468751310000073 ], [ 69.267257205000078, 34.468622135000032 ], [ 69.266974530000084, 34.468466963000026 ], [ 69.266629219000038, 34.468337855000073 ], [ 69.266315268000028, 34.468208722000043 ], [ 69.266001319000054, 34.468079544000034 ], [ 69.26568737000008, 34.467950410000071 ], [ 69.265373286000056, 34.467795257000034 ], [ 69.26505934000005, 34.467666122000026 ], [ 69.264745312000059, 34.467510968000056 ], [ 69.264462645000037, 34.467355790000056 ], [ 69.264179978000072, 34.467200567000077 ], [ 69.263897313000029, 34.467045388000031 ], [ 69.263583453000081, 34.466942176000032 ], [ 69.263269594000064, 34.466839008000079 ], [ 69.262955763000036, 34.466761766000047 ], [ 69.262610384000084, 34.466606674000047 ], [ 69.262390278000055, 34.466399412000044 ], [ 69.262076341000068, 34.466270269000063 ], [ 69.26176240500007, 34.466141080000057 ], [ 69.261448552000047, 34.466037862000064 ], [ 69.261103583000079, 34.466012626000065 ], [ 69.260727336000059, 34.466013430000032 ], [ 69.260382503000073, 34.466014165000047 ], [ 69.260069161000047, 34.46609274900004 ], [ 69.259724433000031, 34.466145427000072 ], [ 69.259379545000058, 34.466146159000061 ], [ 69.25903465600004, 34.466146890000061 ], [ 69.258689768000067, 34.466147621000061 ], [ 69.258344879000049, 34.466148350000026 ], [ 69.257999991000077, 34.466149078000058 ], [ 69.257655077000038, 34.466123879000065 ], [ 69.257341094000083, 34.465994678000072 ], [ 69.257089724000082, 34.465813400000059 ], [ 69.256869579000067, 34.465606128000047 ], [ 69.256680689000063, 34.465346846000045 ], [ 69.256460547000074, 34.465139574000034 ], [ 69.256240460000072, 34.464932256000054 ], [ 69.25595781700008, 34.464777059000028 ], [ 69.255643896000038, 34.464647854000077 ], [ 69.255330055000059, 34.464544665000062 ], [ 69.255016003000037, 34.464389531000052 ], [ 69.254702085000076, 34.464260323000076 ], [ 69.254435047000072, 34.464079072000061 ], [ 69.254105767000055, 34.464053785000033 ], [ 69.253760887000055, 34.464054501000078 ], [ 69.253384728000071, 34.464081254000064 ], [ 69.253071440000042, 34.464159775000041 ], [ 69.25272663800007, 34.464186506000033 ], [ 69.252193744000067, 34.464213579000045 ], [ 69.251879831000053, 34.46408436400003 ], [ 69.251628424000046, 34.463903120000055 ], [ 69.251377072000082, 34.463721875000033 ], [ 69.251156924000043, 34.463488576000032 ], [ 69.251030717000049, 34.463229156000068 ], [ 69.250904510000055, 34.462969736000048 ], [ 69.250747002000082, 34.462710380000033 ], [ 69.250526881000042, 34.462503096000034 ], [ 69.250244179000049, 34.46232186800006 ], [ 69.249899151000079, 34.462270674000024 ], [ 69.249554356000033, 34.462297351000075 ], [ 69.249209637000035, 34.462349954000047 ], [ 69.248959375000084, 34.462532271000043 ], [ 69.248709111000039, 34.462714543000061 ], [ 69.248458792000065, 34.462896814000032 ], [ 69.248208527000031, 34.46307912900005 ], [ 69.247863804000076, 34.463131818000079 ], [ 69.247518928000034, 34.463132517000076 ], [ 69.247205026000074, 34.463003245000039 ], [ 69.246953610000048, 34.462796019000052 ], [ 69.246639787000049, 34.462692763000064 ], [ 69.246419676000073, 34.462485472000026 ], [ 69.246418837000078, 34.462199822000059 ], [ 69.246449354000049, 34.461914064000041 ], [ 69.246511174000034, 34.461628332000032 ], [ 69.246604535000074, 34.461368465000078 ], [ 69.246791934000044, 34.461134380000033 ], [ 69.246822449000035, 34.460848666000061 ], [ 69.246602397000061, 34.460641331000033 ], [ 69.246257379000042, 34.460590126000056 ], [ 69.245912741000041, 34.46066869200007 ], [ 69.245599557000048, 34.460799184000052 ], [ 69.245286405000058, 34.460903658000063 ], [ 69.245004652000034, 34.461060057000054 ], [ 69.244660238000051, 34.461216537000041 ], [ 69.244346953000047, 34.46129508100006 ], [ 69.244002235000039, 34.461347714000055 ], [ 69.243657442000028, 34.461374374000059 ], [ 69.243374758000073, 34.461193130000026 ], [ 69.243123433000051, 34.461011868000071 ], [ 69.242840827000066, 34.460856640000031 ], [ 69.242589503000033, 34.460675332000051 ], [ 69.242275564000067, 34.460546138000041 ], [ 69.242055524000079, 34.460338794000052 ], [ 69.241835485000081, 34.460131495000041 ], [ 69.24149054600008, 34.460106204000056 ], [ 69.241177262000065, 34.460184695000066 ], [ 69.240927009000075, 34.460392968000065 ], [ 69.240770973000053, 34.460652955000057 ], [ 69.240552128000047, 34.46086116500004 ], [ 69.240458858000068, 34.461121028000036 ], [ 69.24039696300008, 34.461406847000035 ], [ 69.240209492000076, 34.461640877000036 ], [ 69.239896201000079, 34.461719410000057 ], [ 69.239551256000084, 34.461694114000068 ], [ 69.239205867000067, 34.461512983000034 ], [ 69.238923193000062, 34.46133177400003 ], [ 69.238671877000058, 34.461150503000056 ], [ 69.238389205000033, 34.460969247000037 ], [ 69.238075251000055, 34.460814069000037 ], [ 69.237761299000056, 34.460658846000058 ], [ 69.237447367000073, 34.460529638000025 ], [ 69.237164773000075, 34.460374352000031 ], [ 69.236882107000042, 34.460193093000044 ], [ 69.236599442000056, 34.460011924000071 ], [ 69.23628549600005, 34.459856696000031 ], [ 69.236065345000043, 34.459623414000077 ], [ 69.23581396700007, 34.45941616500005 ], [ 69.235469178000073, 34.459442802000069 ], [ 69.235114663000047, 34.459495294000078 ], [ 69.234872941000049, 34.459236169000064 ], [ 69.234559001000036, 34.459080982000046 ], [ 69.234213923000084, 34.459003726000049 ], [ 69.233869063000043, 34.45900438700005 ], [ 69.23355577600006, 34.459082903000024 ], [ 69.233211006000033, 34.459135506000052 ], [ 69.232897772000058, 34.459213930000033 ], [ 69.232647375000056, 34.459396260000062 ], [ 69.232428568000046, 34.459604410000054 ], [ 69.232241205000037, 34.45986444600004 ], [ 69.231928074000052, 34.460020875000055 ], [ 69.231583067000031, 34.459969584000078 ], [ 69.231363055000031, 34.459762266000041 ], [ 69.231205612000053, 34.459502840000027 ], [ 69.231204825000077, 34.459217144000036 ], [ 69.231141326000056, 34.458931657000051 ], [ 69.231077827000036, 34.45864612500003 ], [ 69.230982902000051, 34.458334725000043 ], [ 69.230856819000053, 34.458075238000049 ], [ 69.230574192000063, 34.457919982000078 ], [ 69.230229265000048, 34.457894660000079 ], [ 69.22988433900008, 34.457869336000044 ], [ 69.229570626000054, 34.457792008000069 ], [ 69.229225842000062, 34.457818628000041 ], [ 69.228912555000079, 34.457897132000028 ], [ 69.228599409000083, 34.458027581000067 ], [ 69.228317688000061, 34.458183942000062 ], [ 69.228130261000047, 34.458443926000029 ], [ 69.227974243000062, 34.458703942000056 ], [ 69.227786743000081, 34.458937954000078 ], [ 69.227567871000076, 34.459146141000076 ], [ 69.227317570000082, 34.459328369000048 ], [ 69.227067269000031, 34.45951059600003 ], [ 69.226691402000029, 34.459641156000032 ], [ 69.226378106000084, 34.459719654000025 ], [ 69.226096321000057, 34.459875965000037 ], [ 69.22587744100008, 34.460084104000032 ], [ 69.225658615000043, 34.460292288000062 ], [ 69.225439625000035, 34.460500427000056 ], [ 69.225220742000033, 34.460708565000061 ], [ 69.22500192800004, 34.460942675000069 ], [ 69.224782989000062, 34.461150857000064 ], [ 69.224469948000035, 34.461307222000073 ], [ 69.224125163000053, 34.461359800000025 ], [ 69.223780155000043, 34.461308487000053 ], [ 69.223591446000057, 34.461075125000036 ], [ 69.223340040000039, 34.460867850000056 ], [ 69.223119977000067, 34.460634545000062 ], [ 69.222962504000066, 34.460375108000051 ], [ 69.222867730000075, 34.460089628000048 ], [ 69.22267890300003, 34.459830293000039 ], [ 69.222396339000056, 34.459675017000052 ], [ 69.222051407000038, 34.459649672000069 ], [ 69.221863943000074, 34.45988372000005 ], [ 69.221802055000069, 34.460195456000065 ], [ 69.22170867300008, 34.460455350000075 ], [ 69.22145837000005, 34.460663494000073 ], [ 69.22123954500006, 34.460897642000077 ], [ 69.221052076000035, 34.46113168800008 ], [ 69.220801756000071, 34.461313903000075 ], [ 69.220488585000055, 34.461444375000042 ], [ 69.220206783000037, 34.461600628000042 ], [ 69.219925034000028, 34.461756970000067 ], [ 69.21976898500003, 34.462016930000061 ], [ 69.219581455000082, 34.462250974000028 ], [ 69.219425403000059, 34.462510934000079 ], [ 69.219175021000069, 34.46269314500006 ], [ 69.218861706000041, 34.462771624000027 ], [ 69.218547849000061, 34.462642368000047 ], [ 69.218359152000062, 34.462408953000079 ], [ 69.218233047000069, 34.462149499000077 ], [ 69.21810705300004, 34.461890044000029 ], [ 69.217918249000036, 34.461656674000039 ], [ 69.217760845000043, 34.461397275000024 ], [ 69.217634677000035, 34.461111847000041 ], [ 69.217508577000046, 34.460852392000049 ], [ 69.217382532000045, 34.460592937000058 ], [ 69.217131142000028, 34.460385604000066 ], [ 69.216848586000083, 34.460230271000057 ], [ 69.216534876000082, 34.46015295400008 ], [ 69.216158455000084, 34.460075748000065 ], [ 69.215813389000061, 34.459998440000049 ], [ 69.215468325000074, 34.459921132000034 ], [ 69.215123394000045, 34.459895767000035 ], [ 69.21474710800004, 34.459870456000033 ], [ 69.214402244000041, 34.459871061000058 ], [ 69.214057248000074, 34.459819721000031 ], [ 69.213743409000074, 34.459690453000064 ], [ 69.213460862000034, 34.459535111000037 ], [ 69.213585625000064, 34.459275214000058 ], [ 69.213804467000045, 34.459041124000066 ], [ 69.214023374000078, 34.458833006000077 ], [ 69.214305178000075, 34.458676678000074 ], [ 69.214586860000054, 34.458494421000069 ], [ 69.214805751000029, 34.45826033000003 ], [ 69.21486767600004, 34.457974524000065 ], [ 69.214898300000073, 34.457688863000044 ], [ 69.214897568000083, 34.457403212000031 ], [ 69.214677550000033, 34.457195864000028 ], [ 69.214332564000074, 34.457144524000057 ], [ 69.213987579000047, 34.45709318300004 ], [ 69.213673817000029, 34.456989797000062 ], [ 69.213328845000035, 34.456964472000038 ], [ 69.212984113000061, 34.456991001000063 ], [ 69.21267094600006, 34.45712145300007 ], [ 69.212357843000063, 34.457277787000066 ], [ 69.212076148000051, 34.457434111000055 ], [ 69.211762989000079, 34.457590444000061 ], [ 69.211449817000073, 34.457720848000065 ], [ 69.211128832000043, 34.457818620000069 ], [ 69.210791854000036, 34.457877774000053 ], [ 69.210540489000039, 34.457670473000064 ], [ 69.210445825000079, 34.457410956000047 ], [ 69.210445109000034, 34.457125305000034 ], [ 69.210507102000065, 34.456839546000026 ], [ 69.210569041000042, 34.456553787000075 ], [ 69.210631034000073, 34.456268028000068 ], [ 69.210630251000055, 34.455956405000052 ], [ 69.210629534000077, 34.455670753000049 ], [ 69.210628817000043, 34.455385102000037 ], [ 69.210534101000064, 34.455125586000065 ], [ 69.210408087000076, 34.454866123000045 ], [ 69.210219375000065, 34.454632740000079 ], [ 69.20996813000005, 34.454425392000076 ], [ 69.209716842000034, 34.454244061000054 ], [ 69.209402967000074, 34.454088809000041 ], [ 69.209089286000051, 34.454011428000058 ], [ 69.208744446000082, 34.454012017000025 ], [ 69.208399671000052, 34.454038578000052 ], [ 69.208054960000084, 34.454091110000036 ], [ 69.207710120000058, 34.454091696000035 ], [ 69.207365215000038, 34.454066309000041 ], [ 69.207051537000041, 34.453988878000075 ], [ 69.206737677000035, 34.453859592000072 ], [ 69.206365958000049, 34.453842635000058 ], [ 69.206275363000032, 34.454057151000029 ], [ 69.205950309000059, 34.454356788000041 ], [ 69.205705952000073, 34.454600647000063 ], [ 69.205461548000073, 34.454803923000043 ], [ 69.205167953000057, 34.454926162000049 ], [ 69.204874457000074, 34.455088937000028 ], [ 69.204580959000054, 34.455251757000042 ], [ 69.204140486000028, 34.455414776000055 ], [ 69.203846887000054, 34.455537012000036 ], [ 69.203553441000054, 34.455699784000046 ], [ 69.203161999000031, 34.455903300000045 ], [ 69.202868495000075, 34.456066116000045 ], [ 69.202575044000071, 34.45622888500003 ], [ 69.202281332000041, 34.456351118000043 ], [ 69.201938539000082, 34.45639226600008 ], [ 69.201644934000058, 34.456514452000079 ], [ 69.201351328000044, 34.456636682000067 ], [ 69.200715120000041, 34.456881175000035 ], [ 69.200421511000059, 34.457003358000065 ], [ 69.200078812000072, 34.457085038000059 ], [ 69.199687313000084, 34.457248052000068 ], [ 69.199344709000059, 34.45737031200008 ], [ 69.199002104000044, 34.457492616000025 ], [ 69.19817019900006, 34.457859115000076 ], [ 69.197876679000046, 34.458021919000032 ], [ 69.197583157000054, 34.45818467600003 ], [ 69.197289634000072, 34.458347478000064 ], [ 69.196996015000082, 34.458469653000066 ], [ 69.196702341000048, 34.458591872000056 ], [ 69.196408775000066, 34.458714 ], [ 69.196066160000044, 34.458836341000051 ], [ 69.195576090000031, 34.458755962000055 ], [ 69.194987751000042, 34.458554037000056 ], [ 69.19435057000004, 34.458392768000067 ], [ 69.193860277000056, 34.45819063700003 ], [ 69.19332122000003, 34.458110371000032 ], [ 69.192782086000079, 34.457948895000072 ], [ 69.192291598000054, 34.457706220000034 ], [ 69.191752321000081, 34.457504202000052 ], [ 69.191213232000052, 34.45738330000006 ], [ 69.190673999000069, 34.457221859000072 ], [ 69.190134821000072, 34.457060371000068 ], [ 69.189608365000083, 34.456914597000036 ], [ 69.189154036000048, 34.456574998000065 ], [ 69.188663621000046, 34.456332309000061 ], [ 69.188173300000074, 34.456130199000029 ], [ 69.187683035000077, 34.455928043000029 ], [ 69.187143871000046, 34.455766586000038 ], [ 69.186555574000067, 34.455564620000075 ], [ 69.186016041000073, 34.455357211000035 ], [ 69.185576173000072, 34.455687812000065 ], [ 69.185135929000069, 34.455972509000048 ], [ 69.184793845000058, 34.456338219000031 ], [ 69.184451812000077, 34.456703929000071 ], [ 69.184060675000069, 34.457069667000042 ], [ 69.183620473000076, 34.457354358000032 ], [ 69.183131132000028, 34.45759853900006 ], [ 69.182641788000069, 34.457842763000031 ], [ 69.182397760000072, 34.458248858000047 ], [ 69.182153730000039, 34.458654997000053 ], [ 69.182056712000076, 34.459101453000073 ], [ 69.181861759000071, 34.459548101000053 ], [ 69.181470564000051, 34.459873248000065 ], [ 69.181128448000038, 34.46023894800004 ], [ 69.18078627400007, 34.460604648000071 ], [ 69.180395125000075, 34.460929837000037 ], [ 69.179955010000072, 34.461295679000045 ], [ 69.179661963000058, 34.461701839000057 ], [ 69.179270836000057, 34.462067607000051 ], [ 69.178830678000054, 34.462392862000058 ], [ 69.178390462000038, 34.462718116000076 ], [ 69.177950243000055, 34.463043324000068 ], [ 69.177509934000057, 34.463327993000064 ], [ 69.177069677000077, 34.463612615000045 ], [ 69.176531199000067, 34.463816349000069 ], [ 69.175992687000075, 34.463979408000057 ], [ 69.175503370000058, 34.464264141000058 ], [ 69.175063101000035, 34.464548801000035 ], [ 69.174622775000046, 34.464833415000044 ], [ 69.174231611000039, 34.465199211000026 ], [ 69.17393852400005, 34.465605358000062 ], [ 69.173547521000046, 34.466052225000055 ], [ 69.173156431000052, 34.466458600000067 ], [ 69.17281425200008, 34.466824231000032 ], [ 69.172472016000029, 34.467189907000034 ], [ 69.17252207000007, 34.467676685000072 ], [ 69.172767929000031, 34.468122740000069 ], [ 69.173013707000052, 34.468528122000066 ], [ 69.17330854100004, 34.468933479000043 ], [ 69.173603324000055, 34.469338790000052 ], [ 69.173947025000075, 34.469703448000075 ], [ 69.174388645000079, 34.470027475000052 ], [ 69.174830214000053, 34.47035145500007 ], [ 69.17522284100005, 34.470675503000052 ], [ 69.175615555000036, 34.471040087000063 ], [ 69.176057189000062, 34.471364062000077 ], [ 69.17649885600008, 34.471728572000075 ], [ 69.176940497000032, 34.472052589000043 ], [ 69.177382001000069, 34.472335933000068 ], [ 69.177823702000069, 34.472659947000068 ], [ 69.178216297000063, 34.472983985000042 ], [ 69.178609003000076, 34.473307977000047 ], [ 69.178707904000078, 34.473754144000054 ], [ 69.178953727000078, 34.474159603000032 ], [ 69.179150691000075, 34.474605626000027 ], [ 69.179200735000052, 34.47509244500003 ], [ 69.17920177600007, 34.475579382000035 ], [ 69.17925176600005, 34.476066201000037 ], [ 69.179252807000069, 34.476553092000074 ], [ 69.179302853000081, 34.477039912000066 ], [ 69.179450821000046, 34.477486050000039 ], [ 69.179549786000052, 34.477932216000056 ], [ 69.179648698000051, 34.478378426000063 ], [ 69.179747665000036, 34.47882463600007 ], [ 69.17974870900008, 34.479311482000071 ], [ 69.179749753000067, 34.47979841800003 ], [ 69.179652698000041, 34.48024491700005 ], [ 69.179457771000045, 34.480732050000029 ], [ 69.179311707000068, 34.481178620000037 ], [ 69.179067595000049, 34.481584707000025 ], [ 69.17897064400006, 34.482031250000034 ], [ 69.178824520000035, 34.482477774000074 ], [ 69.178580348000082, 34.482883905000051 ], [ 69.178336314000035, 34.483330526000032 ], [ 69.177986399000076, 34.483716113000071 ], [ 69.177766633000033, 34.484131089000073 ], [ 69.177536777000057, 34.484565063000048 ], [ 69.177408881000076, 34.485036044000026 ], [ 69.177262853000059, 34.485482611000066 ], [ 69.176989063000065, 34.486002320000068 ], [ 69.176920712000083, 34.486461851000058 ], [ 69.176726857000062, 34.486903526000049 ], [ 69.176629777000073, 34.487349977000065 ], [ 69.176483741000084, 34.487796543000059 ], [ 69.176386660000048, 34.488242993000028 ], [ 69.176263897000069, 34.488700257000062 ], [ 69.176094611000053, 34.489176706000023 ], [ 69.17589958800005, 34.489663834000055 ], [ 69.175753629000042, 34.490150935000031 ], [ 69.175607529000047, 34.490597545000071 ], [ 69.175412470000083, 34.491044090000059 ], [ 69.175217299000053, 34.491490725000062 ], [ 69.175071388000049, 34.491977826000038 ], [ 69.174925281000071, 34.492424345000074 ], [ 69.174681200000066, 34.49287104900003 ], [ 69.174486130000048, 34.493317637000075 ], [ 69.174340018000066, 34.493764200000044 ], [ 69.174242864000064, 34.494210649000024 ], [ 69.174145818000056, 34.49465718700003 ], [ 69.174097815000039, 34.495144101000051 ], [ 69.174049866000075, 34.49563106100004 ], [ 69.17380571700005, 34.496077808000052 ], [ 69.173512466000034, 34.496483907000027 ], [ 69.17307620400004, 34.496868881000069 ], [ 69.172918705000029, 34.497346300000061 ], [ 69.172633079000036, 34.497783589000051 ], [ 69.172388916000045, 34.49823024300008 ], [ 69.172046909000073, 34.498717617000068 ], [ 69.171802602000071, 34.499123733000033 ], [ 69.171558485000048, 34.499570385000027 ], [ 69.171265319000042, 34.499976569000069 ], [ 69.171021060000044, 34.500382684000044 ], [ 69.170974914000055, 34.500962661000074 ], [ 69.171230378000075, 34.500947559000053 ], [ 69.171895447000054, 34.500920382000061 ], [ 69.172560623000038, 34.500945688000058 ], [ 69.173194427000055, 34.501154553000049 ], [ 69.173828179000054, 34.501310930000045 ], [ 69.174493468000037, 34.501414863000036 ], [ 69.175158540000041, 34.501413911000043 ], [ 69.175823502000071, 34.501360516000034 ], [ 69.176488461000076, 34.501254721000066 ], [ 69.177153199000031, 34.501122635000058 ], [ 69.177817879000031, 34.500938150000025 ], [ 69.17845085600004, 34.500727464000079 ], [ 69.179020263000041, 34.500411987000064 ], [ 69.179557912000064, 34.500070312000048 ], [ 69.180127368000058, 34.499781073000065 ], [ 69.18063330800004, 34.49941324100007 ], [ 69.18117094400003, 34.499071603000061 ], [ 69.181803898000055, 34.498860901000057 ], [ 69.182310394000069, 34.498729067000056 ], [ 69.183149388000061, 34.498622931000057 ], [ 69.184265608000032, 34.498471867000035 ], [ 69.185026686000072, 34.498402359000067 ], [ 69.185449486000039, 34.498501865000037 ], [ 69.185763007000048, 34.498589 ], [ 69.186169320000033, 34.498694706000038 ], [ 69.186588092000079, 34.49894075900005 ], [ 69.187172338000039, 34.499240351000026 ], [ 69.187436051000077, 34.499313129000029 ], [ 69.187720772000034, 34.499379201000067 ], [ 69.187870793000059, 34.499610196000049 ], [ 69.187990358000036, 34.499835737000069 ], [ 69.188122895000049, 34.500089574000071 ], [ 69.188259735000031, 34.500343315000066 ], [ 69.188440937000053, 34.500657680000074 ], [ 69.188658482000051, 34.50102632200003 ], [ 69.188838659000055, 34.501319224000042 ], [ 69.188981445000081, 34.501551176000078 ], [ 69.189108528000077, 34.501799205000054 ], [ 69.189308427000071, 34.502309954000054 ], [ 69.189379615000064, 34.502527542000053 ], [ 69.189443813000082, 34.502760788000046 ], [ 69.189551247000054, 34.502965018000054 ], [ 69.189753703000065, 34.503087486000027 ], [ 69.19001972500007, 34.503211793000048 ], [ 69.190367681000055, 34.503294850000032 ], [ 69.191527001000054, 34.503367619000073 ], [ 69.192078003000063, 34.503495443000077 ], [ 69.192554757000039, 34.503688763000071 ], [ 69.192910195000081, 34.503896657000041 ], [ 69.193173586000057, 34.504104966000057 ], [ 69.193347738000057, 34.504279418000067 ], [ 69.193743033000032, 34.504738447000079 ], [ 69.194084952000082, 34.505150079000032 ], [ 69.194553198000051, 34.505707648000055 ], [ 69.194967880000036, 34.506159969000066 ], [ 69.195163323000031, 34.506328207000024 ], [ 69.195383493000065, 34.506495728000061 ], [ 69.195718062000083, 34.506715416000077 ], [ 69.196102168000039, 34.506922037000038 ], [ 69.196402225000043, 34.507033470000067 ], [ 69.196647711000082, 34.507170827000039 ], [ 69.196855447000075, 34.507375746000037 ], [ 69.196960936000039, 34.508016767000072 ], [ 69.196864944000083, 34.508356861000038 ], [ 69.196688454000082, 34.508608075000041 ], [ 69.195234218000053, 34.511807387000033 ], [ 69.193729235000035, 34.514664251000056 ], [ 69.192552602000035, 34.516937375000055 ], [ 69.196103338000057, 34.518117342000039 ], [ 69.196556145000045, 34.518304281000042 ], [ 69.197125123000035, 34.51850167300006 ], [ 69.197572957000034, 34.518656918000033 ], [ 69.19833256700008, 34.518929207000042 ], [ 69.199319532000061, 34.519278271000076 ], [ 69.199623447000079, 34.519456830000024 ], [ 69.199898794000035, 34.519693331000042 ], [ 69.200149606000082, 34.519966846000045 ], [ 69.200514247000058, 34.520091104000073 ], [ 69.200885742000082, 34.520028945000035 ] ] ] ] } },
{ "type": "Feature", "properties": { "OBJECTID": 7, "OID_": 0, "SHAPE_LENG": 8972.4431042600008, "PD_NR": 1, "AREA_KM_2": 4.6733288288099999, "QUARTER": "SE", "Area": 0.0, "Flood_Area": 2.0, "Flooded_Ur": 0.42796046956, "Total_Dama": 299229.960318, "Damage_Red": 149614.980159, "Area_1": 0.0, "نام_ن": "ناحیه اول", "Shape_Le_1": 0.09006594884000001, "Shape_Area": 0.00045912494 }, "geometry": { "type": "MultiPolygon", "coordinates": [ [ [ [ 69.192552602000035, 34.516937375000055 ], [ 69.193729235000035, 34.514664251000056 ], [ 69.195234218000053, 34.511807387000033 ], [ 69.196688454000082, 34.508608075000041 ], [ 69.196864944000083, 34.508356861000038 ], [ 69.196960936000039, 34.508016767000072 ], [ 69.196855447000075, 34.507375746000037 ], [ 69.196647711000082, 34.507170827000039 ], [ 69.196402225000043, 34.507033470000067 ], [ 69.196102168000039, 34.506922037000038 ], [ 69.195718062000083, 34.506715416000077 ], [ 69.195383493000065, 34.506495728000061 ], [ 69.195163323000031, 34.506328207000024 ], [ 69.194967880000036, 34.506159969000066 ], [ 69.194553198000051, 34.505707648000055 ], [ 69.194084952000082, 34.505150079000032 ], [ 69.193743033000032, 34.504738447000079 ], [ 69.193347738000057, 34.504279418000067 ], [ 69.193173586000057, 34.504104966000057 ], [ 69.192910195000081, 34.503896657000041 ], [ 69.192554757000039, 34.503688763000071 ], [ 69.192078003000063, 34.503495443000077 ], [ 69.191527001000054, 34.503367619000073 ], [ 69.190367681000055, 34.503294850000032 ], [ 69.19001972500007, 34.503211793000048 ], [ 69.189753703000065, 34.503087486000027 ], [ 69.189551247000054, 34.502965018000054 ], [ 69.189443813000082, 34.502760788000046 ], [ 69.189379615000064, 34.502527542000053 ], [ 69.189308427000071, 34.502309954000054 ], [ 69.189108528000077, 34.501799205000054 ], [ 69.188981445000081, 34.501551176000078 ], [ 69.188838659000055, 34.501319224000042 ], [ 69.188658482000051, 34.50102632200003 ], [ 69.188440937000053, 34.500657680000074 ], [ 69.188259735000031, 34.500343315000066 ], [ 69.188122895000049, 34.500089574000071 ], [ 69.187990358000036, 34.499835737000069 ], [ 69.187870793000059, 34.499610196000049 ], [ 69.187720772000034, 34.499379201000067 ], [ 69.187436051000077, 34.499313129000029 ], [ 69.187172338000039, 34.499240351000026 ], [ 69.186588092000079, 34.49894075900005 ], [ 69.186169320000033, 34.498694706000038 ], [ 69.185763007000048, 34.498589 ], [ 69.185449486000039, 34.498501865000037 ], [ 69.185026686000072, 34.498402359000067 ], [ 69.184265608000032, 34.498471867000035 ], [ 69.183149388000061, 34.498622931000057 ], [ 69.182310394000069, 34.498729067000056 ], [ 69.181803898000055, 34.498860901000057 ], [ 69.18117094400003, 34.499071603000061 ], [ 69.18063330800004, 34.49941324100007 ], [ 69.180127368000058, 34.499781073000065 ], [ 69.179557912000064, 34.500070312000048 ], [ 69.179020263000041, 34.500411987000064 ], [ 69.17845085600004, 34.500727464000079 ], [ 69.177817879000031, 34.500938150000025 ], [ 69.177153199000031, 34.501122635000058 ], [ 69.176488461000076, 34.501254721000066 ], [ 69.175823502000071, 34.501360516000034 ], [ 69.175158540000041, 34.501413911000043 ], [ 69.174493468000037, 34.501414863000036 ], [ 69.173828179000054, 34.501310930000045 ], [ 69.173194427000055, 34.501154553000049 ], [ 69.172560623000038, 34.500945688000058 ], [ 69.171895447000054, 34.500920382000061 ], [ 69.171230378000075, 34.500947559000053 ], [ 69.170974914000055, 34.500962661000074 ], [ 69.170609953000053, 34.501020166000046 ], [ 69.16968918300006, 34.501537153000072 ], [ 69.168950658000028, 34.501953598000057 ], [ 69.168370400000072, 34.502260430000035 ], [ 69.16802849700008, 34.50298230900006 ], [ 69.167554966000068, 34.503879275000031 ], [ 69.167186872000059, 34.504666794000059 ], [ 69.166977164000059, 34.505454096000051 ], [ 69.166668339000068, 34.506060042000058 ], [ 69.166010221000079, 34.506564647000062 ], [ 69.164626226000053, 34.507531914000026 ], [ 69.164831796000044, 34.508916781000039 ], [ 69.16520573300005, 34.509993585000075 ], [ 69.164434311000036, 34.510987885000077 ], [ 69.167183007000062, 34.512332819000051 ], [ 69.168893193000031, 34.513103232000049 ], [ 69.169788285000038, 34.513235595000026 ], [ 69.170580506000078, 34.513246621000064 ], [ 69.171079456000029, 34.513343094000049 ], [ 69.171454160000053, 34.513654596000038 ], [ 69.171594286000072, 34.514010256000063 ], [ 69.171609636000028, 34.514350218000061 ], [ 69.171684531000039, 34.515090864000058 ], [ 69.171817099000066, 34.51534566600003 ], [ 69.174571454000045, 34.517293197000072 ], [ 69.175299778000067, 34.517754965000051 ], [ 69.175908707000076, 34.518091188000028 ], [ 69.176301648000049, 34.518249160000039 ], [ 69.176733854000076, 34.518297188000076 ], [ 69.177237729000069, 34.518180620000066 ], [ 69.177676271000053, 34.51818552900005 ], [ 69.178189730000042, 34.518170127000076 ], [ 69.178762127000084, 34.518152968000038 ], [ 69.179289698000048, 34.517885032000038 ], [ 69.179641201000038, 34.517617353000048 ], [ 69.180051113000047, 34.517203899000037 ], [ 69.180308747000083, 34.516834091000078 ], [ 69.180529514000057, 34.516571788000078 ], [ 69.180753425000034, 34.516328508000072 ], [ 69.181215441000063, 34.516058452000038 ], [ 69.181500869000047, 34.515999545000057 ], [ 69.18188256500008, 34.516096148000031 ], [ 69.182196927000064, 34.516315903000077 ], [ 69.182526953000036, 34.51657382500008 ], [ 69.183232219000047, 34.517310588000043 ], [ 69.184117339000068, 34.51832713500005 ], [ 69.18485185000003, 34.518775309000034 ], [ 69.185349699000028, 34.518991621000055 ], [ 69.185715063000032, 34.519134275000056 ], [ 69.188006692000044, 34.519795316000057 ], [ 69.190359793000084, 34.520473938000066 ], [ 69.190792640000041, 34.520603350000044 ], [ 69.190963269000065, 34.520271216000026 ], [ 69.191346134000071, 34.519436394000024 ], [ 69.191723698000033, 34.518597836000026 ], [ 69.191853669000068, 34.518332319000024 ], [ 69.191988197000057, 34.518058993000068 ], [ 69.19212755500007, 34.51777790400007 ], [ 69.192239423000046, 34.517553221000071 ], [ 69.192368049000038, 34.517296633000058 ], [ 69.192552602000035, 34.516937375000055 ] ] ] ] } },
{ "type": "Feature", "properties": { "OBJECTID": 8, "OID_": 0, "SHAPE_LENG": 13704.8618818, "PD_NR": 3, "AREA_KM_2": 9.2199543894599998, "QUARTER": "NW", "Area": 0.0, "Flood_Area": 3.5, "Flooded_Ur": 0.37961142237000001, "Total_Dama": 390847.92047499999, "Damage_Red": 111670.834422, "Area_1": 0.0, "نام_ن": "ناحیه سوم", "Shape_Le_1": 0.13826735146, "Shape_Area": 0.00090587501 }, "geometry": { "type": "MultiPolygon", "coordinates": [ [ [ [ 69.164434311000036, 34.510987885000077 ], [ 69.16290117300008, 34.510379185000033 ], [ 69.16138803900003, 34.509850339000025 ], [ 69.160375768000051, 34.509486527000035 ], [ 69.159832957000049, 34.509279370000058 ], [ 69.159263598000052, 34.509060341000065 ], [ 69.158526555000037, 34.508883777000051 ], [ 69.157994882000082, 34.508830402000058 ], [ 69.157435240000041, 34.508792527000026 ], [ 69.156922295000072, 34.508762299000068 ], [ 69.15640929500006, 34.508732070000065 ], [ 69.155924322000033, 34.508717269000044 ], [ 69.155485960000078, 34.508694651000042 ], [ 69.155010268000069, 34.508602684000039 ], [ 69.154646291000063, 34.50847955100005 ], [ 69.154366224000057, 34.50834098100006 ], [ 69.15407147500008, 34.508125954000036 ], [ 69.153800470000078, 34.507937906000052 ], [ 69.153244814000061, 34.507513714000027 ], [ 69.15296290100008, 34.507076822000045 ], [ 69.153141461000075, 34.506636376000074 ], [ 69.153429844000073, 34.506234616000029 ], [ 69.15395095100007, 34.505647239000041 ], [ 69.154376766000041, 34.505195703000027 ], [ 69.154165938000062, 34.50499775000003 ], [ 69.153992526000081, 34.504767420000064 ], [ 69.153810720000081, 34.504533627000058 ], [ 69.153708915000038, 34.504233360000057 ], [ 69.153620741000054, 34.503703744000063 ], [ 69.153378460000056, 34.503517778000059 ], [ 69.153125345000035, 34.503483241000026 ], [ 69.152796307000074, 34.503539520000061 ], [ 69.152492751000068, 34.50365163400005 ], [ 69.152185067000062, 34.503830127000072 ], [ 69.151915469000073, 34.504047034000052 ], [ 69.151616262000061, 34.504246481000052 ], [ 69.151231233000033, 34.504426285000079 ], [ 69.150743230000046, 34.504408265000052 ], [ 69.150561511000035, 34.504247786000064 ], [ 69.150210748000063, 34.503916439000079 ], [ 69.149776065000083, 34.503834276000077 ], [ 69.149455587000034, 34.503927826000051 ], [ 69.14923636900005, 34.50402589600003 ], [ 69.148887520000073, 34.504154335000067 ], [ 69.148368389000041, 34.504427360000079 ], [ 69.147572512000067, 34.50476533300008 ], [ 69.146723459000043, 34.505129066000052 ], [ 69.146475769000062, 34.505176979000055 ], [ 69.145639430000074, 34.505214592000073 ], [ 69.145074650000083, 34.505243085000075 ], [ 69.144549342000062, 34.505293218000077 ], [ 69.143909976000032, 34.505311017000054 ], [ 69.143563806000031, 34.505262816000027 ], [ 69.143249535000052, 34.505044630000043 ], [ 69.14293204900008, 34.504600677000042 ], [ 69.142573103000075, 34.504020732000072 ], [ 69.142296811000051, 34.503647116000025 ], [ 69.141959171000053, 34.503453212000068 ], [ 69.141395820000071, 34.503354350000052 ], [ 69.140870781000046, 34.503364696000062 ], [ 69.140284177000069, 34.503396934000079 ], [ 69.13984122200003, 34.503343965000056 ], [ 69.139415640000038, 34.503191503000039 ], [ 69.138934344000063, 34.503041493000069 ], [ 69.138285858000074, 34.502869801000031 ], [ 69.137960120000059, 34.502785173000063 ], [ 69.13747898400004, 34.502695894000055 ], [ 69.136968485000068, 34.502635775000044 ], [ 69.136296721000065, 34.502580704000025 ], [ 69.135712955000031, 34.502547310000068 ], [ 69.134912144000054, 34.502480200000036 ], [ 69.134228630000052, 34.502432345000045 ], [ 69.133474704000037, 34.502391958000032 ], [ 69.132961349000084, 34.502348780000034 ], [ 69.132547741000053, 34.502317665000078 ], [ 69.132090206000044, 34.502337595000029 ], [ 69.131653288000052, 34.502410933000078 ], [ 69.131228182000029, 34.502549775000034 ], [ 69.13087654800006, 34.502722534000043 ], [ 69.130516174000036, 34.502985213000045 ], [ 69.130231992000063, 34.503244473000052 ], [ 69.130103377000069, 34.503512585000067 ], [ 69.130068579000067, 34.503796694000073 ], [ 69.130026586000042, 34.504008125000041 ], [ 69.129836547000082, 34.504216241000051 ], [ 69.129228364000028, 34.504530898000041 ], [ 69.128879386000051, 34.504703604000042 ], [ 69.128327482000032, 34.504747337000026 ], [ 69.127917581000077, 34.504582509000045 ], [ 69.127327310000055, 34.504218070000036 ], [ 69.126806450000061, 34.504115579000029 ], [ 69.126384715000029, 34.504189109000038 ], [ 69.126142012000059, 34.50429897500004 ], [ 69.125529544000074, 34.504744292000055 ], [ 69.125188986000069, 34.505016810000029 ], [ 69.124921957000083, 34.505216024000049 ], [ 69.124551891000067, 34.505427607000058 ], [ 69.124199649000047, 34.505538123000065 ], [ 69.123929278000048, 34.505579926000053 ], [ 69.123687441000072, 34.505580171000076 ], [ 69.122569577000036, 34.505418159000044 ], [ 69.122057315000063, 34.505386071000032 ], [ 69.121645341000033, 34.50536276400004 ], [ 69.121037467000065, 34.505390332000047 ], [ 69.120560978000071, 34.505462858000044 ], [ 69.120137686000078, 34.505485235000037 ], [ 69.119719481000061, 34.505446146000054 ], [ 69.119359659000054, 34.50540271400007 ], [ 69.11907403400005, 34.505481857000063 ], [ 69.118825342000036, 34.505525927000065 ], [ 69.118502530000058, 34.505539362000036 ], [ 69.118105598000056, 34.50552220600008 ], [ 69.117573858000071, 34.505581878000044 ], [ 69.117104022000035, 34.505701685000076 ], [ 69.117126589000065, 34.506103784000061 ], [ 69.117199714000037, 34.506551961000071 ], [ 69.117249518000051, 34.506876928000054 ], [ 69.117342189000055, 34.507474113000058 ], [ 69.117533448000074, 34.508650980000027 ], [ 69.117609818000062, 34.509118813000043 ], [ 69.11770640900005, 34.50971062800005 ], [ 69.117916483000045, 34.510973058000047 ], [ 69.117993049000063, 34.511422178000032 ], [ 69.118040126000039, 34.511779252000053 ], [ 69.118102098000065, 34.512230506000037 ], [ 69.118039787000043, 34.512504718000059 ], [ 69.117943169000057, 34.512748031000058 ], [ 69.118090185000028, 34.51320731900006 ], [ 69.118371711000066, 34.51487103200003 ], [ 69.118669879000038, 34.51658455200004 ], [ 69.119040301000041, 34.518646688000047 ], [ 69.119257151000056, 34.519855765000045 ], [ 69.119374872000037, 34.520731087000058 ], [ 69.119481749000045, 34.521373615000073 ], [ 69.119555981000076, 34.522006977000046 ], [ 69.119646383000031, 34.522555913000076 ], [ 69.119845267000073, 34.523683437000045 ], [ 69.120007955000062, 34.524603217000049 ], [ 69.120116478000057, 34.525285649000068 ], [ 69.120287841000049, 34.526020007000056 ], [ 69.120377912000038, 34.526294386000075 ], [ 69.120495163000044, 34.526791350000053 ], [ 69.120567299000072, 34.527095460000055 ], [ 69.120603704000075, 34.527481220000027 ], [ 69.12065816300003, 34.52795597100004 ], [ 69.120757622000042, 34.528542007000055 ], [ 69.120857426000043, 34.529365399000028 ], [ 69.12092087700006, 34.529840186000058 ], [ 69.121011082000052, 34.530240727000034 ], [ 69.121155397000052, 34.530834067000058 ], [ 69.121330514000078, 34.53215126200007 ], [ 69.121596237000063, 34.532525340000063 ], [ 69.122608855000067, 34.532715557000074 ], [ 69.123684997000055, 34.532898622000062 ], [ 69.126919318000034, 34.533434723000028 ], [ 69.126834802000076, 34.533106416000066 ], [ 69.126866626000037, 34.532749986000056 ], [ 69.126796668000054, 34.532571094000048 ], [ 69.127976819000082, 34.532212700000059 ], [ 69.128219723000029, 34.53154289400004 ], [ 69.128744499000049, 34.530962251000062 ], [ 69.129181543000072, 34.530272940000032 ], [ 69.129356036000047, 34.529837676000056 ], [ 69.129819186000077, 34.528914900000075 ], [ 69.130152929000076, 34.527955917000043 ], [ 69.130828463000057, 34.528029730000071 ], [ 69.131954300000075, 34.528140344000064 ], [ 69.133383800000047, 34.52816557500006 ], [ 69.134522640000057, 34.528091820000043 ], [ 69.13548596000004, 34.527764479000041 ], [ 69.136799296000049, 34.527255430000025 ], [ 69.137805580000077, 34.526926219000075 ], [ 69.138666153000031, 34.526584314000047 ], [ 69.139426154000034, 34.526346047000061 ], [ 69.140126813000052, 34.526200233000054 ], [ 69.141659532000062, 34.525908442000059 ], [ 69.142705972000044, 34.525601464000033 ], [ 69.14336785900008, 34.525473669000064 ], [ 69.14402397300006, 34.525253035000048 ], [ 69.145031482000036, 34.525251842000046 ], [ 69.146476943000039, 34.52517761200005 ], [ 69.147703261000061, 34.525031123000076 ], [ 69.148359642000059, 34.524631501000044 ], [ 69.149848501000065, 34.524339660000066 ], [ 69.151160898000057, 34.523359124000024 ], [ 69.151728935000051, 34.522597064000024 ], [ 69.152078409000069, 34.522052790000032 ], [ 69.152603146000047, 34.521544550000044 ], [ 69.153346944000077, 34.521072285000059 ], [ 69.154834984000047, 34.520381557000064 ], [ 69.156609852000031, 34.519591199000047 ], [ 69.157935035000037, 34.518712614000037 ], [ 69.160043034000068, 34.518018224000059 ], [ 69.160918711000079, 34.517835809000076 ], [ 69.161442598000065, 34.516928704000065 ], [ 69.161264892000077, 34.515623742000059 ], [ 69.160956095000074, 34.514500217000034 ], [ 69.160954979000053, 34.513920126000073 ], [ 69.162616941000067, 34.512648936000062 ], [ 69.16337763000007, 34.512081401000046 ], [ 69.164434311000036, 34.510987885000077 ] ] ] ] } },
{ "type": "Feature", "properties": { "OBJECTID": 9, "OID_": 0, "SHAPE_LENG": 15267.925292899999, "PD_NR": 2, "AREA_KM_2": 6.7610037568300001, "QUARTER": "NE", "Area": 0.0, "Flood_Area": 3.0, "Flooded_Ur": 0.44372109644000002, "Total_Dama": 377340.42041100003, "Damage_Red": 125780.14013699999, "Area_1": 0.0, "نام_ن": "ناحیه دوم", "Shape_Le_1": 0.15670816664000001, "Shape_Area": 0.0006643517 }, "geometry": { "type": "MultiPolygon", "coordinates": [ [ [ [ 69.175550517000033, 34.531718325000043 ], [ 69.178493638000077, 34.530192476000025 ], [ 69.180865576000031, 34.529126021000025 ], [ 69.181733934000079, 34.528727438000033 ], [ 69.182317092000062, 34.528415173000042 ], [ 69.182647547000045, 34.528248295000026 ], [ 69.183023349000052, 34.528065161000029 ], [ 69.183373305000032, 34.527898206000032 ], [ 69.185385845000042, 34.52687282800008 ], [ 69.185651901000028, 34.526735258000031 ], [ 69.186666394000042, 34.526194067000063 ], [ 69.187625382000078, 34.525687944000026 ], [ 69.188770373000068, 34.52509341800004 ], [ 69.190421961000084, 34.521483376000049 ], [ 69.190792640000041, 34.520603350000044 ], [ 69.190359793000084, 34.520473938000066 ], [ 69.188006692000044, 34.519795316000057 ], [ 69.185715063000032, 34.519134275000056 ], [ 69.185349699000028, 34.518991621000055 ], [ 69.18485185000003, 34.518775309000034 ], [ 69.184117339000068, 34.51832713500005 ], [ 69.183232219000047, 34.517310588000043 ], [ 69.182526953000036, 34.51657382500008 ], [ 69.182196927000064, 34.516315903000077 ], [ 69.18188256500008, 34.516096148000031 ], [ 69.181500869000047, 34.515999545000057 ], [ 69.181215441000063, 34.516058452000038 ], [ 69.180753425000034, 34.516328508000072 ], [ 69.180529514000057, 34.516571788000078 ], [ 69.180308747000083, 34.516834091000078 ], [ 69.180051113000047, 34.517203899000037 ], [ 69.179641201000038, 34.517617353000048 ], [ 69.179289698000048, 34.517885032000038 ], [ 69.178762127000084, 34.518152968000038 ], [ 69.178189730000042, 34.518170127000076 ], [ 69.177676271000053, 34.51818552900005 ], [ 69.177237729000069, 34.518180620000066 ], [ 69.176733854000076, 34.518297188000076 ], [ 69.176301648000049, 34.518249160000039 ], [ 69.175908707000076, 34.518091188000028 ], [ 69.175299778000067, 34.517754965000051 ], [ 69.174571454000045, 34.517293197000072 ], [ 69.171817099000066, 34.51534566600003 ], [ 69.171684531000039, 34.515090864000058 ], [ 69.171609636000028, 34.514350218000061 ], [ 69.171594286000072, 34.514010256000063 ], [ 69.171454160000053, 34.513654596000038 ], [ 69.171079456000029, 34.513343094000049 ], [ 69.170580506000078, 34.513246621000064 ], [ 69.169788285000038, 34.513235595000026 ], [ 69.168893193000031, 34.513103232000049 ], [ 69.167183007000062, 34.512332819000051 ], [ 69.164434311000036, 34.510987885000077 ], [ 69.16337763000007, 34.512081401000046 ], [ 69.162616941000067, 34.512648936000062 ], [ 69.160954979000053, 34.513920126000073 ], [ 69.160956095000074, 34.514500217000034 ], [ 69.161264892000077, 34.515623742000059 ], [ 69.161442598000065, 34.516928704000065 ], [ 69.160918711000079, 34.517835809000076 ], [ 69.160043034000068, 34.518018224000059 ], [ 69.157935035000037, 34.518712614000037 ], [ 69.156609852000031, 34.519591199000047 ], [ 69.154834984000047, 34.520381557000064 ], [ 69.153346944000077, 34.521072285000059 ], [ 69.152603146000047, 34.521544550000044 ], [ 69.152078409000069, 34.522052790000032 ], [ 69.151728935000051, 34.522597064000024 ], [ 69.151160898000057, 34.523359124000024 ], [ 69.149848501000065, 34.524339660000066 ], [ 69.148359642000059, 34.524631501000044 ], [ 69.147703261000061, 34.525031123000076 ], [ 69.146476943000039, 34.52517761200005 ], [ 69.145031482000036, 34.525251842000046 ], [ 69.14402397300006, 34.525253035000048 ], [ 69.14336785900008, 34.525473669000064 ], [ 69.142705972000044, 34.525601464000033 ], [ 69.141659532000062, 34.525908442000059 ], [ 69.140126813000052, 34.526200233000054 ], [ 69.139426154000034, 34.526346047000061 ], [ 69.138666153000031, 34.526584314000047 ], [ 69.137805580000077, 34.526926219000075 ], [ 69.136799296000049, 34.527255430000025 ], [ 69.13548596000004, 34.527764479000041 ], [ 69.134522640000057, 34.528091820000043 ], [ 69.133383800000047, 34.52816557500006 ], [ 69.131954300000075, 34.528140344000064 ], [ 69.130828463000057, 34.528029730000071 ], [ 69.130152929000076, 34.527955917000043 ], [ 69.129819186000077, 34.528914900000075 ], [ 69.129356036000047, 34.529837676000056 ], [ 69.129181543000072, 34.530272940000032 ], [ 69.128744499000049, 34.530962251000062 ], [ 69.128219723000029, 34.53154289400004 ], [ 69.127976819000082, 34.532212700000059 ], [ 69.126796668000054, 34.532571094000048 ], [ 69.126866626000037, 34.532749986000056 ], [ 69.126834802000076, 34.533106416000066 ], [ 69.126919318000034, 34.533434723000028 ], [ 69.127651468000067, 34.533556020000049 ], [ 69.129094629000065, 34.533795152000039 ], [ 69.131523550000054, 34.534197564000067 ], [ 69.132431464000035, 34.534338438000077 ], [ 69.132949536000069, 34.534380757000065 ], [ 69.133289314000081, 34.534380386000066 ], [ 69.135986116000083, 34.534305043000074 ], [ 69.137019842000029, 34.534275796000031 ], [ 69.137425094000037, 34.534264338000071 ], [ 69.138291774000038, 34.534208440000043 ], [ 69.138740700000028, 34.534117073000061 ], [ 69.139107155000033, 34.534104346000049 ], [ 69.139384071000052, 34.534310230000074 ], [ 69.140263136000044, 34.534719864000067 ], [ 69.140819193000084, 34.53499017300004 ], [ 69.141463032000047, 34.535324092000053 ], [ 69.142212276000066, 34.535734899000033 ], [ 69.142918485000052, 34.53617898300007 ], [ 69.143329358000074, 34.536485704000029 ], [ 69.143671788000063, 34.536787228000037 ], [ 69.144099162000032, 34.537180140000032 ], [ 69.144431900000029, 34.537513914000044 ], [ 69.144738612000083, 34.537826209000059 ], [ 69.144878335000044, 34.53802223200006 ], [ 69.146137568000029, 34.53698933000004 ], [ 69.14722452400008, 34.536135496000043 ], [ 69.148811278000039, 34.535011358000077 ], [ 69.149747221000041, 34.534261169000047 ], [ 69.15011478200006, 34.533924567000042 ], [ 69.150342714000033, 34.533751410000036 ], [ 69.15102051000008, 34.53386546400003 ], [ 69.152142211000069, 34.533321497000031 ], [ 69.154282267000042, 34.532264774000055 ], [ 69.158140820000028, 34.530343487000039 ], [ 69.158504272000073, 34.530165043000068 ], [ 69.15904968600006, 34.529952183000034 ], [ 69.159491951000064, 34.529819986000064 ], [ 69.160223490000078, 34.529642634000027 ], [ 69.160603842000057, 34.529587395000078 ], [ 69.161033825000061, 34.529586874000074 ], [ 69.161571650000042, 34.529709306000029 ], [ 69.162051612000084, 34.529886643000054 ], [ 69.162457087000064, 34.530002438000054 ], [ 69.162796311000079, 34.530090950000044 ], [ 69.163187482000069, 34.530079020000073 ], [ 69.163581538000074, 34.529870896000034 ], [ 69.164257515000031, 34.529398611000033 ], [ 69.164836869000055, 34.528999996000039 ], [ 69.165733815000067, 34.528390645000059 ], [ 69.166463812000075, 34.527889101000028 ], [ 69.166984347000039, 34.527648778000071 ], [ 69.167389133000029, 34.527449735000062 ], [ 69.167719618000035, 34.527285017000054 ], [ 69.16821520600007, 34.526996882000049 ], [ 69.168983315000048, 34.526523588000032 ], [ 69.170458815000075, 34.525710447000051 ], [ 69.175550517000033, 34.531718325000043 ] ] ] ] } },
{ "type": "Feature", "properties": { "OBJECTID": 10, "OID_": 0, "SHAPE_LENG": 31734.124477000001, "PD_NR": 16, "AREA_KM_2": 25.1633462062, "QUARTER": "SE", "Area": 0.0, "Flood_Area": 7.0, "Flooded_Ur": 0.27818239841999998, "Total_Dama": 460004.63949099998, "Damage_Red": 65714.948498900005, "Area_1": 0.0, "نام_ن": "ناحیه شانزدهم", "Shape_Le_1": 0.32319812627, "Shape_Area": 0.00247249278 }, "geometry": { "type": "MultiPolygon", "coordinates": [ [ [ [ 69.295315386000084, 34.539470899000037 ], [ 69.29507637100005, 34.539232723000055 ], [ 69.294729553000082, 34.538925999000071 ], [ 69.294452061000072, 34.538669202000051 ], [ 69.294070476000059, 34.538298171000065 ], [ 69.293689192000045, 34.538027283000076 ], [ 69.293273916000032, 34.53791384200008 ], [ 69.292858992000049, 34.537900544000024 ], [ 69.292427091000036, 34.537987431000033 ], [ 69.291926298000078, 34.538131656000076 ], [ 69.291485442000067, 34.53810412200005 ], [ 69.291095005000045, 34.537690176000069 ], [ 69.29111103300005, 34.537332571000036 ], [ 69.291075447000082, 34.537017924000054 ], [ 69.290780893000033, 34.53683262800007 ], [ 69.290814270000055, 34.536496399000043 ], [ 69.290933972000062, 34.536102700000072 ], [ 69.290776964000031, 34.535702536000031 ], [ 69.29046425000007, 34.535259815000074 ], [ 69.290065371000082, 34.534888857000055 ], [ 69.289648531000068, 34.534317649000059 ], [ 69.289473969000028, 34.533817378000037 ], [ 69.289385570000036, 34.53325968300004 ], [ 69.289400620000038, 34.532601642000031 ], [ 69.289416060000065, 34.532072289000041 ], [ 69.289414971000042, 34.531757605000053 ], [ 69.289137717000074, 34.531557970000051 ], [ 69.288687586000037, 34.531358788000034 ], [ 69.288219944000048, 34.531073793000076 ], [ 69.28794244900007, 34.530802642000026 ], [ 69.287613136000061, 34.530545906000043 ], [ 69.287422202000073, 34.530317432000061 ], [ 69.287127170000076, 34.529967727000042 ], [ 69.28708251200004, 34.529560169000035 ], [ 69.287487900000031, 34.529315997000026 ], [ 69.287989289000052, 34.529357742000059 ], [ 69.288370318000034, 34.529571384000064 ], [ 69.288768669000035, 34.529799322000031 ], [ 69.289218391000077, 34.529898449000029 ], [ 69.289615756000046, 34.529840242000034 ], [ 69.289978226000073, 34.529696355000056 ], [ 69.290374894000081, 34.52943794600003 ], [ 69.290615565000053, 34.529051084000059 ], [ 69.290528008000081, 34.528736605000063 ], [ 69.290215624000041, 34.528365396000027 ], [ 69.289903287000072, 34.528022819000057 ], [ 69.289781292000043, 34.527737009000077 ], [ 69.289866119000067, 34.527264756000079 ], [ 69.290055267000071, 34.52697820700007 ], [ 69.29027900400007, 34.526705870000058 ], [ 69.290727220000065, 34.526375779000034 ], [ 69.29118360700005, 34.526218543000027 ], [ 69.291472213000077, 34.52605214700003 ], [ 69.291771203000053, 34.525879774000032 ], [ 69.292277931000058, 34.525802269000053 ], [ 69.292912169000033, 34.525934263000067 ], [ 69.293430827000066, 34.525980723000032 ], [ 69.293605663000051, 34.525579178000044 ], [ 69.293299776000083, 34.525212335000049 ], [ 69.292880774000082, 34.52504321400005 ], [ 69.292329806000055, 34.524947319000034 ], [ 69.29178620600004, 34.524839274000044 ], [ 69.291389388000084, 34.52471870200003 ], [ 69.291139170000065, 34.524549172000036 ], [ 69.291035015000034, 34.524160560000041 ], [ 69.290975230000072, 34.523856882000075 ], [ 69.290959476000069, 34.523540971000045 ], [ 69.290738373000067, 34.523298459000046 ], [ 69.290443931000084, 34.523068296000076 ], [ 69.289914664000037, 34.522862994000036 ], [ 69.289106092000054, 34.522548916000062 ], [ 69.288693867000063, 34.522221812000055 ], [ 69.288399058000039, 34.521882210000058 ], [ 69.288059885000052, 34.521457671000064 ], [ 69.287853129000041, 34.52110577600007 ], [ 69.287484237000058, 34.520559831000071 ], [ 69.287248498000054, 34.520317348000049 ], [ 69.286939492000045, 34.520123643000034 ], [ 69.286850279000078, 34.519795729000066 ], [ 69.286966730000074, 34.51950381000006 ], [ 69.287200547000054, 34.519187311000053 ], [ 69.287375221000048, 34.51874943100006 ], [ 69.287374303000036, 34.518482091000067 ], [ 69.287358564000044, 34.518166178000058 ], [ 69.287298755000052, 34.51785036900003 ], [ 69.287092373000064, 34.517619991000061 ], [ 69.286856948000036, 34.517450417000077 ], [ 69.286562691000029, 34.517280981000056 ], [ 69.286040969000055, 34.517118164000067 ], [ 69.28532745900003, 34.516688406000071 ], [ 69.285047598000062, 34.516409588000045 ], [ 69.284576765000054, 34.516119040000035 ], [ 69.284252646000084, 34.515767366000034 ], [ 69.283943004000037, 34.515379225000061 ], [ 69.283574739000073, 34.515003394000075 ], [ 69.283294794000028, 34.514712397000039 ], [ 69.282942050000031, 34.514591695000036 ], [ 69.282384355000033, 34.514641594000068 ], [ 69.282017738000036, 34.514751785000044 ], [ 69.281621254000072, 34.514728396000066 ], [ 69.281253819000028, 34.51459559400007 ], [ 69.280958944000076, 34.514219540000056 ], [ 69.280987407000055, 34.513952133000032 ], [ 69.281089164000036, 34.513660252000079 ], [ 69.281440144000044, 34.513258453000049 ], [ 69.281835434000072, 34.512929418000056 ], [ 69.28242145300004, 34.512575636000065 ], [ 69.282890192000082, 34.512270821000072 ], [ 69.283108599000059, 34.51174771500007 ], [ 69.283165921000034, 34.511334416000068 ], [ 69.283149953000077, 34.510945592000041 ], [ 69.283016616000054, 34.510593517000075 ], [ 69.282824807000054, 34.510314445000063 ], [ 69.282412557000043, 34.509938711000075 ], [ 69.281765505000067, 34.509599951000041 ], [ 69.281265785000073, 34.509418801000038 ], [ 69.28075091200003, 34.509104035000064 ], [ 69.280470807000029, 34.508740121000073 ], [ 69.280219561000081, 34.508242490000043 ], [ 69.280145256000083, 34.50796314400003 ], [ 69.280276034000053, 34.507555765000063 ], [ 69.280553875000066, 34.507245265000051 ], [ 69.280846359000066, 34.506916468000043 ], [ 69.281080233000068, 34.506636413000024 ], [ 69.281365986000083, 34.506477848000031 ], [ 69.281754688000035, 34.506385778000038 ], [ 69.282062164000081, 34.506160247000025 ], [ 69.282281271000045, 34.505831661000059 ], [ 69.282397555000045, 34.505491138000025 ], [ 69.282557766000082, 34.505126209000025 ], [ 69.282644772000083, 34.504810058000032 ], [ 69.282658371000082, 34.504481901000077 ], [ 69.282494704000044, 34.503838250000058 ], [ 69.282331628000065, 34.503352504000077 ], [ 69.282021250000071, 34.502745624000056 ], [ 69.281682175000071, 34.502284632000055 ], [ 69.281371942000078, 34.501702053000031 ], [ 69.280944343000044, 34.50111974400005 ], [ 69.280737586000043, 34.500743531000069 ], [ 69.280574797000043, 34.50035504300007 ], [ 69.28028032900005, 34.500100505000034 ], [ 69.279823850000071, 34.499639732000048 ], [ 69.279602154000031, 34.49919068500003 ], [ 69.279556930000069, 34.498826230000077 ], [ 69.279408653000075, 34.498376925000059 ], [ 69.279172636000055, 34.498025080000048 ], [ 69.278907386000071, 34.497709735000058 ], [ 69.278553872000032, 34.497333808000064 ], [ 69.278288910000072, 34.497103547000052 ], [ 69.278155817000084, 34.496812203000047 ], [ 69.278096140000059, 34.496520692000047 ], [ 69.278051287000039, 34.496265581000046 ], [ 69.277830415000039, 34.496059477000074 ], [ 69.277521199000034, 34.495768578000025 ], [ 69.277431761000059, 34.495386592000045 ], [ 69.273767220000082, 34.495464162000076 ], [ 69.267106482000031, 34.495642042000043 ], [ 69.266735931000028, 34.495677210000053 ], [ 69.266404384000055, 34.495732899000075 ], [ 69.266087880000043, 34.495809387000065 ], [ 69.265771886000039, 34.495909229000063 ], [ 69.264503905000083, 34.496423535000076 ], [ 69.250920995000058, 34.501866006000057 ], [ 69.240740982000034, 34.506012923000071 ], [ 69.241495565000037, 34.50638478500008 ], [ 69.242837189000056, 34.507047484000054 ], [ 69.243559435000066, 34.507400099000051 ], [ 69.244485895000082, 34.507865659000061 ], [ 69.247279954000078, 34.509379276000061 ], [ 69.24753925300007, 34.509773340000038 ], [ 69.247540715000071, 34.510267846000033 ], [ 69.247464905000072, 34.510714668000048 ], [ 69.247312073000046, 34.511161691000041 ], [ 69.246920723000073, 34.51152167500004 ], [ 69.246543320000058, 34.511865172000057 ], [ 69.246004234000054, 34.512057713000047 ], [ 69.245464957000081, 34.51218640500008 ], [ 69.244925975000058, 34.512378942000055 ], [ 69.244387013000051, 34.512635234000072 ], [ 69.243886537000037, 34.512827689000062 ], [ 69.243386097000041, 34.513052022000068 ], [ 69.242907673000047, 34.513336775000028 ], [ 69.242519210000069, 34.51380062800007 ], [ 69.242021710000074, 34.514084468000078 ], [ 69.241469590000065, 34.51426159500005 ], [ 69.241000568000061, 34.514524452000046 ], [ 69.240445399000066, 34.514609460000031 ], [ 69.23997466000003, 34.514920925000069 ], [ 69.239460308000048, 34.51506987700003 ], [ 69.238998447000029, 34.515326040000048 ], [ 69.238550129000032, 34.515652380000063 ], [ 69.238127138000038, 34.515978580000024 ], [ 69.237558989000036, 34.516312094000057 ], [ 69.237060392000046, 34.516604168000072 ], [ 69.236591191000059, 34.516890186000069 ], [ 69.236122744000056, 34.51717453200007 ], [ 69.235666332000051, 34.517439014000047 ], [ 69.235150334000082, 34.517630741000062 ], [ 69.234688500000061, 34.517886888000078 ], [ 69.234188059000076, 34.518111182000041 ], [ 69.233609855000054, 34.518112289000044 ], [ 69.233108166000079, 34.517889914000079 ], [ 69.232568246000028, 34.517827140000065 ], [ 69.231951352000067, 34.517764464000038 ], [ 69.231309385000031, 34.517656652000028 ], [ 69.230755763000047, 34.517543395000075 ], [ 69.230319223000038, 34.517236565000076 ], [ 69.229749955000045, 34.517176539000047 ], [ 69.229213283000036, 34.517322965000062 ], [ 69.228646046000051, 34.517268701000035 ], [ 69.228095453000037, 34.51732505700005 ], [ 69.227556028000038, 34.517421790000071 ], [ 69.227016743000036, 34.517550400000061 ], [ 69.226327695000066, 34.517595462000031 ], [ 69.225706607000063, 34.517712359000029 ], [ 69.22516726200007, 34.517841006000026 ], [ 69.224623602000065, 34.51790468300004 ], [ 69.224057512000059, 34.518035448000035 ], [ 69.223558044000072, 34.518267679000076 ], [ 69.223048801000061, 34.518451091000031 ], [ 69.22258692500003, 34.518707192000079 ], [ 69.222125215000062, 34.51902709400008 ], [ 69.221740586000067, 34.519346854000048 ], [ 69.221201225000073, 34.519475439000075 ], [ 69.22062326300005, 34.519572211000025 ], [ 69.220045384000059, 34.519700860000057 ], [ 69.219351652000057, 34.519734032000031 ], [ 69.218773519000081, 34.519766993000076 ], [ 69.218118109000045, 34.519768165000073 ], [ 69.217501349000031, 34.519737341000052 ], [ 69.216845469000077, 34.519515173000059 ], [ 69.216307121000057, 34.51928016800008 ], [ 69.215803487000073, 34.519070305000071 ], [ 69.215263681000067, 34.519007454000075 ], [ 69.214685442000075, 34.518976548000069 ], [ 69.214024435000056, 34.518959446000054 ], [ 69.213413393000053, 34.51901070100007 ], [ 69.212758017000056, 34.518979920000049 ], [ 69.212146175000044, 34.519016561000058 ], [ 69.211486183000034, 34.519013241000039 ], [ 69.210865741000077, 34.518987981000066 ], [ 69.210319760000061, 34.518981121000024 ], [ 69.209789397000065, 34.518793644000027 ], [ 69.209095374000071, 34.518731031000073 ], [ 69.208555336000074, 34.51857242400007 ], [ 69.20786084100007, 34.518318349000026 ], [ 69.207320595000056, 34.518095933000041 ], [ 69.206780486000071, 34.517905393000035 ], [ 69.206278760000032, 34.51768290800004 ], [ 69.205967385000065, 34.517752737000023 ], [ 69.205690968000056, 34.517860699000039 ], [ 69.20498083800004, 34.518022822000034 ], [ 69.20463712600008, 34.518080032000057 ], [ 69.204276391000064, 34.518149083000026 ], [ 69.203994433000048, 34.518220211000028 ], [ 69.203674681000052, 34.518318862000058 ], [ 69.203221094000071, 34.518490602000043 ], [ 69.202755723000053, 34.518723141000066 ], [ 69.202113874000077, 34.519103192000046 ], [ 69.20186710400003, 34.519265025000038 ], [ 69.20111479500008, 34.519837970000026 ], [ 69.200885742000082, 34.520028945000035 ], [ 69.200514247000058, 34.520091104000073 ], [ 69.200149606000082, 34.519966846000045 ], [ 69.199898794000035, 34.519693331000042 ], [ 69.199623447000079, 34.519456830000024 ], [ 69.199319532000061, 34.519278271000076 ], [ 69.19833256700008, 34.518929207000042 ], [ 69.197572957000034, 34.518656918000033 ], [ 69.197125123000035, 34.51850167300006 ], [ 69.196556145000045, 34.518304281000042 ], [ 69.196103338000057, 34.518117342000039 ], [ 69.192552602000035, 34.516937375000055 ], [ 69.192368049000038, 34.517296633000058 ], [ 69.192239423000046, 34.517553221000071 ], [ 69.19212755500007, 34.51777790400007 ], [ 69.191988197000057, 34.518058993000068 ], [ 69.191853669000068, 34.518332319000024 ], [ 69.191723698000033, 34.518597836000026 ], [ 69.191346134000071, 34.519436394000024 ], [ 69.190963269000065, 34.520271216000026 ], [ 69.190792640000041, 34.520603350000044 ], [ 69.191215127000078, 34.520871429000067 ], [ 69.191727884000045, 34.521399900000063 ], [ 69.192212562000066, 34.522034285000075 ], [ 69.192583009000032, 34.522480640000026 ], [ 69.193152389000034, 34.522891374000039 ], [ 69.193863911000051, 34.523325417000024 ], [ 69.194418892000044, 34.523653877000072 ], [ 69.194888782000078, 34.524053037000044 ], [ 69.195444185000042, 34.524557886000025 ], [ 69.195928580000043, 34.525074615000051 ], [ 69.196455612000079, 34.525602997000078 ], [ 69.196868589000076, 34.525978749000046 ], [ 69.197295706000034, 34.526295678000054 ], [ 69.197879216000047, 34.526671061000059 ], [ 69.198690418000069, 34.527163712000061 ], [ 69.199117519000083, 34.52746882100007 ], [ 69.19955974100003, 34.527784770000039 ], [ 69.200215167000067, 34.528264679000074 ], [ 69.200738392000062, 34.528866772000072 ], [ 69.200927097000033, 34.529083889000049 ], [ 69.201123095000071, 34.529682324000078 ], [ 69.201214591000053, 34.529961780000065 ], [ 69.201448184000071, 34.530242129000044 ], [ 69.201704072000041, 34.530549089000033 ], [ 69.20214160300003, 34.530874461000053 ], [ 69.202449344000058, 34.53135317400006 ], [ 69.202997767000056, 34.531884152000032 ], [ 69.203543167000078, 34.53219996100006 ], [ 69.204055015000051, 34.532496299000059 ], [ 69.204663068000059, 34.532673164000073 ], [ 69.205031181000038, 34.532721289000051 ], [ 69.205693888000042, 34.532854139000051 ], [ 69.20637109200004, 34.532877390000067 ], [ 69.206989132000047, 34.53281542700006 ], [ 69.207768792000081, 34.532607002000077 ], [ 69.208180578000054, 34.532447943000079 ], [ 69.208754451000061, 34.532373872000051 ], [ 69.209446179000054, 34.532323944000041 ], [ 69.210329234000028, 34.532285903000059 ], [ 69.211103230000049, 34.532364018000067 ], [ 69.211610458000052, 34.532502966000038 ], [ 69.212258524000049, 34.532660199000077 ], [ 69.212634554000033, 34.532927563000044 ], [ 69.212775262000036, 34.533280558000058 ], [ 69.212790802000029, 34.533585072000051 ], [ 69.212762658000031, 34.534108938000031 ], [ 69.212704680000058, 34.534450149000065 ], [ 69.212528809000048, 34.53475499700005 ], [ 69.212500477000049, 34.53520577200004 ], [ 69.21264850600005, 34.535522230000026 ], [ 69.212928777000059, 34.535753191000026 ], [ 69.213297125000054, 34.535886558000072 ], [ 69.213606380000044, 34.535922585000037 ], [ 69.214018428000031, 34.53588529600006 ], [ 69.214459798000064, 34.535787081000024 ], [ 69.21491581500004, 34.535664444000076 ], [ 69.215298345000065, 34.535590679000052 ], [ 69.215813512000068, 34.535565421000058 ], [ 69.216269872000055, 34.535576743000036 ], [ 69.216667269000084, 34.535563909000075 ], [ 69.217005726000082, 34.535514565000028 ], [ 69.217446804000076, 34.535306680000076 ], [ 69.21777041200005, 34.535184314000048 ], [ 69.218064527000081, 34.535098523000045 ], [ 69.218520949000037, 34.53513423000004 ], [ 69.21899237000008, 34.535279569000068 ], [ 69.219390779000037, 34.535632139000029 ], [ 69.219524420000084, 34.536082623000027 ], [ 69.219687915000065, 34.536654889000033 ], [ 69.219880406000073, 34.537105267000072 ], [ 69.220117068000036, 34.537567740000043 ], [ 69.220353702000068, 34.537957121000034 ], [ 69.220604804000061, 34.538273339000057 ], [ 69.221105928000043, 34.538516101000027 ], [ 69.221635952000042, 34.538539535000041 ], [ 69.222268789000054, 34.538477467000064 ], [ 69.222842485000058, 34.538305889000071 ], [ 69.223269317000074, 34.538292935000072 ], [ 69.223652362000053, 34.538389675000076 ], [ 69.224094560000083, 34.53862031400007 ], [ 69.224610637000069, 34.538948211000047 ], [ 69.225053245000083, 34.539288551000027 ], [ 69.22540729900004, 34.539543696000067 ], [ 69.225716693000038, 34.539664959000049 ], [ 69.226055489000032, 34.539737424000066 ], [ 69.226555818000065, 34.53965736300006 ], [ 69.226760791000061, 34.539248824000026 ], [ 69.226966143000084, 34.53898046900008 ], [ 69.227363343000036, 34.53887007000003 ], [ 69.22780502300003, 34.538905816000067 ], [ 69.22812917300007, 34.539002651000033 ], [ 69.228453523000042, 34.539172577000045 ], [ 69.228763174000051, 34.539366924000035 ], [ 69.229175287000032, 34.53932958300004 ], [ 69.229557353000075, 34.539085241000066 ], [ 69.230894551000063, 34.538205665000078 ], [ 69.231849346000047, 34.537472939000054 ], [ 69.232290331000058, 34.537240651000047 ], [ 69.232834451000031, 34.537044689000027 ], [ 69.233422690000054, 34.536824291000073 ], [ 69.23393698700005, 34.536506591000034 ], [ 69.234701321000045, 34.536090923000074 ], [ 69.235340885000028, 34.535815632000038 ], [ 69.235804588000065, 34.53582082500003 ], [ 69.236172938000038, 34.535941902000047 ], [ 69.236468090000074, 34.536209349000046 ], [ 69.236748740000053, 34.53654991500008 ], [ 69.236956178000071, 34.537012412000024 ], [ 69.237148507000029, 34.537353103000044 ], [ 69.237414659000081, 34.537766787000066 ], [ 69.237577706000081, 34.538156278000031 ], [ 69.237785063000047, 34.538606599000047 ], [ 69.238183651000043, 34.53900780400005 ], [ 69.23880336600007, 34.539506061000054 ], [ 69.239245910000079, 34.539821865000079 ], [ 69.239702805000036, 34.539991591000046 ], [ 69.240203400000041, 34.540027131000045 ], [ 69.240571144000057, 34.539928967000037 ], [ 69.240850068000043, 34.53966039900007 ], [ 69.241084413000067, 34.539257955000039 ], [ 69.241289598000037, 34.538928615000032 ], [ 69.241597377000062, 34.538465107000036 ], [ 69.241920343000061, 34.538147752000043 ], [ 69.242140390000031, 34.537891518000038 ], [ 69.242375097000036, 34.537598686000024 ], [ 69.242698268000083, 34.537354375000064 ], [ 69.242992259000061, 34.537232001000064 ], [ 69.243596, 34.537291715000038 ], [ 69.244155660000047, 34.537388038000074 ], [ 69.244715089000067, 34.537386918000038 ], [ 69.245348150000041, 34.537409997000054 ], [ 69.245834091000063, 34.537469937000026 ], [ 69.246217354000066, 34.537651872000026 ], [ 69.246585906000064, 34.537833880000051 ], [ 69.246976637000046, 34.538052410000034 ], [ 69.247308521000036, 34.538270969000052 ], [ 69.247853298000052, 34.538306387000034 ], [ 69.24841284300004, 34.538341819000038 ], [ 69.248972551000065, 34.538450294000029 ], [ 69.249738228000069, 34.538521822000064 ], [ 69.250474628000063, 34.538642149000054 ], [ 69.251352705000045, 34.538889965000067 ], [ 69.252095252000061, 34.539077364000036 ], [ 69.252713762000042, 34.53914917700007 ], [ 69.253346764000071, 34.539147866000064 ], [ 69.253773318000071, 34.539025146000029 ], [ 69.254170095000063, 34.538805045000061 ], [ 69.254522327000075, 34.538451028000054 ], [ 69.25478604400007, 34.538036322000039 ], [ 69.255019946000061, 34.537512018000029 ], [ 69.255136263000054, 34.537024482000049 ], [ 69.255326509000042, 34.536658671000055 ], [ 69.255576175000044, 34.536463223000055 ], [ 69.256017647000078, 34.536413555000024 ], [ 69.256414891000077, 34.536351805000038 ], [ 69.256826769000043, 34.536229150000054 ], [ 69.257247991000042, 34.536399066000058 ], [ 69.257547632000069, 34.536792435000052 ], [ 69.257549099000073, 34.537268768000047 ], [ 69.257791551000082, 34.537544616000048 ], [ 69.258076542000083, 34.537779251000075 ], [ 69.258389977000036, 34.538013825000064 ], [ 69.258703505000028, 34.538295428000026 ], [ 69.259187476000079, 34.53852377700008 ], [ 69.259627927000054, 34.538475812000058 ], [ 69.259577412000056, 34.538211283000066 ], [ 69.259562168000059, 34.537899605000064 ], [ 69.259781205000081, 34.537493415000029 ], [ 69.26010720000005, 34.537175104000028 ], [ 69.260476097000037, 34.536986155000079 ], [ 69.26091653800006, 34.536938141000064 ], [ 69.261342428000034, 34.536784328000067 ], [ 69.261882215000071, 34.536689113000079 ], [ 69.262280082000075, 34.536652953000043 ], [ 69.262749056000075, 34.536651945000074 ], [ 69.263032929000076, 34.536510201000056 ], [ 69.263600692000068, 34.536285508000049 ], [ 69.263898229000063, 34.536002599000028 ], [ 69.264210019000075, 34.535696122000047 ], [ 69.26439392900005, 34.535425181000051 ], [ 69.26457776400008, 34.535130748000029 ], [ 69.264832163000051, 34.534683259000076 ], [ 69.264973220000059, 34.534353612000075 ], [ 69.265157199000043, 34.534106207000036 ], [ 69.265497311000047, 34.533799710000039 ], [ 69.265787971000066, 34.533569702000079 ], [ 69.266320763000067, 34.533527374000073 ], [ 69.26677574200005, 34.533585224000035 ], [ 69.267074796000031, 34.533766871000068 ], [ 69.267090275000044, 34.534160838000048 ], [ 69.26699179700006, 34.534478626000066 ], [ 69.266864990000045, 34.534831736000058 ], [ 69.266738085000043, 34.535137817000077 ], [ 69.266597130000036, 34.535514495000029 ], [ 69.266576838000049, 34.535832157000073 ], [ 69.266797766000082, 34.536031560000026 ], [ 69.267110806000062, 34.536136748000047 ], [ 69.267467020000083, 34.536418235000042 ], [ 69.267873076000058, 34.536711380000042 ], [ 69.268278724000083, 34.536910466000052 ], [ 69.268620119000047, 34.537003774000027 ], [ 69.269117820000076, 34.537073290000023 ], [ 69.269515176000084, 34.53689597500005 ], [ 69.26994807300008, 34.536706811000045 ], [ 69.27052320100006, 34.536540868000031 ], [ 69.271034213000064, 34.536363386000062 ], [ 69.27154521600005, 34.536150461000034 ], [ 69.272070651000035, 34.536019927000041 ], [ 69.272582340000042, 34.536018786000056 ], [ 69.273051634000069, 34.536100073000057 ], [ 69.273478727000054, 34.53632258600004 ], [ 69.273934419000057, 34.536592062000068 ], [ 69.274360976000082, 34.536649948000047 ], [ 69.274715865000076, 34.536519740000074 ], [ 69.275013535000028, 34.536272065000048 ], [ 69.275211787000046, 34.536048195000035 ], [ 69.275423678000038, 34.535647810000057 ], [ 69.275535749000028, 34.535165314000039 ], [ 69.275548420000064, 34.534694857000034 ], [ 69.275518638000051, 34.534271480000029 ], [ 69.275517321000052, 34.53387162000007 ], [ 69.275501628000029, 34.533424674000059 ], [ 69.27564273400003, 34.53310682800003 ], [ 69.275997143000041, 34.53285311500008 ], [ 69.276579647000062, 34.53278713800006 ], [ 69.276920956000083, 34.532856931000026 ], [ 69.277433156000029, 34.533032207000076 ], [ 69.277675579000061, 34.533266894000064 ], [ 69.277875692000066, 34.533607503000042 ], [ 69.27817559600004, 34.534053757000038 ], [ 69.278361219000033, 34.534312108000051 ], [ 69.278703531000076, 34.534664160000034 ], [ 69.278917976000059, 34.535051810000027 ], [ 69.279175125000052, 34.535451174000059 ], [ 69.279460443000062, 34.535768004000033 ], [ 69.279788097000051, 34.536002490000044 ], [ 69.280215301000055, 34.536236748000078 ], [ 69.280770389000054, 34.53647071000006 ], [ 69.281353686000045, 34.536634038000045 ], [ 69.281780581000078, 34.536774187000049 ], [ 69.28222143000005, 34.536867272000052 ], [ 69.282634186000053, 34.537030943000048 ], [ 69.283005115000037, 34.537441760000036 ], [ 69.283333303000063, 34.537829137000074 ], [ 69.283462597000039, 34.538228744000037 ], [ 69.283478399000046, 34.538710905000073 ], [ 69.28335230700003, 34.539240469000049 ], [ 69.283111882000071, 34.539605628000061 ], [ 69.283113236000077, 34.540005532000066 ], [ 69.283356013000059, 34.540334309000059 ], [ 69.28385400500008, 34.540480192000075 ], [ 69.284322660000043, 34.54037909200008 ], [ 69.284663006000073, 34.540154831000052 ], [ 69.285216529000081, 34.539918302000046 ], [ 69.285557407000056, 34.53983517100005 ], [ 69.285968842000045, 34.539622508000036 ], [ 69.28616683100006, 34.539328010000077 ], [ 69.286250712000083, 34.538904414000058 ], [ 69.286291712000036, 34.538433844000053 ], [ 69.286432327000057, 34.537998347000041 ], [ 69.286673001000054, 34.537727240000038 ], [ 69.287091480000072, 34.537491020000061 ], [ 69.287795030000041, 34.537489364000066 ], [ 69.288207907000071, 34.537700090000044 ], [ 69.288479019000079, 34.537993529000062 ], [ 69.288679377000051, 34.538404686000035 ], [ 69.288652612000078, 34.538875223000048 ], [ 69.288497690000042, 34.539298988000041 ], [ 69.288258031000055, 34.539864131000058 ], [ 69.287875961000054, 34.540358998000045 ], [ 69.287649950000059, 34.54075939300003 ], [ 69.287651043000039, 34.541077007000069 ], [ 69.28792186700008, 34.541299837000054 ], [ 69.288448525000035, 34.54152206200007 ], [ 69.288932169000077, 34.541626746000077 ], [ 69.28950091400003, 34.541695965000031 ], [ 69.290012637000075, 34.54169475100008 ], [ 69.290566658000046, 34.541587607000054 ], [ 69.290977912000074, 34.541339622000066 ], [ 69.291218184000058, 34.54093914300006 ], [ 69.291344844000037, 34.540586008000048 ], [ 69.291585440000063, 34.540279631000033 ], [ 69.291883101000053, 34.540055452000047 ], [ 69.292550486000039, 34.539865692000035 ], [ 69.293089845000054, 34.539652700000033 ], [ 69.293572574000052, 34.539498593000076 ], [ 69.294155034000028, 34.539426625000033 ], [ 69.29479479500003, 34.539472157000034 ], [ 69.295315386000084, 34.539470899000037 ] ] ] ] } },
{ "type": "Feature", "properties": { "OBJECTID": 11, "OID_": 0, "SHAPE_LENG": 31861.093003900001, "PD_NR": 12, "AREA_KM_2": 34.795301910399999, "QUARTER": "SE", "Area": 0.0, "Flood_Area": 0.0, "Flooded_Ur": 0.0, "Total_Dama": 0.0, "Damage_Red": 68709.735761400021, "Area_1": 0.0, "نام_ن": "ناحیه دوازدهم", "Shape_Le_1": 0.32744595942, "Shape_Area": 0.00341877082 }, "geometry": { "type": "MultiPolygon", "coordinates": [ [ [ [ 69.367902838000077, 34.547945912000046 ], [ 69.368521451000049, 34.547892869000066 ], [ 69.369202249000068, 34.547890812000048 ], [ 69.369883727000058, 34.548042372000054 ], [ 69.370564753000053, 34.548091530000079 ], [ 69.371245325000075, 34.548038240000039 ], [ 69.371925668000074, 34.547933725000064 ], [ 69.372605781000061, 34.547778029000028 ], [ 69.373223758000051, 34.547571297000047 ], [ 69.373810207000076, 34.547236647000034 ], [ 69.374085861000083, 34.546595657000069 ], [ 69.373524908000036, 34.545695479000074 ], [ 69.373443129000066, 34.544832927000073 ], [ 69.372954209000056, 34.544452507000074 ], [ 69.372312543000078, 34.544327131000045 ], [ 69.371670595000069, 34.544138129000032 ], [ 69.371028557000045, 34.543927887000052 ], [ 69.370412187000056, 34.54371756300003 ], [ 69.370435259000033, 34.543144576000032 ], [ 69.37038153900005, 34.54259301500008 ], [ 69.370481701000074, 34.542040987000064 ], [ 69.370633176000069, 34.541510040000048 ], [ 69.369966207000061, 34.541448440000067 ], [ 69.369480644000078, 34.541831870000067 ], [ 69.368995131000077, 34.542215298000031 ], [ 69.368458057000055, 34.542535212000075 ], [ 69.367740124000079, 34.542558568000061 ], [ 69.367251057000033, 34.542135650000034 ], [ 69.367248634000077, 34.541584023000041 ], [ 69.367579899000077, 34.541116162000037 ], [ 69.367551863000074, 34.540564521000078 ], [ 69.367318809000039, 34.54005601800003 ], [ 69.367342049000058, 34.539504223000051 ], [ 69.366776623000078, 34.539208823000024 ], [ 69.366213802000061, 34.539507612000079 ], [ 69.365573482000059, 34.539679250000063 ], [ 69.36503354000007, 34.539341381000042 ], [ 69.36477474700007, 34.538811667000061 ], [ 69.364336898000033, 34.538367391000065 ], [ 69.363670050000053, 34.53832690400003 ], [ 69.363130216000059, 34.538010263000047 ], [ 69.363178909000055, 34.537415963000058 ], [ 69.362971461000029, 34.536886092000032 ], [ 69.362304994000056, 34.536930501000029 ], [ 69.361637554000083, 34.536762715000066 ], [ 69.36109773700008, 34.536446019000039 ], [ 69.36048130100005, 34.536214453000071 ], [ 69.359916012000042, 34.535940258000039 ], [ 69.359274339000081, 34.53579361900006 ], [ 69.358632759000045, 34.535668170000065 ], [ 69.357940363000068, 34.535649009000053 ], [ 69.35728120300007, 34.535616580000067 ], [ 69.356445392000069, 34.535033344000055 ], [ 69.356327168000064, 34.534537560000047 ], [ 69.35573733800004, 34.532266635000042 ], [ 69.353830090000031, 34.524846103000073 ], [ 69.35345897500008, 34.523608814000056 ], [ 69.353377614000067, 34.523022919000027 ], [ 69.353249659000028, 34.522497670000064 ], [ 69.353473600000029, 34.52135776700004 ], [ 69.353899077000051, 34.520122499000024 ], [ 69.354157554000039, 34.519371941000031 ], [ 69.354445248000047, 34.518536843000049 ], [ 69.354790032000039, 34.51753578000006 ], [ 69.355008511000051, 34.516901354000026 ], [ 69.355283543000041, 34.516102948000025 ], [ 69.355500239000037, 34.515473802000031 ], [ 69.355810560000066, 34.514572712000074 ], [ 69.356324749000066, 34.514000187000079 ], [ 69.356686076000074, 34.513286161000053 ], [ 69.357345394000049, 34.512516388000051 ], [ 69.358138229000076, 34.511993046000043 ], [ 69.35869858500007, 34.511333261000061 ], [ 69.359201917000064, 34.510740555000041 ], [ 69.359984977000067, 34.510040609000043 ], [ 69.360702801000059, 34.509398973000032 ], [ 69.36186682400006, 34.508554232000051 ], [ 69.362822617000063, 34.50742702000008 ], [ 69.363583895000033, 34.506529258000057 ], [ 69.364504173000057, 34.505612125000027 ], [ 69.364798805000078, 34.50481602900004 ], [ 69.364894806000052, 34.504047895000042 ], [ 69.36482624000007, 34.503499618000035 ], [ 69.36445524700008, 34.501992491000067 ], [ 69.365469786000062, 34.501821363000033 ], [ 69.366209122000043, 34.501603346000024 ], [ 69.366991698000049, 34.501372524000033 ], [ 69.367598069000053, 34.501078108000058 ], [ 69.368426379000084, 34.501130488000058 ], [ 69.369186754000054, 34.50117851400006 ], [ 69.370013866000079, 34.500577209000028 ], [ 69.370840042000054, 34.500135973000056 ], [ 69.371581119000041, 34.499740081000027 ], [ 69.372932201000083, 34.499018438000064 ], [ 69.373310871000058, 34.498490218000029 ], [ 69.372948088000044, 34.498464542000079 ], [ 69.371949888000074, 34.498426868000024 ], [ 69.371063288000073, 34.498353135000059 ], [ 69.370361382000056, 34.498294122000061 ], [ 69.369382618000031, 34.498266514000079 ], [ 69.368034536000039, 34.498224724000067 ], [ 69.365172156000028, 34.498141598000075 ], [ 69.362185571000055, 34.497999930000049 ], [ 69.360795409000048, 34.497986413000035 ], [ 69.350417040000082, 34.497680331000026 ], [ 69.34934830800006, 34.497637399000041 ], [ 69.348326695000083, 34.497596398000042 ], [ 69.343307051000068, 34.497394755000073 ], [ 69.337634262000051, 34.497232815000075 ], [ 69.328158778000045, 34.496929243000068 ], [ 69.327654014000075, 34.496912697000027 ], [ 69.321838736000075, 34.496702248000076 ], [ 69.320037940000077, 34.496641371000067 ], [ 69.314863899000045, 34.496466334000047 ], [ 69.309457899000051, 34.496254241000031 ], [ 69.30637138600008, 34.496191452000062 ], [ 69.30550175500008, 34.496179516000041 ], [ 69.302721985000062, 34.496059368000033 ], [ 69.288277945000061, 34.495557855000072 ], [ 69.28476506800007, 34.495439026000042 ], [ 69.281985389000056, 34.495346679000079 ], [ 69.279308385000036, 34.495338669000034 ], [ 69.277431761000059, 34.495386592000045 ], [ 69.277521199000034, 34.495768578000025 ], [ 69.277830415000039, 34.496059477000074 ], [ 69.278051287000039, 34.496265581000046 ], [ 69.278096140000059, 34.496520692000047 ], [ 69.278155817000084, 34.496812203000047 ], [ 69.278288910000072, 34.497103547000052 ], [ 69.278553872000032, 34.497333808000064 ], [ 69.278907386000071, 34.497709735000058 ], [ 69.279172636000055, 34.498025080000048 ], [ 69.279408653000075, 34.498376925000059 ], [ 69.279556930000069, 34.498826230000077 ], [ 69.279602154000031, 34.49919068500003 ], [ 69.279823850000071, 34.499639732000048 ], [ 69.28028032900005, 34.500100505000034 ], [ 69.280574797000043, 34.50035504300007 ], [ 69.280737586000043, 34.500743531000069 ], [ 69.280944343000044, 34.50111974400005 ], [ 69.281371942000078, 34.501702053000031 ], [ 69.281682175000071, 34.502284632000055 ], [ 69.282021250000071, 34.502745624000056 ], [ 69.282331628000065, 34.503352504000077 ], [ 69.282494704000044, 34.503838250000058 ], [ 69.282658371000082, 34.504481901000077 ], [ 69.282644772000083, 34.504810058000032 ], [ 69.282557766000082, 34.505126209000025 ], [ 69.282397555000045, 34.505491138000025 ], [ 69.282281271000045, 34.505831661000059 ], [ 69.282062164000081, 34.506160247000025 ], [ 69.281754688000035, 34.506385778000038 ], [ 69.281365986000083, 34.506477848000031 ], [ 69.281080233000068, 34.506636413000024 ], [ 69.280846359000066, 34.506916468000043 ], [ 69.280553875000066, 34.507245265000051 ], [ 69.280276034000053, 34.507555765000063 ], [ 69.280145256000083, 34.50796314400003 ], [ 69.280219561000081, 34.508242490000043 ], [ 69.280470807000029, 34.508740121000073 ], [ 69.28075091200003, 34.509104035000064 ], [ 69.281265785000073, 34.509418801000038 ], [ 69.281765505000067, 34.509599951000041 ], [ 69.282412557000043, 34.509938711000075 ], [ 69.282824807000054, 34.510314445000063 ], [ 69.283016616000054, 34.510593517000075 ], [ 69.283149953000077, 34.510945592000041 ], [ 69.283165921000034, 34.511334416000068 ], [ 69.283108599000059, 34.51174771500007 ], [ 69.282890192000082, 34.512270821000072 ], [ 69.28242145300004, 34.512575636000065 ], [ 69.281835434000072, 34.512929418000056 ], [ 69.281440144000044, 34.513258453000049 ], [ 69.281089164000036, 34.513660252000079 ], [ 69.280987407000055, 34.513952133000032 ], [ 69.280958944000076, 34.514219540000056 ], [ 69.281253819000028, 34.51459559400007 ], [ 69.281621254000072, 34.514728396000066 ], [ 69.282017738000036, 34.514751785000044 ], [ 69.282384355000033, 34.514641594000068 ], [ 69.282942050000031, 34.514591695000036 ], [ 69.283294794000028, 34.514712397000039 ], [ 69.283574739000073, 34.515003394000075 ], [ 69.283943004000037, 34.515379225000061 ], [ 69.284252646000084, 34.515767366000034 ], [ 69.284576765000054, 34.516119040000035 ], [ 69.285047598000062, 34.516409588000045 ], [ 69.28532745900003, 34.516688406000071 ], [ 69.286040969000055, 34.517118164000067 ], [ 69.286562691000029, 34.517280981000056 ], [ 69.286856948000036, 34.517450417000077 ], [ 69.287092373000064, 34.517619991000061 ], [ 69.287298755000052, 34.51785036900003 ], [ 69.287358564000044, 34.518166178000058 ], [ 69.287374303000036, 34.518482091000067 ], [ 69.287375221000048, 34.51874943100006 ], [ 69.287200547000054, 34.519187311000053 ], [ 69.286966730000074, 34.51950381000006 ], [ 69.286850279000078, 34.519795729000066 ], [ 69.286939492000045, 34.520123643000034 ], [ 69.287248498000054, 34.520317348000049 ], [ 69.287484237000058, 34.520559831000071 ], [ 69.287853129000041, 34.52110577600007 ], [ 69.288059885000052, 34.521457671000064 ], [ 69.288399058000039, 34.521882210000058 ], [ 69.288693867000063, 34.522221812000055 ], [ 69.289106092000054, 34.522548916000062 ], [ 69.289914664000037, 34.522862994000036 ], [ 69.290443931000084, 34.523068296000076 ], [ 69.290738373000067, 34.523298459000046 ], [ 69.290959476000069, 34.523540971000045 ], [ 69.290975230000072, 34.523856882000075 ], [ 69.291035015000034, 34.524160560000041 ], [ 69.291139170000065, 34.524549172000036 ], [ 69.291389388000084, 34.52471870200003 ], [ 69.29178620600004, 34.524839274000044 ], [ 69.292329806000055, 34.524947319000034 ], [ 69.292880774000082, 34.52504321400005 ], [ 69.293299776000083, 34.525212335000049 ], [ 69.293605663000051, 34.525579178000044 ], [ 69.293430827000066, 34.525980723000032 ], [ 69.292912169000033, 34.525934263000067 ], [ 69.292277931000058, 34.525802269000053 ], [ 69.291771203000053, 34.525879774000032 ], [ 69.291472213000077, 34.52605214700003 ], [ 69.29118360700005, 34.526218543000027 ], [ 69.290727220000065, 34.526375779000034 ], [ 69.29027900400007, 34.526705870000058 ], [ 69.290055267000071, 34.52697820700007 ], [ 69.289866119000067, 34.527264756000079 ], [ 69.289781292000043, 34.527737009000077 ], [ 69.289903287000072, 34.528022819000057 ], [ 69.290215624000041, 34.528365396000027 ], [ 69.290528008000081, 34.528736605000063 ], [ 69.290615565000053, 34.529051084000059 ], [ 69.290374894000081, 34.52943794600003 ], [ 69.289978226000073, 34.529696355000056 ], [ 69.289615756000046, 34.529840242000034 ], [ 69.289218391000077, 34.529898449000029 ], [ 69.288768669000035, 34.529799322000031 ], [ 69.288370318000034, 34.529571384000064 ], [ 69.287989289000052, 34.529357742000059 ], [ 69.287487900000031, 34.529315997000026 ], [ 69.28708251200004, 34.529560169000035 ], [ 69.287127170000076, 34.529967727000042 ], [ 69.287422202000073, 34.530317432000061 ], [ 69.287613136000061, 34.530545906000043 ], [ 69.28794244900007, 34.530802642000026 ], [ 69.288219944000048, 34.531073793000076 ], [ 69.288687586000037, 34.531358788000034 ], [ 69.289137717000074, 34.531557970000051 ], [ 69.289414971000042, 34.531757605000053 ], [ 69.289416060000065, 34.532072289000041 ], [ 69.289400620000038, 34.532601642000031 ], [ 69.289385570000036, 34.53325968300004 ], [ 69.289473969000028, 34.533817378000037 ], [ 69.289648531000068, 34.534317649000059 ], [ 69.290065371000082, 34.534888857000055 ], [ 69.29046425000007, 34.535259815000074 ], [ 69.290776964000031, 34.535702536000031 ], [ 69.290933972000062, 34.536102700000072 ], [ 69.290814270000055, 34.536496399000043 ], [ 69.290780893000033, 34.53683262800007 ], [ 69.291075447000082, 34.537017924000054 ], [ 69.29111103300005, 34.537332571000036 ], [ 69.291095005000045, 34.537690176000069 ], [ 69.291485442000067, 34.53810412200005 ], [ 69.291926298000078, 34.538131656000076 ], [ 69.292427091000036, 34.537987431000033 ], [ 69.292858992000049, 34.537900544000024 ], [ 69.293273916000032, 34.53791384200008 ], [ 69.293689192000045, 34.538027283000076 ], [ 69.294070476000059, 34.538298171000065 ], [ 69.294452061000072, 34.538669202000051 ], [ 69.294729553000082, 34.538925999000071 ], [ 69.29507637100005, 34.539232723000055 ], [ 69.295315386000084, 34.539470899000037 ], [ 69.295762323000076, 34.539505349000024 ], [ 69.296321171000045, 34.539536234000025 ], [ 69.29687365400008, 34.539662227000065 ], [ 69.297336268000038, 34.539614794000045 ], [ 69.297701619000065, 34.539613904000078 ], [ 69.298015532000079, 34.53961313800005 ], [ 69.298463027000082, 34.539635357000066 ], [ 69.299034427000038, 34.539686309000047 ], [ 69.299448657000028, 34.539609632000065 ], [ 69.299864830000047, 34.539467208000076 ], [ 69.30034924000006, 34.539344904000075 ], [ 69.30076060600004, 34.539260610000042 ], [ 69.301316159000066, 34.539163649000045 ], [ 69.302067406000049, 34.538967544000059 ], [ 69.302702577000048, 34.538828761000048 ], [ 69.303365346000078, 34.53871276700005 ], [ 69.30402855400007, 34.538688257000047 ], [ 69.304691958000035, 34.538732325000069 ], [ 69.305355583000051, 34.538822156000037 ], [ 69.306018988000062, 34.538866217000077 ], [ 69.306682448000061, 34.538910319000024 ], [ 69.307373313000028, 34.538908582000033 ], [ 69.308036858000037, 34.538975493000066 ], [ 69.308700181000063, 34.538996679000036 ], [ 69.30936364400003, 34.539040767000074 ], [ 69.309944937000068, 34.539290852000079 ], [ 69.310635974000036, 34.539334818000043 ], [ 69.311299015000031, 34.539264547000073 ], [ 69.311961914000051, 34.539171367000051 ], [ 69.312624983000035, 34.539123905000054 ], [ 69.313288277000083, 34.539122205000069 ], [ 69.314018899000075, 34.53923098000007 ], [ 69.31458864800004, 34.539507676000028 ], [ 69.315197414000068, 34.539711899000054 ], [ 69.315861004000055, 34.539801673000056 ], [ 69.316524107000077, 34.539777095000034 ], [ 69.317187580000052, 34.539821095000036 ], [ 69.317851716000064, 34.540025206000053 ], [ 69.318487946000062, 34.540183619000061 ], [ 69.319124266000074, 34.540364935000071 ], [ 69.319760763000033, 34.540591923000079 ], [ 69.320314647000032, 34.540887797000039 ], [ 69.320758413000078, 34.541298262000055 ], [ 69.321257261000028, 34.541662859000041 ], [ 69.321673497000063, 34.542096299000036 ], [ 69.322227662000046, 34.542460746000074 ], [ 69.322836556000084, 34.542687791000048 ], [ 69.323500531000036, 34.54286901100005 ], [ 69.324164066000037, 34.542935833000058 ], [ 69.324855194000065, 34.542979763000062 ], [ 69.325518073000069, 34.542863649000026 ], [ 69.326153179000073, 34.542724745000044 ], [ 69.326815821000082, 34.542562947000079 ], [ 69.327450833000057, 34.542401085000051 ], [ 69.328085987000065, 34.542262171000061 ], [ 69.328749430000073, 34.542306108000048 ], [ 69.32938566200005, 34.542441648000079 ], [ 69.330022022000037, 34.54262286200003 ], [ 69.33057608200005, 34.542964410000025 ], [ 69.331157647000055, 34.543260115000066 ], [ 69.331848963000084, 34.543349727000077 ], [ 69.332512180000037, 34.543347923000056 ], [ 69.33314729600005, 34.543186121000076 ], [ 69.333975562000035, 34.542978021000067 ], [ 69.334638794000057, 34.542953345000058 ], [ 69.335273610000058, 34.542745766000053 ], [ 69.33596426500003, 34.542698146000077 ], [ 69.336627456000031, 34.542650553000044 ], [ 69.337151150000068, 34.542306106000069 ], [ 69.337758051000037, 34.542029964000051 ], [ 69.338115475000052, 34.541548763000037 ], [ 69.338694501000077, 34.541226972000061 ], [ 69.33924849400006, 34.541545621000068 ], [ 69.339720037000063, 34.541955940000037 ], [ 69.340108781000083, 34.542412254000055 ], [ 69.340525211000056, 34.542868444000078 ], [ 69.340803641000036, 34.543370785000036 ], [ 69.341026859000067, 34.543896185000051 ], [ 69.341305763000037, 34.544512873000031 ], [ 69.341694582000059, 34.544969181000056 ], [ 69.342276668000068, 34.54537922600008 ], [ 69.342858423000052, 34.545720550000055 ], [ 69.343549490000044, 34.545741514000042 ], [ 69.344240557000035, 34.545762428000046 ], [ 69.344931569000039, 34.545783339000025 ], [ 69.345566624000071, 34.54562147300004 ], [ 69.346201717000042, 34.545482464000031 ], [ 69.346864720000042, 34.545411956000066 ], [ 69.347528062000038, 34.54541006900007 ], [ 69.348164388000043, 34.545568327000069 ], [ 69.34882839900007, 34.545726548000061 ], [ 69.349492507000036, 34.545907580000062 ], [ 69.350128690000076, 34.546042967000062 ], [ 69.350765026000033, 34.546201211000039 ], [ 69.351456290000044, 34.546267851000039 ], [ 69.352202041000055, 34.546151354000074 ], [ 69.352892244000031, 34.545966430000078 ], [ 69.35358248600005, 34.545804317000034 ], [ 69.35424524900003, 34.545665187000054 ], [ 69.354944922000072, 34.545556426000076 ], [ 69.355681712000035, 34.545500941000057 ], [ 69.356318248000036, 34.545704922000027 ], [ 69.356844959000057, 34.546069291000038 ], [ 69.357206285000075, 34.546548446000031 ], [ 69.357098116000031, 34.547097646000054 ], [ 69.356906909000031, 34.547624183000039 ], [ 69.356937076000065, 34.548218700000064 ], [ 69.357436122000081, 34.548583147000045 ], [ 69.358045449000031, 34.548878642000034 ], [ 69.358626955000034, 34.549128494000058 ], [ 69.359263527000053, 34.549332460000073 ], [ 69.359992994000038, 34.549480462000076 ], [ 69.360673848000033, 34.549488372000042 ], [ 69.361336673000039, 34.549372064000067 ], [ 69.36199969300003, 34.54930151800005 ], [ 69.362690297000029, 34.549207980000062 ], [ 69.363325288000055, 34.549046022000027 ], [ 69.363960033000069, 34.548815434000062 ], [ 69.364511180000079, 34.54844792800003 ], [ 69.36492387900006, 34.548012116000052 ], [ 69.365308800000037, 34.547530754000036 ], [ 69.365776793000066, 34.547117679000053 ], [ 69.366356105000079, 34.54686438400006 ], [ 69.367019603000074, 34.546908158000065 ], [ 69.36754626700008, 34.547249575000023 ], [ 69.367880031000084, 34.547728826000025 ], [ 69.367902838000077, 34.547945912000046 ] ] ] ] } },
{ "type": "Feature", "properties": { "OBJECTID": 12, "OID_": 0, "SHAPE_LENG": 25784.907779500001, "PD_NR": 5, "AREA_KM_2": 29.238911336299999, "QUARTER": "NW", "Area": 0.0, "Flood_Area": 8.0, "Flooded_Ur": 0.27360799818999998, "Total_Dama": 620518.86239300005, "Damage_Red": 77564.85779910002, "Area_1": 0.0, "نام_ن": "ناحیه پنجم", "Shape_Le_1": 0.25959609936, "Shape_Area": 0.00287052033 }, "geometry": { "type": "MultiPolygon", "coordinates": [ [ [ [ 69.122372499000051, 34.539855308000028 ], [ 69.124022109000066, 34.540094293000038 ], [ 69.124048316000028, 34.538329420000025 ], [ 69.12422020200006, 34.537613748000069 ], [ 69.12454742500006, 34.536601311000027 ], [ 69.124666416000082, 34.536302149000051 ], [ 69.124796950000075, 34.536033546000056 ], [ 69.12491599100008, 34.535732039000038 ], [ 69.12504623600006, 34.535308054000041 ], [ 69.125187995000033, 34.534968827000057 ], [ 69.12539810700008, 34.534648423000078 ], [ 69.125804393000067, 34.53427122800008 ], [ 69.126279235000084, 34.534049388000028 ], [ 69.126580722000028, 34.533950147000041 ], [ 69.12682522700004, 34.533822783000062 ], [ 69.126922931000081, 34.533434722000038 ], [ 69.123688611000034, 34.532898621000072 ], [ 69.122612469000046, 34.532715556000028 ], [ 69.121599850000052, 34.532525339000074 ], [ 69.121334127000068, 34.532151260000035 ], [ 69.121159011000032, 34.530834066000068 ], [ 69.121014695000042, 34.530240726000045 ], [ 69.12092449000005, 34.529840184000079 ], [ 69.120861039000033, 34.529365398000039 ], [ 69.120761236000078, 34.528542005000077 ], [ 69.120661777000066, 34.52795597000005 ], [ 69.120607318000054, 34.527481219000038 ], [ 69.120570913000051, 34.527095459000066 ], [ 69.12049877700008, 34.526791349000064 ], [ 69.120381525000028, 34.526294384000039 ], [ 69.120291454000039, 34.526020006000067 ], [ 69.120120092000036, 34.525285647000032 ], [ 69.120011568000052, 34.52460321600006 ], [ 69.119848880000063, 34.523683435000066 ], [ 69.119649997000067, 34.52255591200003 ], [ 69.119559595000055, 34.522006976000057 ], [ 69.119485362000034, 34.521373614000026 ], [ 69.119378486000073, 34.520731085000079 ], [ 69.119260765000035, 34.519855764000056 ], [ 69.119043915000077, 34.518646687000057 ], [ 69.118673493000074, 34.516584551000051 ], [ 69.118375324000056, 34.514871030000052 ], [ 69.118093798000075, 34.51320731800007 ], [ 69.117946782000047, 34.512748030000068 ], [ 69.118043400000033, 34.51250471700007 ], [ 69.118105711000055, 34.512230505000048 ], [ 69.118043739000029, 34.511779251000064 ], [ 69.117996662000053, 34.511422177000043 ], [ 69.117920096000034, 34.510973057000058 ], [ 69.117710023000029, 34.509710626000071 ], [ 69.117613432000041, 34.509118812000054 ], [ 69.117537062000054, 34.508650978000048 ], [ 69.117345802000045, 34.507474111000079 ], [ 69.117253131000041, 34.506876927000064 ], [ 69.117203328000073, 34.506551960000024 ], [ 69.117130203000045, 34.506103782000025 ], [ 69.117107635000082, 34.50570168400003 ], [ 69.116622602000064, 34.505860958000028 ], [ 69.116207393000082, 34.505979672000024 ], [ 69.115834408000069, 34.506067637000058 ], [ 69.11547461300006, 34.506122763000064 ], [ 69.115162488000067, 34.506186546000038 ], [ 69.114654709000035, 34.50636666500003 ], [ 69.114281745000028, 34.506472167000027 ], [ 69.113910157000078, 34.506629294000049 ], [ 69.113554258000079, 34.506748756000036 ], [ 69.113157822000062, 34.506900313000074 ], [ 69.112873265000076, 34.507214454000064 ], [ 69.112505837000072, 34.507675260000042 ], [ 69.112309899000081, 34.508031387000074 ], [ 69.112113787000055, 34.508422460000077 ], [ 69.111840548000032, 34.50893814300008 ], [ 69.11162760600007, 34.509333108000078 ], [ 69.111573766000049, 34.509642075000045 ], [ 69.111557219000076, 34.510264839000058 ], [ 69.111457979000079, 34.510514597000054 ], [ 69.11129770000008, 34.51070033700006 ], [ 69.111008515000037, 34.51086725600004 ], [ 69.110609951000072, 34.511034363000078 ], [ 69.110211711000034, 34.511034362000032 ], [ 69.109782749000033, 34.510951691000059 ], [ 69.109450566000078, 34.510897610000029 ], [ 69.109034535000035, 34.510956104000059 ], [ 69.108724512000038, 34.511103692000063 ], [ 69.108496484000057, 34.511179422000055 ], [ 69.108145251000053, 34.511221307000028 ], [ 69.10780298800006, 34.511164930000064 ], [ 69.107433323000066, 34.511063261000061 ], [ 69.107014554000045, 34.51111187500004 ], [ 69.106811429000061, 34.511239795000051 ], [ 69.106601572000045, 34.511384900000053 ], [ 69.106391767000048, 34.511486492000074 ], [ 69.106129082000052, 34.51142589300008 ], [ 69.10575448700007, 34.511345100000028 ], [ 69.105380210000078, 34.511516408000034 ], [ 69.104890483000077, 34.511757253000042 ], [ 69.104536947000042, 34.511745968000071 ], [ 69.104144815000041, 34.511668070000042 ], [ 69.103598844000032, 34.511668535000069 ], [ 69.103185910000036, 34.511770293000041 ], [ 69.102885042000082, 34.511843008000028 ], [ 69.102541889000065, 34.511770881000075 ], [ 69.102212856000051, 34.511797174000037 ], [ 69.101975355000036, 34.512197237000066 ], [ 69.101646736000077, 34.512475631000029 ], [ 69.101268771000036, 34.512536863000037 ], [ 69.100729730000069, 34.512551783000049 ], [ 69.100302773000067, 34.512595556000065 ], [ 69.099896888000046, 34.512723361000042 ], [ 69.099561188000052, 34.512964104000048 ], [ 69.099207777000061, 34.513062915000035 ], [ 69.098800535000066, 34.513060359000065 ], [ 69.098448097000073, 34.512967937000042 ], [ 69.097982288000082, 34.512724911000078 ], [ 69.097660024000049, 34.512533984000072 ], [ 69.097334457000045, 34.512453081000046 ], [ 69.097096400000055, 34.512441682000031 ], [ 69.096823438000058, 34.512488252000026 ], [ 69.09657852600003, 34.512531958000068 ], [ 69.096340673000043, 34.512650870000073 ], [ 69.096242824000058, 34.512874056000044 ], [ 69.095994531000031, 34.51301047100003 ], [ 69.095710986000029, 34.513045413000043 ], [ 69.095437959000037, 34.513036925000051 ], [ 69.095154451000042, 34.513057482000079 ], [ 69.094958695000059, 34.513266224000063 ], [ 69.094892706000053, 34.513726968000071 ], [ 69.094552416000056, 34.514019826000037 ], [ 69.094161610000072, 34.514104177000036 ], [ 69.093789001000061, 34.514240683000025 ], [ 69.093430365000074, 34.514403149000032 ], [ 69.093094424000071, 34.514499088000036 ], [ 69.092856463000032, 34.514531104000071 ], [ 69.092604548000054, 34.514603711000063 ], [ 69.092391194000072, 34.514769040000033 ], [ 69.092058620000046, 34.514709906000064 ], [ 69.091848329000072, 34.514442045000067 ], [ 69.091610207000031, 34.514375579000045 ], [ 69.091218103000074, 34.514323703000059 ], [ 69.090805038000042, 34.514280543000041 ], [ 69.090296402000035, 34.514316722000046 ], [ 69.090032731000065, 34.514146519000064 ], [ 69.089972785000043, 34.513566154000046 ], [ 69.089649568000084, 34.513285837000069 ], [ 69.089183904000038, 34.513104326000075 ], [ 69.088763143000051, 34.513143411000044 ], [ 69.088444861000028, 34.513352187000066 ], [ 69.088280570000052, 34.513558100000068 ], [ 69.088104598000029, 34.513794818000065 ], [ 69.087822201000051, 34.513735141000041 ], [ 69.087496472000055, 34.513494906000062 ], [ 69.087149532000069, 34.51312716800004 ], [ 69.086792388000049, 34.513002836000055 ], [ 69.086400315000049, 34.512971235000066 ], [ 69.086064316000034, 34.512959883000065 ], [ 69.085812396000051, 34.513029636000056 ], [ 69.085665540000036, 34.51319197600003 ], [ 69.085354179000035, 34.513357361000033 ], [ 69.084990024000035, 34.513247503000059 ], [ 69.084478946000047, 34.513126158000034 ], [ 69.083959594000078, 34.513063704000047 ], [ 69.083598884000082, 34.513126943000032 ], [ 69.083325058000071, 34.513245764000033 ], [ 69.082883109000079, 34.513454700000068 ], [ 69.08254375000007, 34.513628710000035 ], [ 69.082179831000076, 34.513756472000068 ], [ 69.081720353000037, 34.513257941000063 ], [ 69.08159450900007, 34.512910826000052 ], [ 69.081434284000068, 34.51255358800006 ], [ 69.081127265000077, 34.512484893000078 ], [ 69.081058822000045, 34.512795254000025 ], [ 69.080712601000073, 34.513085236000052 ], [ 69.080303197000035, 34.513213023000048 ], [ 69.080051278000042, 34.513288490000036 ], [ 69.079729260000079, 34.51337275000003 ], [ 69.079305866000084, 34.513399088000028 ], [ 69.07865477200005, 34.513364744000057 ], [ 69.07816131800007, 34.51344036200004 ], [ 69.07782747400006, 34.513345930000071 ], [ 69.077482074000045, 34.513301735000027 ], [ 69.077272220000054, 34.513452561000065 ], [ 69.076859312000067, 34.513568660000033 ], [ 69.076390323000055, 34.513595062000036 ], [ 69.076110211000071, 34.513522776000059 ], [ 69.075735578000035, 34.513439049000056 ], [ 69.075186124000084, 34.513456749000056 ], [ 69.074563093000052, 34.513552723000032 ], [ 69.074276200000043, 34.513694889000078 ], [ 69.073982411000031, 34.51392394800007 ], [ 69.073690898000052, 34.514142409000044 ], [ 69.072477770000035, 34.514452187000074 ], [ 69.072176844000069, 34.514626190000058 ], [ 69.071896990000084, 34.514854289000027 ], [ 69.071410669000045, 34.515009100000043 ], [ 69.070692918000077, 34.514879160000078 ], [ 69.07017810900004, 34.514453529000036 ], [ 69.069813866000061, 34.514218995000078 ], [ 69.069250103000059, 34.514002024000035 ], [ 69.068931421000059, 34.513787842000056 ], [ 69.068612762000043, 34.513666276000038 ], [ 69.068231319000063, 34.513707072000045 ], [ 69.067933749000076, 34.513660884000046 ], [ 69.067457731000047, 34.513690141000041 ], [ 69.067079883000076, 34.513933704000067 ], [ 69.066765025000052, 34.514136695000047 ], [ 69.066457136000054, 34.514268213000037 ], [ 69.066082564000055, 34.514252995000049 ], [ 69.065742921000037, 34.51411407300003 ], [ 69.065371289000041, 34.514514769000073 ], [ 69.064937598000029, 34.514411021000058 ], [ 69.064209131000041, 34.514494598000056 ], [ 69.063832282000078, 34.514494796000065 ], [ 69.063455559000033, 34.51466133200006 ], [ 69.063003435000041, 34.514744759000052 ], [ 69.062500906000082, 34.514661824000029 ], [ 69.062048688000061, 34.514620481000065 ], [ 69.06169711900003, 34.514849405000064 ], [ 69.061119344000076, 34.514891269000032 ], [ 69.06064191400003, 34.514787527000067 ], [ 69.060315597000056, 34.515141201000063 ], [ 69.059888877000049, 34.51564052100008 ], [ 69.059336494000036, 34.516160642000045 ], [ 69.058859420000033, 34.516493598000068 ], [ 69.058256523000068, 34.516618698000059 ], [ 69.057879675000038, 34.516556471000058 ], [ 69.057452522000062, 34.516535886000042 ], [ 69.056950063000045, 34.516484132000073 ], [ 69.056565939000052, 34.516589387000067 ], [ 69.056092595000052, 34.516787841000053 ], [ 69.055454619000045, 34.517088332000071 ], [ 69.05457337100006, 34.517036725000025 ], [ 69.053482401000053, 34.517314092000049 ], [ 69.052439277000076, 34.517519391000064 ], [ 69.051403788000073, 34.517558908000069 ], [ 69.050644945000045, 34.517807392000066 ], [ 69.050280772000065, 34.518077907000077 ], [ 69.049640122000028, 34.518057337000073 ], [ 69.049212974000056, 34.51787033800008 ], [ 69.048735686000043, 34.518016127000067 ], [ 69.048384031000069, 34.518182652000064 ], [ 69.047856525000043, 34.518349200000046 ], [ 69.047128155000053, 34.518599015000063 ], [ 69.046726212000067, 34.518765555000073 ], [ 69.046500219000052, 34.519015173000071 ], [ 69.046399871000062, 34.519306362000066 ], [ 69.046148738000056, 34.51951441600005 ], [ 69.045495604000052, 34.519597808000071 ], [ 69.045043448000058, 34.519805935000079 ], [ 69.044540501000029, 34.52008694400007 ], [ 69.044072179000068, 34.520435440000028 ], [ 69.043562928000028, 34.520655756000053 ], [ 69.04304189700008, 34.520857226000032 ], [ 69.042754642000034, 34.521295474000055 ], [ 69.041964404000055, 34.52166580800008 ], [ 69.041423460000033, 34.521941136000066 ], [ 69.041080638000039, 34.522296161000043 ], [ 69.040737757000045, 34.522651185000029 ], [ 69.040309261000061, 34.523290218000056 ], [ 69.039966441000047, 34.52378718500006 ], [ 69.039590370000042, 34.523920257000043 ], [ 69.039146022000068, 34.524093851000032 ], [ 69.038506700000028, 34.52457552900006 ], [ 69.038073343000065, 34.525093026000036 ], [ 69.037466609000035, 34.525760102000049 ], [ 69.037145242000065, 34.526250646000051 ], [ 69.036910649000049, 34.526872747000027 ], [ 69.037652430000037, 34.527337057000068 ], [ 69.03799570700005, 34.527904823000029 ], [ 69.03842475600004, 34.528259597000044 ], [ 69.039025387000038, 34.528756307000037 ], [ 69.039365885000052, 34.528983995000033 ], [ 69.039874409000049, 34.529593078000062 ], [ 69.040033965000077, 34.529730706000066 ], [ 69.040312162000077, 34.529643890000045 ], [ 69.040547170000082, 34.529915950000031 ], [ 69.040673672000082, 34.52997571800006 ], [ 69.041032134000034, 34.530286978000049 ], [ 69.041513561000045, 34.530601048000051 ], [ 69.042124815000079, 34.530810195000072 ], [ 69.042628869000055, 34.531168536000052 ], [ 69.04326915300004, 34.531448279000074 ], [ 69.043658416000028, 34.531807017000062 ], [ 69.044001732000083, 34.532232776000058 ], [ 69.043830473000071, 34.532729782000047 ], [ 69.043744973000059, 34.53322662100004 ], [ 69.043573601000048, 34.53372358200005 ], [ 69.04340239000004, 34.534220497000035 ], [ 69.043231069000058, 34.534717456000067 ], [ 69.04288832900005, 34.535427394000067 ], [ 69.042631257000039, 34.535853365000037 ], [ 69.042374235000068, 34.536492299000031 ], [ 69.042117139000084, 34.53698928700004 ], [ 69.041860093000082, 34.537486274000059 ], [ 69.041603061000046, 34.538125206000075 ], [ 69.041345919000037, 34.538551174000077 ], [ 69.040917415000081, 34.539332153000032 ], [ 69.040574499000058, 34.539758148000033 ], [ 69.040403204000029, 34.540255104000039 ], [ 69.040317778000031, 34.540964948000067 ], [ 69.040403856000069, 34.541603764000058 ], [ 69.04048993400005, 34.54224257900006 ], [ 69.040661923000073, 34.543165301000045 ], [ 69.041091306000055, 34.544016963000047 ], [ 69.041434605000063, 34.544442728000035 ], [ 69.041692189000059, 34.544868521000069 ], [ 69.042035603000045, 34.545294329000058 ], [ 69.042636359000028, 34.545861991000038 ], [ 69.04306546600003, 34.546216749000052 ], [ 69.043494612000075, 34.546642477000034 ], [ 69.043837951000057, 34.546997262000048 ], [ 69.044438657000057, 34.547422925000035 ], [ 69.044953533000069, 34.547635699000068 ], [ 69.045468357000061, 34.547848472000055 ], [ 69.046068975000082, 34.547990192000043 ], [ 69.046761066000045, 34.54837531700008 ], [ 69.047270443000059, 34.548770565000041 ], [ 69.047785361000081, 34.549125273000072 ], [ 69.048214465000058, 34.549409039000068 ], [ 69.048815278000063, 34.549763708000057 ], [ 69.049158598000076, 34.550118478000059 ], [ 69.049501975000055, 34.55047324700007 ], [ 69.050016998000046, 34.550969935000069 ], [ 69.050446290000082, 34.551537629000052 ], [ 69.050875545000054, 34.552034303000028 ], [ 69.051218938000034, 34.552389067000036 ], [ 69.051476596000043, 34.552814884000043 ], [ 69.051734257000078, 34.553240655000025 ], [ 69.051906128000041, 34.553737479000063 ], [ 69.052120543000058, 34.554022856000074 ], [ 69.053021771000033, 34.554233852000038 ], [ 69.053622493000034, 34.554446552000059 ], [ 69.053965907000077, 34.554801308000037 ], [ 69.054309269000044, 34.555156064000073 ], [ 69.05473852700004, 34.555510779000031 ], [ 69.055253472000061, 34.555794482000067 ], [ 69.055768372000045, 34.556007210000075 ], [ 69.056454803000065, 34.556077867000056 ], [ 69.057141131000037, 34.556077548000076 ], [ 69.057999137000081, 34.556077144000028 ], [ 69.058599790000073, 34.55607685700005 ], [ 69.059114647000058, 34.556289571000036 ], [ 69.059458091000067, 34.55664431200006 ], [ 69.060059102000082, 34.557211887000051 ], [ 69.060402555000053, 34.557566625000049 ], [ 69.061003525000046, 34.558134196000026 ], [ 69.061261302000048, 34.558630918000063 ], [ 69.061604766000073, 34.558985653000036 ], [ 69.062034020000056, 34.559340388000066 ], [ 69.062463225000045, 34.559624058000054 ], [ 69.063064010000062, 34.559836712000049 ], [ 69.063664581000069, 34.559836400000052 ], [ 69.064265207000062, 34.559836085000029 ], [ 69.065208763000044, 34.559551696000028 ], [ 69.065637534000075, 34.559267486000067 ], [ 69.066066301000035, 34.558983320000038 ], [ 69.066666638000072, 34.558628087000045 ], [ 69.06761017000008, 34.558272661000046 ], [ 69.068124712000042, 34.557988440000031 ], [ 69.068639309000048, 34.557775235000065 ], [ 69.06915401200007, 34.557561982000038 ], [ 69.069668549000028, 34.557348727000033 ], [ 69.070183078000071, 34.557064543000024 ], [ 69.070954893000078, 34.556638172000078 ], [ 69.071383623000031, 34.556283015000076 ], [ 69.071726456000079, 34.555927907000068 ], [ 69.07198349600003, 34.555501830000026 ], [ 69.072326378000071, 34.555146721000028 ], [ 69.072755101000041, 34.554862531000026 ], [ 69.073361906000059, 34.554615839000064 ], [ 69.074213126000075, 34.554293784000038 ], [ 69.074816247000058, 34.554081806000056 ], [ 69.075296898000033, 34.553861649000055 ], [ 69.075805549000052, 34.553570320000063 ], [ 69.076308608000033, 34.553306408000026 ], [ 69.077214896000044, 34.553156228000034 ], [ 69.077729374000057, 34.552871967000044 ], [ 69.07815806800005, 34.552587758000072 ], [ 69.078500911000049, 34.552232631000038 ], [ 69.078757905000032, 34.551806585000065 ], [ 69.078671658000076, 34.551309743000047 ], [ 69.078499578000049, 34.550813001000051 ], [ 69.078327555000044, 34.550316214000077 ], [ 69.07847174300008, 34.549782069000059 ], [ 69.078841409000063, 34.549393106000025 ], [ 69.079052128000058, 34.548970246000067 ], [ 69.07961283800006, 34.548682790000043 ], [ 69.080213384000047, 34.54868239700005 ], [ 69.080813806000037, 34.548610984000049 ], [ 69.081494432000056, 34.548638082000025 ], [ 69.082272505000049, 34.548893945000032 ], [ 69.08270172400006, 34.549177590000056 ], [ 69.083131072000072, 34.549532206000038 ], [ 69.083646004000059, 34.549744817000033 ], [ 69.084246646000054, 34.549886349000076 ], [ 69.08493319400003, 34.550098836000075 ], [ 69.08553396700006, 34.55031137900005 ], [ 69.086010016000046, 34.550592455000071 ], [ 69.086563691000038, 34.550523571000042 ], [ 69.087249899000028, 34.550452110000037 ], [ 69.087850308000043, 34.550309735000042 ], [ 69.088364807000062, 34.550096401000076 ], [ 69.088879358000042, 34.549883065000074 ], [ 69.089393852000057, 34.549669772000072 ], [ 69.089908343000047, 34.549456431000067 ], [ 69.090337032000036, 34.549172180000028 ], [ 69.09059390200008, 34.548746109000035 ], [ 69.090336035000064, 34.548249403000057 ], [ 69.089906663000079, 34.547894812000038 ], [ 69.089563104000035, 34.547469184000079 ], [ 69.089390967000043, 34.546972413000049 ], [ 69.089390436000031, 34.546475560000033 ], [ 69.089389905000075, 34.545978663000028 ], [ 69.08956097500004, 34.545481639000059 ], [ 69.089817837000055, 34.545055570000045 ], [ 69.090332353000065, 34.54484222800005 ], [ 69.090847275000044, 34.545054809000078 ], [ 69.091448027000069, 34.545267323000076 ], [ 69.092021862000081, 34.545380565000073 ], [ 69.092649329000039, 34.545550353000067 ], [ 69.093335754000066, 34.545762748000072 ], [ 69.093765103000067, 34.546046354000055 ], [ 69.094280121000054, 34.546329893000063 ], [ 69.094880811000053, 34.546471418000067 ], [ 69.09548152900004, 34.54668386700007 ], [ 69.095825088000083, 34.547038506000035 ], [ 69.096254344000045, 34.547322103000056 ], [ 69.096769433000077, 34.547605631000067 ], [ 69.097370081000065, 34.547747144000027 ], [ 69.097970620000069, 34.547746664000044 ], [ 69.098570990000042, 34.547604190000072 ], [ 69.099257080000029, 34.547461689000045 ], [ 69.099857447000034, 34.547319210000069 ], [ 69.100371897000059, 34.547105871000042 ], [ 69.10088634400006, 34.546892484000068 ], [ 69.101486618000081, 34.546679024000071 ], [ 69.102001060000077, 34.546465678000061 ], [ 69.10260124000007, 34.546181240000067 ], [ 69.103201504000083, 34.545967771000051 ], [ 69.103801711000074, 34.545754300000056 ], [ 69.104230279000035, 34.54547 ], [ 69.104744672000038, 34.545185669000034 ], [ 69.105259007000029, 34.544901292000077 ], [ 69.105773339000052, 34.544616912000038 ], [ 69.106287721000058, 34.544332530000077 ], [ 69.10671618300006, 34.543977249000079 ], [ 69.107230504000029, 34.543692863000047 ], [ 69.107744875000037, 34.543408475000035 ], [ 69.108430731000055, 34.543123933000061 ], [ 69.109030958000062, 34.542910435000067 ], [ 69.109631182000044, 34.542696980000073 ], [ 69.110231443000032, 34.542554450000068 ], [ 69.110831849000078, 34.542482934000077 ], [ 69.111517971000069, 34.542411337000033 ], [ 69.112118525000028, 34.542410787000051 ], [ 69.11271897000006, 34.542410234000045 ], [ 69.113405185000033, 34.542409599000052 ], [ 69.11409145500005, 34.542408959000056 ], [ 69.114691955000069, 34.542408397000031 ], [ 69.115292400000044, 34.542407832000038 ], [ 69.115978571000028, 34.542336164000062 ], [ 69.116579071000046, 34.542335592000029 ], [ 69.117179515000032, 34.542335018000074 ], [ 69.117784572000062, 34.542359371000032 ], [ 69.118465774000072, 34.542358712000066 ], [ 69.119131302000028, 34.542410505000078 ], [ 69.119764762000045, 34.54225256400008 ], [ 69.120176078000043, 34.541806440000073 ], [ 69.120460476000062, 34.541281756000046 ], [ 69.120966892000069, 34.540887976000079 ], [ 69.12160031500008, 34.540677585000026 ], [ 69.122074970000028, 34.540257589000078 ], [ 69.122372499000051, 34.539855308000028 ] ] ] ] } },
{ "type": "Feature", "properties": { "OBJECTID": 13, "OID_": 0, "SHAPE_LENG": 19716.484245200001, "PD_NR": 4, "AREA_KM_2": 11.626116531499999, "QUARTER": "NE", "Area": 0.0, "Flood_Area": 5.0, "Flooded_Ur": 0.43006622086000001, "Total_Dama": 942705.15613000002, "Damage_Red": 188541.03122599999, "Area_1": 0.0, "نام_ن": "ناحیه چهارم", "Shape_Le_1": 0.20111040194, "Shape_Area": 0.00114270805 }, "geometry": { "type": "MultiPolygon", "coordinates": [ [ [ [ 69.15325264300003, 34.548459894000075 ], [ 69.154397055000061, 34.547752065000054 ], [ 69.155621557000075, 34.547015805000058 ], [ 69.156046966000076, 34.546765145000052 ], [ 69.156930802000034, 34.54623523600003 ], [ 69.158058164000067, 34.545563512000058 ], [ 69.158932833000051, 34.545040860000029 ], [ 69.16012955900004, 34.544325919000073 ], [ 69.160945635000076, 34.543838274000052 ], [ 69.161316194000051, 34.543616797000027 ], [ 69.161925969000038, 34.543252109000036 ], [ 69.16291314700004, 34.542661688000067 ], [ 69.163838807000047, 34.542108091000046 ], [ 69.164692013000035, 34.541597826000043 ], [ 69.16563403300006, 34.541034317000026 ], [ 69.166553230000034, 34.540482151000049 ], [ 69.165885287000037, 34.539714221000054 ], [ 69.164591322000035, 34.538169591000042 ], [ 69.168172833000028, 34.536055149000049 ], [ 69.169007727000064, 34.535559443000068 ], [ 69.169313149000061, 34.535381093000069 ], [ 69.170195395000064, 34.534840312000028 ], [ 69.171332905000043, 34.534142343000042 ], [ 69.174458951000076, 34.532337720000044 ], [ 69.175323885000068, 34.531834488000072 ], [ 69.175550517000033, 34.531718325000043 ], [ 69.170458815000075, 34.525710447000051 ], [ 69.168983315000048, 34.526523588000032 ], [ 69.16821520600007, 34.526996882000049 ], [ 69.167719618000035, 34.527285017000054 ], [ 69.167389133000029, 34.527449735000062 ], [ 69.166984347000039, 34.527648778000071 ], [ 69.166463812000075, 34.527889101000028 ], [ 69.165733815000067, 34.528390645000059 ], [ 69.164836869000055, 34.528999996000039 ], [ 69.164257515000031, 34.529398611000033 ], [ 69.163581538000074, 34.529870896000034 ], [ 69.163187482000069, 34.530079020000073 ], [ 69.162796311000079, 34.530090950000044 ], [ 69.162457087000064, 34.530002438000054 ], [ 69.162051612000084, 34.529886643000054 ], [ 69.161571650000042, 34.529709306000029 ], [ 69.161033825000061, 34.529586874000074 ], [ 69.160603842000057, 34.529587395000078 ], [ 69.160223490000078, 34.529642634000027 ], [ 69.159491951000064, 34.529819986000064 ], [ 69.15904968600006, 34.529952183000034 ], [ 69.158504272000073, 34.530165043000068 ], [ 69.158140820000028, 34.530343487000039 ], [ 69.154282267000042, 34.532264774000055 ], [ 69.152142211000069, 34.533321497000031 ], [ 69.15102051000008, 34.53386546400003 ], [ 69.150342714000033, 34.533751410000036 ], [ 69.15011478200006, 34.533924567000042 ], [ 69.149747221000041, 34.534261169000047 ], [ 69.148811278000039, 34.535011358000077 ], [ 69.14722452400008, 34.536135496000043 ], [ 69.146137568000029, 34.53698933000004 ], [ 69.144878335000044, 34.53802223200006 ], [ 69.144738612000083, 34.537826209000059 ], [ 69.144431900000029, 34.537513914000044 ], [ 69.144099162000032, 34.537180140000032 ], [ 69.143671788000063, 34.536787228000037 ], [ 69.143329358000074, 34.536485704000029 ], [ 69.142918485000052, 34.53617898300007 ], [ 69.142212276000066, 34.535734899000033 ], [ 69.141463032000047, 34.535324092000053 ], [ 69.140819193000084, 34.53499017300004 ], [ 69.140263136000044, 34.534719864000067 ], [ 69.139384071000052, 34.534310230000074 ], [ 69.139107155000033, 34.534104346000049 ], [ 69.138740700000028, 34.534117073000061 ], [ 69.138291774000038, 34.534208440000043 ], [ 69.137425094000037, 34.534264338000071 ], [ 69.137019842000029, 34.534275796000031 ], [ 69.135986116000083, 34.534305043000074 ], [ 69.133289314000081, 34.534380386000066 ], [ 69.132949536000069, 34.534380757000065 ], [ 69.132431464000035, 34.534338438000077 ], [ 69.131523550000054, 34.534197564000067 ], [ 69.129094629000065, 34.533795152000039 ], [ 69.127651468000067, 34.533556020000049 ], [ 69.126919318000034, 34.533434723000028 ], [ 69.126821613000061, 34.533822784000051 ], [ 69.126577108000049, 34.533950148000031 ], [ 69.126275621000048, 34.534049389000074 ], [ 69.125800779000031, 34.534271229000069 ], [ 69.125394493000044, 34.534648424000068 ], [ 69.125184381000054, 34.534968828000046 ], [ 69.12504262300007, 34.53530805500003 ], [ 69.124912378000033, 34.535732040000028 ], [ 69.124793337000028, 34.536033547000045 ], [ 69.124662803000035, 34.53630215000004 ], [ 69.12454381100008, 34.536601312000073 ], [ 69.124216588000081, 34.537613749000059 ], [ 69.124044702000049, 34.538329422000061 ], [ 69.12401849500003, 34.540094294000028 ], [ 69.122368886000061, 34.539855310000064 ], [ 69.122959225000045, 34.540702420000059 ], [ 69.123213488000033, 34.541226567000024 ], [ 69.123634742000036, 34.541657613000041 ], [ 69.123761267000077, 34.541949536000061 ], [ 69.124069218000045, 34.542366402000027 ], [ 69.12461178600006, 34.543128827000032 ], [ 69.124763692000045, 34.543554867000068 ], [ 69.12498398200006, 34.543867030000058 ], [ 69.124827465000067, 34.544040202000076 ], [ 69.12442846600004, 34.544478980000065 ], [ 69.124004127000035, 34.545029922000026 ], [ 69.123799027000075, 34.545296299000029 ], [ 69.123531779000075, 34.545658422000031 ], [ 69.123169718000042, 34.546210966000046 ], [ 69.122887910000031, 34.546717752000063 ], [ 69.122596452000039, 34.547224322000034 ], [ 69.122359737000068, 34.547715685000071 ], [ 69.12210092600003, 34.548304330000065 ], [ 69.122662176000063, 34.548452071000042 ], [ 69.123020379000081, 34.548416540000062 ], [ 69.123480398000083, 34.548355879000042 ], [ 69.123813625000082, 34.548309369000037 ], [ 69.124153792000072, 34.548276198000053 ], [ 69.12454305600005, 34.548203972000067 ], [ 69.125156071000049, 34.548090168000044 ], [ 69.126550586000064, 34.548576340000068 ], [ 69.130030748000081, 34.549837698000033 ], [ 69.12991818200004, 34.550239529000066 ], [ 69.12974583700003, 34.550889962000042 ], [ 69.129715652000073, 34.551525906000052 ], [ 69.129758367000079, 34.552045664000048 ], [ 69.129843010000059, 34.552611594000041 ], [ 69.129941839000082, 34.553327707000051 ], [ 69.129994150000073, 34.553882760000079 ], [ 69.130086024000036, 34.554540442000075 ], [ 69.130100785000081, 34.555060229000048 ], [ 69.130059647000053, 34.555556989000024 ], [ 69.129948659000036, 34.555996063000066 ], [ 69.129809656000077, 34.556400537000059 ], [ 69.129573146000041, 34.556943723000074 ], [ 69.129280769000047, 34.557486922000066 ], [ 69.128751140000077, 34.55809971900004 ], [ 69.128360799000063, 34.558527543000025 ], [ 69.127942569000083, 34.558897588000036 ], [ 69.12751023900006, 34.55924460600005 ], [ 69.127129770000067, 34.559541652000064 ], [ 69.126577361000045, 34.559995160000028 ], [ 69.126004016000081, 34.560412884000073 ], [ 69.125629565000054, 34.560695807000059 ], [ 69.125376410000058, 34.560887115000071 ], [ 69.124689702000069, 34.561389630000065 ], [ 69.123925943000074, 34.562020636000057 ], [ 69.123423811000066, 34.562402340000062 ], [ 69.12293554200005, 34.562726311000063 ], [ 69.12241743900006, 34.563039353000079 ], [ 69.122065853000038, 34.563431270000024 ], [ 69.121869703000073, 34.56370376700005 ], [ 69.122093086000064, 34.563716575000058 ], [ 69.122271185000045, 34.563996544000076 ], [ 69.12339879700005, 34.563549239000054 ], [ 69.124079766000079, 34.563201984000045 ], [ 69.124390989000062, 34.56305350100007 ], [ 69.124933742000053, 34.562827584000047 ], [ 69.125330501000064, 34.562656465000032 ], [ 69.125585413000067, 34.562578873000064 ], [ 69.125866191000057, 34.562521410000045 ], [ 69.126211968000064, 34.562483222000026 ], [ 69.126601220000055, 34.56246834500007 ], [ 69.126939893000042, 34.562455097000054 ], [ 69.127519926000048, 34.562449668000056 ], [ 69.128189536000036, 34.562460239000075 ], [ 69.128660596000032, 34.562479088000032 ], [ 69.129110297000068, 34.562501338000061 ], [ 69.129777947000036, 34.562548742000047 ], [ 69.130171141000062, 34.562580518000061 ], [ 69.130874022000057, 34.562640007000027 ], [ 69.132125625000072, 34.562745884000037 ], [ 69.133017230000064, 34.56285444100007 ], [ 69.133457217000057, 34.562902252000072 ], [ 69.134026279000068, 34.562952806000055 ], [ 69.136144659000081, 34.563140924000038 ], [ 69.136873775000083, 34.563205941000035 ], [ 69.137541456000065, 34.563265972000067 ], [ 69.138162529000056, 34.563321815000052 ], [ 69.138813150000033, 34.563380325000026 ], [ 69.139328921000072, 34.563437183000076 ], [ 69.139852, 34.563495428000067 ], [ 69.140212404000067, 34.563535596000065 ], [ 69.140528754000059, 34.563567697000053 ], [ 69.141012520000061, 34.563616874000047 ], [ 69.141542625000056, 34.563670775000048 ], [ 69.142335112000069, 34.563751377000074 ], [ 69.143482586000061, 34.563857574000053 ], [ 69.146220178000078, 34.564127484000039 ], [ 69.146616234000078, 34.564167049000048 ], [ 69.147080652000056, 34.564213429000063 ], [ 69.150518624000028, 34.56454737200005 ], [ 69.154108576000056, 34.564874623000037 ], [ 69.15531651100008, 34.565000923000071 ], [ 69.156908143000067, 34.565167300000041 ], [ 69.157535047000067, 34.565237330000059 ], [ 69.160229568000034, 34.565539806000061 ], [ 69.161082339000075, 34.56563026300006 ], [ 69.161357707000036, 34.565657945000055 ], [ 69.162844730000074, 34.565806572000042 ], [ 69.163737840000067, 34.565895829000056 ], [ 69.164224580000052, 34.565946713000073 ], [ 69.164648399000043, 34.565987310000025 ], [ 69.16659702000004, 34.566173099000025 ], [ 69.166627639000069, 34.565756062000048 ], [ 69.166626103000056, 34.564985695000075 ], [ 69.166582272000028, 34.564653754000062 ], [ 69.166486985000063, 34.564457516000061 ], [ 69.166192843000033, 34.564115184000059 ], [ 69.165550228000029, 34.563323008000054 ], [ 69.165189510000062, 34.562881656000059 ], [ 69.164492324000037, 34.562073270000042 ], [ 69.164292953000029, 34.561827435000055 ], [ 69.163966945000084, 34.56143022100008 ], [ 69.163408141000048, 34.560775762000048 ], [ 69.16280267500008, 34.560056657000075 ], [ 69.161772102000043, 34.55883409300003 ], [ 69.161574950000045, 34.558600200000058 ], [ 69.161374182000031, 34.558355940000069 ], [ 69.160993792000056, 34.557893183000033 ], [ 69.160590953000053, 34.557403130000068 ], [ 69.160199263000038, 34.556926633000046 ], [ 69.159801732000062, 34.55644297200007 ], [ 69.159467792000044, 34.556036693000067 ], [ 69.157772304000048, 34.553973934000055 ], [ 69.157294067000066, 34.553392027000029 ], [ 69.156935462000035, 34.552955878000034 ], [ 69.156542232000049, 34.552507822000052 ], [ 69.156179591000068, 34.552094717000045 ], [ 69.155760428000065, 34.551617203000035 ], [ 69.155379864000054, 34.551203938000072 ], [ 69.15325264300003, 34.548459894000075 ] ] ] ] } },
{ "type": "Feature", "properties": { "OBJECTID": 14, "OID_": 0, "SHAPE_LENG": 14359.6060597, "PD_NR": 10, "AREA_KM_2": 12.988658646699999, "QUARTER": "NE", "Area": 0.0, "Flood_Area": 4.0, "Flooded_Ur": 0.30796097647999998, "Total_Dama": 665582.50818300003, "Damage_Red": 166395.62704600001, "Area_1": 0.0, "نام_ن": "ناحیه دهم", "Shape_Le_1": 0.14502638608000001, "Shape_Area": 0.00127952957 }, "geometry": { "type": "MultiPolygon", "coordinates": [ [ [ [ 69.207694548000063, 34.555154676000029 ], [ 69.207498599000076, 34.554904847000046 ], [ 69.206984097000031, 34.554257862000043 ], [ 69.205330703000072, 34.552156238000066 ], [ 69.204757978000032, 34.551443148000033 ], [ 69.204321845000038, 34.550890890000062 ], [ 69.203527803000043, 34.54987759100004 ], [ 69.201503597000055, 34.547309349000045 ], [ 69.200195602000065, 34.545668719000048 ], [ 69.199629319000053, 34.544923399000027 ], [ 69.198510141000042, 34.543550865000043 ], [ 69.197332278000033, 34.542071100000044 ], [ 69.19640174500006, 34.540896820000057 ], [ 69.195894231000068, 34.540274890000035 ], [ 69.195185206000076, 34.53931988100004 ], [ 69.194878993000032, 34.538907521000056 ], [ 69.193327562000036, 34.536902917000077 ], [ 69.192845316000046, 34.536325257000044 ], [ 69.192178719000083, 34.535569824000049 ], [ 69.191711956000063, 34.534965352000029 ], [ 69.190861770000083, 34.533880046000036 ], [ 69.188411593000069, 34.53081656300003 ], [ 69.185576371000082, 34.527000331000067 ], [ 69.185385558000064, 34.526746355000057 ], [ 69.183373018000054, 34.527771732000076 ], [ 69.183023061000029, 34.527938687000074 ], [ 69.182647260000067, 34.52812182100007 ], [ 69.182316805000028, 34.528288700000076 ], [ 69.181733647000044, 34.528600964000077 ], [ 69.180865288000064, 34.528999547000069 ], [ 69.178493351000043, 34.530066003000059 ], [ 69.175550229000066, 34.53159185100003 ], [ 69.175323598000034, 34.53170801400006 ], [ 69.174458664000042, 34.532211247000077 ], [ 69.171332618000065, 34.534015869000029 ], [ 69.17019510800003, 34.534713839000062 ], [ 69.169312861000037, 34.535254619000057 ], [ 69.16900743900004, 34.535432969000055 ], [ 69.168172545000061, 34.535928675000036 ], [ 69.164591035000058, 34.538043117000029 ], [ 69.165885, 34.539587747000041 ], [ 69.166552943000056, 34.540355677000036 ], [ 69.165633745000036, 34.54090784400006 ], [ 69.164691726000058, 34.54147135200003 ], [ 69.16383852000007, 34.541981617000033 ], [ 69.162912859000073, 34.542535214000054 ], [ 69.161925681000071, 34.543125635000024 ], [ 69.161315907000073, 34.543490323000071 ], [ 69.160945347000052, 34.54371180000004 ], [ 69.160129271000073, 34.544199445000061 ], [ 69.158932545000084, 34.544914386000073 ], [ 69.158057876000044, 34.545437038000046 ], [ 69.156930514000067, 34.546108763000063 ], [ 69.156046679000042, 34.546638672000029 ], [ 69.155621269000051, 34.546889332000035 ], [ 69.154396768000083, 34.547625591000042 ], [ 69.153252356000053, 34.548333420000063 ], [ 69.155379577000076, 34.551077464000059 ], [ 69.155760140000041, 34.551490730000069 ], [ 69.156179304000034, 34.551968243000033 ], [ 69.156541945000072, 34.552381349000029 ], [ 69.156935175000058, 34.552829404000079 ], [ 69.157293780000032, 34.553265553000074 ], [ 69.15777201700007, 34.553847460000043 ], [ 69.159467505000066, 34.555910220000044 ], [ 69.159801444000038, 34.556316499000047 ], [ 69.160198975000071, 34.556800159000034 ], [ 69.160590665000029, 34.557276656000056 ], [ 69.160993504000032, 34.557766709000077 ], [ 69.161373895000054, 34.558229466000057 ], [ 69.161574663000067, 34.558473726000045 ], [ 69.161771815000066, 34.558707619000074 ], [ 69.162802387000056, 34.559930184000052 ], [ 69.16340785400007, 34.560649288000036 ], [ 69.163966658000049, 34.561303747000068 ], [ 69.164292666000051, 34.561700961000042 ], [ 69.16449203600007, 34.561946796000029 ], [ 69.165189223000084, 34.562755182000046 ], [ 69.165549941000052, 34.563196534000042 ], [ 69.166192555000066, 34.563988711000036 ], [ 69.166486698000028, 34.564331042000049 ], [ 69.16658198500005, 34.56452728000005 ], [ 69.166625816000078, 34.564859221000063 ], [ 69.166627352000035, 34.565629588000036 ], [ 69.166596733000063, 34.56604662500007 ], [ 69.167101457000058, 34.56609413700005 ], [ 69.167463890000079, 34.566128180000078 ], [ 69.170395854000049, 34.566401112000051 ], [ 69.17076352600003, 34.566436987000031 ], [ 69.171599077000053, 34.566518556000062 ], [ 69.174394598000049, 34.566774315000032 ], [ 69.178263309000045, 34.567141173000039 ], [ 69.181067698000049, 34.567508299000053 ], [ 69.184658802000058, 34.567103896000049 ], [ 69.188260263000075, 34.565867829000069 ], [ 69.190041732000054, 34.56478833500006 ], [ 69.192632918000072, 34.563353128000074 ], [ 69.194420346000072, 34.562451688000067 ], [ 69.19657281700006, 34.561323057000038 ], [ 69.19722820800007, 34.560921372000053 ], [ 69.197564262000071, 34.560729465000065 ], [ 69.198034756000084, 34.56046077600007 ], [ 69.199129235000044, 34.559862495000061 ], [ 69.200691946000063, 34.559042718000057 ], [ 69.202240042000028, 34.558187143000055 ], [ 69.203615395000043, 34.557445195000071 ], [ 69.207694548000063, 34.555154676000029 ] ] ] ] } },
{ "type": "Feature", "properties": { "OBJECTID": 15, "OID_": 0, "SHAPE_LENG": 34979.200590100001, "PD_NR": 21, "AREA_KM_2": 63.875650647800001, "QUARTER": "SE", "Area": 0.0, "Flood_Area": 0.0, "Flooded_Ur": 0.0, "Total_Dama": 0.0, "Damage_Red": 756.469789504, "Area_1": 0.0, "نام_ن": "ناحیه بیست ویکم", "Shape_Le_1": 0.3566453936, "Shape_Area": 0.00627689752 }, "geometry": { "type": "MultiPolygon", "coordinates": [ [ [ [ 69.451091106000035, 34.564834540000049 ], [ 69.450749185000063, 34.56350014800006 ], [ 69.450167945000032, 34.560920893000059 ], [ 69.449935827000047, 34.556975519000048 ], [ 69.449848148000058, 34.554234099000041 ], [ 69.452227328000049, 34.550703463000048 ], [ 69.452525562000062, 34.550275671000065 ], [ 69.456829814000059, 34.544724163000069 ], [ 69.468060948000073, 34.531193514000051 ], [ 69.478109434000032, 34.525619009000025 ], [ 69.484186702000045, 34.52047747000006 ], [ 69.483685336000065, 34.519984682000029 ], [ 69.482552115000033, 34.519219745000044 ], [ 69.48055955500007, 34.51911771500005 ], [ 69.473385741000072, 34.518651043000034 ], [ 69.467939939000075, 34.518452211000067 ], [ 69.465216102000056, 34.518187835000049 ], [ 69.463550017000046, 34.517094959000076 ], [ 69.462082686000031, 34.515891423000028 ], [ 69.459622748000072, 34.515296178000028 ], [ 69.456498230000079, 34.514593393000041 ], [ 69.455495438000071, 34.513333075000048 ], [ 69.454423890000044, 34.511633328000073 ], [ 69.453222918000051, 34.51053857800008 ], [ 69.451759003000063, 34.509939474000078 ], [ 69.44955722800006, 34.507914066000069 ], [ 69.44808897200005, 34.506490547000055 ], [ 69.445231917000058, 34.506061316000057 ], [ 69.441245768000044, 34.505526171000042 ], [ 69.436656731000028, 34.50394884800005 ], [ 69.42987460900008, 34.501884400000051 ], [ 69.424910497000042, 34.50061592000003 ], [ 69.422972361000063, 34.499553369000068 ], [ 69.421097969000073, 34.49847496700005 ], [ 69.420215160000055, 34.498068900000078 ], [ 69.419183238000073, 34.497912418000055 ], [ 69.41830284200006, 34.497986543000025 ], [ 69.417423208000059, 34.498202965000075 ], [ 69.415234608000048, 34.498726212000065 ], [ 69.414011423000034, 34.498979353000038 ], [ 69.41336846300004, 34.499283862000027 ], [ 69.412319283000045, 34.499981034000029 ], [ 69.411590018000084, 34.500214717000063 ], [ 69.410795621000034, 34.500306354000031 ], [ 69.40976412200007, 34.500238619000072 ], [ 69.408000836000042, 34.499888846000033 ], [ 69.407098431000065, 34.499856280000074 ], [ 69.406626807000066, 34.500053498000057 ], [ 69.406370705000029, 34.500410024000075 ], [ 69.40620103100008, 34.500855226000056 ], [ 69.405686858000081, 34.501141500000074 ], [ 69.404999589000056, 34.501179357000069 ], [ 69.403019331000053, 34.500911845000076 ], [ 69.402077162000069, 34.500823235000041 ], [ 69.401208754000038, 34.500703804000068 ], [ 69.400451147000069, 34.500599290000025 ], [ 69.39974942200007, 34.500586302000045 ], [ 69.398364001000061, 34.500468541000032 ], [ 69.397809491000032, 34.500363303000029 ], [ 69.39745804100005, 34.500226876000056 ], [ 69.396643514000061, 34.499786192000045 ], [ 69.396236444000067, 34.499611705000063 ], [ 69.395461112000078, 34.499637168000049 ], [ 69.394944132000035, 34.49966941200006 ], [ 69.394574586000033, 34.49960946300007 ], [ 69.394223486000044, 34.499534168000025 ], [ 69.393780125000035, 34.499505026000065 ], [ 69.393078339000056, 34.499476669000046 ], [ 69.391804508000064, 34.49952666300004 ], [ 69.390327743000057, 34.499623104000079 ], [ 69.387724611000067, 34.499707820000026 ], [ 69.385989356000039, 34.499805029000072 ], [ 69.384493960000043, 34.499855601000036 ], [ 69.383849459000032, 34.499884411000039 ], [ 69.383478529000058, 34.499889363000079 ], [ 69.382961791000071, 34.499952127000029 ], [ 69.382629892000068, 34.500060212000051 ], [ 69.382288214000084, 34.500030710000033 ], [ 69.381778937000036, 34.499711257000058 ], [ 69.381259902000068, 34.499269548000029 ], [ 69.380500649000055, 34.498782772000027 ], [ 69.380167696000058, 34.498646192000024 ], [ 69.379853498000045, 34.498586026000055 ], [ 69.379225158000054, 34.498465602000067 ], [ 69.377765411000041, 34.49824088400004 ], [ 69.376397901000075, 34.497985202000052 ], [ 69.375695789000076, 34.497880363000036 ], [ 69.375363615000083, 34.49792724100007 ], [ 69.374994843000081, 34.49803537300005 ], [ 69.374478520000082, 34.498189859000036 ], [ 69.373869950000028, 34.498359865000054 ], [ 69.373554040000045, 34.49843951500003 ], [ 69.373310871000058, 34.498490218000029 ], [ 69.372932201000083, 34.499018438000064 ], [ 69.371581119000041, 34.499740081000027 ], [ 69.370840042000054, 34.500135973000056 ], [ 69.370013866000079, 34.500577209000028 ], [ 69.369186754000054, 34.50117851400006 ], [ 69.368426379000084, 34.501130488000058 ], [ 69.367598069000053, 34.501078108000058 ], [ 69.366991698000049, 34.501372524000033 ], [ 69.366209122000043, 34.501603346000024 ], [ 69.365469786000062, 34.501821363000033 ], [ 69.36445524700008, 34.501992491000067 ], [ 69.36482624000007, 34.503499618000035 ], [ 69.364894806000052, 34.504047895000042 ], [ 69.364798805000078, 34.50481602900004 ], [ 69.364504173000057, 34.505612125000027 ], [ 69.363583895000033, 34.506529258000057 ], [ 69.362822617000063, 34.50742702000008 ], [ 69.36186682400006, 34.508554232000051 ], [ 69.360702801000059, 34.509398973000032 ], [ 69.359984977000067, 34.510040609000043 ], [ 69.359201917000064, 34.510740555000041 ], [ 69.35869858500007, 34.511333261000061 ], [ 69.358138229000076, 34.511993046000043 ], [ 69.357345394000049, 34.512516388000051 ], [ 69.356686076000074, 34.513286161000053 ], [ 69.356324749000066, 34.514000187000079 ], [ 69.355810560000066, 34.514572712000074 ], [ 69.355500239000037, 34.515473802000031 ], [ 69.355283543000041, 34.516102948000025 ], [ 69.355008511000051, 34.516901354000026 ], [ 69.354790032000039, 34.51753578000006 ], [ 69.354445248000047, 34.518536843000049 ], [ 69.354157554000039, 34.519371941000031 ], [ 69.353899077000051, 34.520122499000024 ], [ 69.353473600000029, 34.52135776700004 ], [ 69.353249659000028, 34.522497670000064 ], [ 69.353377614000067, 34.523022919000027 ], [ 69.35345897500008, 34.523608814000056 ], [ 69.353830090000031, 34.524846103000073 ], [ 69.35573733800004, 34.532266635000042 ], [ 69.356327168000064, 34.534537560000047 ], [ 69.356445392000069, 34.535033344000055 ], [ 69.35728120300007, 34.535616580000067 ], [ 69.357940363000068, 34.535649009000053 ], [ 69.358632759000045, 34.535668170000065 ], [ 69.359274339000081, 34.53579361900006 ], [ 69.359916012000042, 34.535940258000039 ], [ 69.36048130100005, 34.536214453000071 ], [ 69.36109773700008, 34.536446019000039 ], [ 69.361637554000083, 34.536762715000066 ], [ 69.362304994000056, 34.536930501000029 ], [ 69.362971461000029, 34.536886092000032 ], [ 69.363178909000055, 34.537415963000058 ], [ 69.363130216000059, 34.538010263000047 ], [ 69.363670050000053, 34.53832690400003 ], [ 69.364336898000033, 34.538367391000065 ], [ 69.36477474700007, 34.538811667000061 ], [ 69.36503354000007, 34.539341381000042 ], [ 69.365573482000059, 34.539679250000063 ], [ 69.366213802000061, 34.539507612000079 ], [ 69.366776623000078, 34.539208823000024 ], [ 69.367342049000058, 34.539504223000051 ], [ 69.367318809000039, 34.54005601800003 ], [ 69.367551863000074, 34.540564521000078 ], [ 69.367579899000077, 34.541116162000037 ], [ 69.367248634000077, 34.541584023000041 ], [ 69.367251057000033, 34.542135650000034 ], [ 69.367740124000079, 34.542558568000061 ], [ 69.368458057000055, 34.542535212000075 ], [ 69.368995131000077, 34.542215298000031 ], [ 69.369480644000078, 34.541831870000067 ], [ 69.369966207000061, 34.541448440000067 ], [ 69.370633176000069, 34.541510040000048 ], [ 69.370481701000074, 34.542040987000064 ], [ 69.37038153900005, 34.54259301500008 ], [ 69.370435259000033, 34.543144576000032 ], [ 69.370412187000056, 34.54371756300003 ], [ 69.371028557000045, 34.543927887000052 ], [ 69.371670595000069, 34.544138129000032 ], [ 69.372312543000078, 34.544327131000045 ], [ 69.372954209000056, 34.544452507000074 ], [ 69.373443129000066, 34.544832927000073 ], [ 69.373524908000036, 34.545695479000074 ], [ 69.374085861000083, 34.546595657000069 ], [ 69.373810207000076, 34.547236647000034 ], [ 69.373223758000051, 34.547571297000047 ], [ 69.372605781000061, 34.547778029000028 ], [ 69.371925668000074, 34.547933725000064 ], [ 69.371245325000075, 34.548038240000039 ], [ 69.370564753000053, 34.548091530000079 ], [ 69.369883727000058, 34.548042372000054 ], [ 69.369202249000068, 34.547890812000048 ], [ 69.368521451000049, 34.547892869000066 ], [ 69.367902838000077, 34.547945912000046 ], [ 69.367937649000055, 34.548277536000057 ], [ 69.367885062000028, 34.548872254000059 ], [ 69.367915208000056, 34.549443907000068 ], [ 69.367972882000061, 34.549992616000054 ], [ 69.368113656000048, 34.550563891000024 ], [ 69.368309434000082, 34.551089278000063 ], [ 69.368532846000051, 34.55161462600006 ], [ 69.368756314000052, 34.552139928000031 ], [ 69.369007361000058, 34.552665147000027 ], [ 69.369285995000041, 34.553167421000069 ], [ 69.369647322000048, 34.553623722000054 ], [ 69.370063969000057, 34.554079855000055 ], [ 69.370590691000075, 34.554421303000026 ], [ 69.371227432000069, 34.554648021000048 ], [ 69.371836750000057, 34.554920586000037 ], [ 69.372446174000061, 34.555216053000038 ], [ 69.372973015000071, 34.55558035100006 ], [ 69.373519443000077, 34.555887368000072 ], [ 69.374203235000039, 34.556003952000026 ], [ 69.374938095000061, 34.556144633000031 ], [ 69.375672636000047, 34.55621384300008 ], [ 69.376364282000054, 34.55635464900007 ], [ 69.377185047000069, 34.556387782000058 ], [ 69.377876266000044, 34.556421446000058 ], [ 69.378567486000065, 34.556455016000029 ], [ 69.379216137000071, 34.556631696000068 ], [ 69.379821789000061, 34.55684417100008 ], [ 69.380514098000049, 34.557127887000036 ], [ 69.381120082000052, 34.557411869000077 ], [ 69.381596958000046, 34.557803430000035 ], [ 69.382073838000053, 34.558194989000071 ], [ 69.382507721000081, 34.558622437000054 ], [ 69.38276916600006, 34.559121893000054 ], [ 69.383203713000057, 34.559692227000028 ], [ 69.383680775000073, 34.560119536000059 ], [ 69.384114677000071, 34.560546978000048 ], [ 69.384591584000077, 34.560938527000076 ], [ 69.385197775000051, 34.561258199000065 ], [ 69.385760749000042, 34.561578049000047 ], [ 69.386496173000069, 34.561825838000061 ], [ 69.387145048000036, 34.562038185000063 ], [ 69.387750758000038, 34.562250666000068 ], [ 69.38831358300007, 34.56253470300004 ], [ 69.388920132000067, 34.562925868000036 ], [ 69.389440076000028, 34.563281504000031 ], [ 69.389960080000037, 34.563637183000026 ], [ 69.390523088000066, 34.56395701100007 ], [ 69.391043100000047, 34.564312640000026 ], [ 69.39160628500008, 34.56466817300003 ], [ 69.392212362000066, 34.564952098000049 ], [ 69.392775220000033, 34.56523616000004 ], [ 69.393425146000084, 34.565662873000065 ], [ 69.394031236000046, 34.56594674400003 ], [ 69.394636938000076, 34.566159236000033 ], [ 69.395199867000031, 34.566443241000059 ], [ 69.395848799000078, 34.566655541000046 ], [ 69.396540564000077, 34.566796232000058 ], [ 69.397189387000083, 34.566972769000074 ], [ 69.397752275000073, 34.567256807000035 ], [ 69.398315167000078, 34.567540842000028 ], [ 69.398963774000038, 34.567681660000062 ], [ 69.399483845000077, 34.568037252000067 ], [ 69.400046748000079, 34.568321280000077 ], [ 69.40056682800008, 34.568676912000058 ], [ 69.401129965000052, 34.568996690000063 ], [ 69.401650171000028, 34.569387984000059 ], [ 69.402255862000061, 34.56960039300003 ], [ 69.402818895000053, 34.569884407000075 ], [ 69.40355409600005, 34.570060625000053 ], [ 69.404245902000071, 34.57020127100003 ], [ 69.404937072000052, 34.570198981000033 ], [ 69.405627840000079, 34.570125219000033 ], [ 69.406231571000035, 34.569908854000062 ], [ 69.406878643000084, 34.569728007000037 ], [ 69.407540309000069, 34.569656587000054 ], [ 69.408175277000055, 34.569866614000034 ], [ 69.408911014000068, 34.570150022000064 ], [ 69.409474138000064, 34.570469716000048 ], [ 69.409994973000039, 34.57096824100006 ], [ 69.410472061000064, 34.57135968700004 ], [ 69.411121948000073, 34.571750549000058 ], [ 69.411770962000048, 34.571962764000034 ], [ 69.412462322000067, 34.571996187000025 ], [ 69.413153452000074, 34.57199384900008 ], [ 69.413800878000075, 34.571884432000047 ], [ 69.414360719000058, 34.571525195000049 ], [ 69.414704003000054, 34.57105951300008 ], [ 69.415047228000049, 34.570593829000074 ], [ 69.415390504000072, 34.570128145000069 ], [ 69.41577694700004, 34.569662312000048 ], [ 69.416163494000045, 34.569196433000059 ], [ 69.416723198000057, 34.568837231000032 ], [ 69.417326711000044, 34.568585010000049 ], [ 69.417886872000054, 34.568297268000038 ], [ 69.418490269000074, 34.568045042000051 ], [ 69.419096281000066, 34.568293122000057 ], [ 69.419659252000031, 34.568577013000038 ], [ 69.420566905000044, 34.568681068000046 ], [ 69.421258422000051, 34.568750197000043 ], [ 69.421992748000036, 34.568747660000042 ], [ 69.422725447000062, 34.568423543000051 ], [ 69.423329120000062, 34.56820704900008 ], [ 69.42401985500004, 34.568133184000033 ], [ 69.424667291000048, 34.568023709000045 ], [ 69.425401484000076, 34.567985442000065 ], [ 69.426394565000066, 34.567910509000058 ], [ 69.427085477000048, 34.567872338000029 ], [ 69.427819978000059, 34.567905522000046 ], [ 69.428511677000074, 34.568010275000063 ], [ 69.429031875000078, 34.568365786000072 ], [ 69.429552022000053, 34.568721294000056 ], [ 69.430072228000029, 34.569076801000051 ], [ 69.430678650000061, 34.569396244000075 ], [ 69.431369757000084, 34.569393804000072 ], [ 69.432016823000083, 34.569212824000033 ], [ 69.432576513000072, 34.568853549000039 ], [ 69.433049432000075, 34.568423067000026 ], [ 69.433653078000077, 34.568206521000036 ], [ 69.434258895000028, 34.568418770000051 ], [ 69.434907753000061, 34.568595107000078 ], [ 69.435598721000076, 34.568556932000035 ], [ 69.436289315000067, 34.568447242000047 ], [ 69.436980039000048, 34.568373349000069 ], [ 69.437671565000073, 34.568442294000079 ], [ 69.438362906000066, 34.568475569000043 ], [ 69.439053816000069, 34.568437330000052 ], [ 69.439744780000069, 34.568399132000025 ], [ 69.440391766000062, 34.568218153000032 ], [ 69.440951789000053, 34.567930261000072 ], [ 69.441598769000052, 34.56774923100005 ], [ 69.44228972600007, 34.567711018000068 ], [ 69.44298144000004, 34.567815689000042 ], [ 69.443716136000035, 34.567884488000061 ], [ 69.444407609000052, 34.567953440000053 ], [ 69.445184389000076, 34.56780767500004 ], [ 69.445744393000041, 34.567519806000064 ], [ 69.446347616000082, 34.567231732000039 ], [ 69.446864007000045, 34.566872505000049 ], [ 69.447380447000057, 34.56651327600008 ], [ 69.447983658000055, 34.566225194000026 ], [ 69.448734620000039, 34.566076930000065 ], [ 69.449557894000066, 34.565824599000052 ], [ 69.450306413000078, 34.565335545000039 ], [ 69.451091106000035, 34.564834540000049 ] ] ] ] } },
{ "type": "Feature", "properties": { "OBJECTID": 16, "OID_": 0, "SHAPE_LENG": 32456.640281799999, "PD_NR": 9, "AREA_KM_2": 24.453289852200001, "QUARTER": "NE", "Area": 0.0, "Flood_Area": 6.0, "Flooded_Ur": 0.24536575799, "Total_Dama": 370147.00495199999, "Damage_Red": 61691.1674919, "Area_1": 0.0, "نام_ن": "ناحیه نهم", "Shape_Le_1": 0.32704575164, "Shape_Area": 0.00240344532 }, "geometry": { "type": "MultiPolygon", "coordinates": [ [ [ [ 69.291618266000057, 34.55879711800003 ], [ 69.292052224000031, 34.558550610000054 ], [ 69.29233341500003, 34.558352035000041 ], [ 69.292759355000044, 34.558011801000077 ], [ 69.293195503000049, 34.557661304000078 ], [ 69.293523494000056, 34.55752172800004 ], [ 69.293824279000034, 34.557457292000038 ], [ 69.294661691000044, 34.557286411000064 ], [ 69.296172548000072, 34.556985926000038 ], [ 69.298712631000058, 34.556483519000039 ], [ 69.298936174000062, 34.555883813000037 ], [ 69.299172491000036, 34.555077606000054 ], [ 69.299374324000041, 34.554200781000077 ], [ 69.299593164000044, 34.553295688000048 ], [ 69.299694054000042, 34.552843139000061 ], [ 69.299802520000071, 34.552406534000056 ], [ 69.299882070000081, 34.552173763000042 ], [ 69.300124987000061, 34.551541766000071 ], [ 69.300260596000044, 34.551258762000032 ], [ 69.30037046700005, 34.550926311000069 ], [ 69.300446982000039, 34.550532394000072 ], [ 69.300450941000065, 34.550223967000079 ], [ 69.300379909000071, 34.548792073000072 ], [ 69.300332869000044, 34.547590802000059 ], [ 69.300285525000049, 34.546304716000066 ], [ 69.300230088000035, 34.54513173600003 ], [ 69.300183737000054, 34.544121285000074 ], [ 69.30018158200005, 34.542974417000039 ], [ 69.30079607700003, 34.542956176000075 ], [ 69.301588523000078, 34.542932578000034 ], [ 69.301316159000066, 34.539163649000045 ], [ 69.30076060600004, 34.539260610000042 ], [ 69.30034924000006, 34.539344904000075 ], [ 69.299864830000047, 34.539467208000076 ], [ 69.299448657000028, 34.539609632000065 ], [ 69.299034427000038, 34.539686309000047 ], [ 69.298463027000082, 34.539635357000066 ], [ 69.298015532000079, 34.53961313800005 ], [ 69.297701619000065, 34.539613904000078 ], [ 69.297336268000038, 34.539614794000045 ], [ 69.29687365400008, 34.539662227000065 ], [ 69.296321171000045, 34.539536234000025 ], [ 69.295762323000076, 34.539505349000024 ], [ 69.295315386000084, 34.539470899000037 ], [ 69.29479479500003, 34.539472157000034 ], [ 69.294155034000028, 34.539426625000033 ], [ 69.293572574000052, 34.539498593000076 ], [ 69.293089845000054, 34.539652700000033 ], [ 69.292550486000039, 34.539865692000035 ], [ 69.291883101000053, 34.540055452000047 ], [ 69.291585440000063, 34.540279631000033 ], [ 69.291344844000037, 34.540586008000048 ], [ 69.291218184000058, 34.54093914300006 ], [ 69.290977912000074, 34.541339622000066 ], [ 69.290566658000046, 34.541587607000054 ], [ 69.290012637000075, 34.54169475100008 ], [ 69.28950091400003, 34.541695965000031 ], [ 69.288932169000077, 34.541626746000077 ], [ 69.288448525000035, 34.54152206200007 ], [ 69.28792186700008, 34.541299837000054 ], [ 69.287651043000039, 34.541077007000069 ], [ 69.287649950000059, 34.54075939300003 ], [ 69.287875961000054, 34.540358998000045 ], [ 69.288258031000055, 34.539864131000058 ], [ 69.288497690000042, 34.539298988000041 ], [ 69.288652612000078, 34.538875223000048 ], [ 69.288679377000051, 34.538404686000035 ], [ 69.288479019000079, 34.537993529000062 ], [ 69.288207907000071, 34.537700090000044 ], [ 69.287795030000041, 34.537489364000066 ], [ 69.287091480000072, 34.537491020000061 ], [ 69.286673001000054, 34.537727240000038 ], [ 69.286432327000057, 34.537998347000041 ], [ 69.286291712000036, 34.538433844000053 ], [ 69.286250712000083, 34.538904414000058 ], [ 69.28616683100006, 34.539328010000077 ], [ 69.285968842000045, 34.539622508000036 ], [ 69.285557407000056, 34.53983517100005 ], [ 69.285216529000081, 34.539918302000046 ], [ 69.284663006000073, 34.540154831000052 ], [ 69.284322660000043, 34.54037909200008 ], [ 69.28385400500008, 34.540480192000075 ], [ 69.283356013000059, 34.540334309000059 ], [ 69.283113236000077, 34.540005532000066 ], [ 69.283111882000071, 34.539605628000061 ], [ 69.28335230700003, 34.539240469000049 ], [ 69.283478399000046, 34.538710905000073 ], [ 69.283462597000039, 34.538228744000037 ], [ 69.283333303000063, 34.537829137000074 ], [ 69.283005115000037, 34.537441760000036 ], [ 69.282634186000053, 34.537030943000048 ], [ 69.28222143000005, 34.536867272000052 ], [ 69.281780581000078, 34.536774187000049 ], [ 69.281353686000045, 34.536634038000045 ], [ 69.280770389000054, 34.53647071000006 ], [ 69.280215301000055, 34.536236748000078 ], [ 69.279788097000051, 34.536002490000044 ], [ 69.279460443000062, 34.535768004000033 ], [ 69.279175125000052, 34.535451174000059 ], [ 69.278917976000059, 34.535051810000027 ], [ 69.278703531000076, 34.534664160000034 ], [ 69.278361219000033, 34.534312108000051 ], [ 69.27817559600004, 34.534053757000038 ], [ 69.277875692000066, 34.533607503000042 ], [ 69.277675579000061, 34.533266894000064 ], [ 69.277433156000029, 34.533032207000076 ], [ 69.276920956000083, 34.532856931000026 ], [ 69.276579647000062, 34.53278713800006 ], [ 69.275997143000041, 34.53285311500008 ], [ 69.27564273400003, 34.53310682800003 ], [ 69.275501628000029, 34.533424674000059 ], [ 69.275517321000052, 34.53387162000007 ], [ 69.275518638000051, 34.534271480000029 ], [ 69.275548420000064, 34.534694857000034 ], [ 69.275535749000028, 34.535165314000039 ], [ 69.275423678000038, 34.535647810000057 ], [ 69.275211787000046, 34.536048195000035 ], [ 69.275013535000028, 34.536272065000048 ], [ 69.274715865000076, 34.536519740000074 ], [ 69.274360976000082, 34.536649948000047 ], [ 69.273934419000057, 34.536592062000068 ], [ 69.273478727000054, 34.53632258600004 ], [ 69.273051634000069, 34.536100073000057 ], [ 69.272582340000042, 34.536018786000056 ], [ 69.272070651000035, 34.536019927000041 ], [ 69.27154521600005, 34.536150461000034 ], [ 69.271034213000064, 34.536363386000062 ], [ 69.27052320100006, 34.536540868000031 ], [ 69.26994807300008, 34.536706811000045 ], [ 69.269515176000084, 34.53689597500005 ], [ 69.269117820000076, 34.537073290000023 ], [ 69.268620119000047, 34.537003774000027 ], [ 69.268278724000083, 34.536910466000052 ], [ 69.267873076000058, 34.536711380000042 ], [ 69.267467020000083, 34.536418235000042 ], [ 69.267110806000062, 34.536136748000047 ], [ 69.266797766000082, 34.536031560000026 ], [ 69.266576838000049, 34.535832157000073 ], [ 69.266597130000036, 34.535514495000029 ], [ 69.266738085000043, 34.535137817000077 ], [ 69.266864990000045, 34.534831736000058 ], [ 69.26699179700006, 34.534478626000066 ], [ 69.267090275000044, 34.534160838000048 ], [ 69.267074796000031, 34.533766871000068 ], [ 69.26677574200005, 34.533585224000035 ], [ 69.266320763000067, 34.533527374000073 ], [ 69.265787971000066, 34.533569702000079 ], [ 69.265497311000047, 34.533799710000039 ], [ 69.265157199000043, 34.534106207000036 ], [ 69.264973220000059, 34.534353612000075 ], [ 69.264832163000051, 34.534683259000076 ], [ 69.26457776400008, 34.535130748000029 ], [ 69.26439392900005, 34.535425181000051 ], [ 69.264210019000075, 34.535696122000047 ], [ 69.263898229000063, 34.536002599000028 ], [ 69.263600692000068, 34.536285508000049 ], [ 69.263032929000076, 34.536510201000056 ], [ 69.262749056000075, 34.536651945000074 ], [ 69.262280082000075, 34.536652953000043 ], [ 69.261882215000071, 34.536689113000079 ], [ 69.261342428000034, 34.536784328000067 ], [ 69.26091653800006, 34.536938141000064 ], [ 69.260476097000037, 34.536986155000079 ], [ 69.26010720000005, 34.537175104000028 ], [ 69.259781205000081, 34.537493415000029 ], [ 69.259562168000059, 34.537899605000064 ], [ 69.259577412000056, 34.538211283000066 ], [ 69.259627927000054, 34.538475812000058 ], [ 69.259187476000079, 34.53852377700008 ], [ 69.258703505000028, 34.538295428000026 ], [ 69.258389977000036, 34.538013825000064 ], [ 69.258076542000083, 34.537779251000075 ], [ 69.257791551000082, 34.537544616000048 ], [ 69.257549099000073, 34.537268768000047 ], [ 69.257547632000069, 34.536792435000052 ], [ 69.257247991000042, 34.536399066000058 ], [ 69.256826769000043, 34.536229150000054 ], [ 69.256414891000077, 34.536351805000038 ], [ 69.256017647000078, 34.536413555000024 ], [ 69.255576175000044, 34.536463223000055 ], [ 69.255326509000042, 34.536658671000055 ], [ 69.255136263000054, 34.537024482000049 ], [ 69.255019946000061, 34.537512018000029 ], [ 69.25478604400007, 34.538036322000039 ], [ 69.254522327000075, 34.538451028000054 ], [ 69.254170095000063, 34.538805045000061 ], [ 69.253773318000071, 34.539025146000029 ], [ 69.253346764000071, 34.539147866000064 ], [ 69.252713762000042, 34.53914917700007 ], [ 69.252095252000061, 34.539077364000036 ], [ 69.251352705000045, 34.538889965000067 ], [ 69.250474628000063, 34.538642149000054 ], [ 69.249738228000069, 34.538521822000064 ], [ 69.248972551000065, 34.538450294000029 ], [ 69.24841284300004, 34.538341819000038 ], [ 69.247853298000052, 34.538306387000034 ], [ 69.247308521000036, 34.538270969000052 ], [ 69.246976637000046, 34.538052410000034 ], [ 69.246585906000064, 34.537833880000051 ], [ 69.246217354000066, 34.537651872000026 ], [ 69.245834091000063, 34.537469937000026 ], [ 69.245348150000041, 34.537409997000054 ], [ 69.244715089000067, 34.537386918000038 ], [ 69.244155660000047, 34.537388038000074 ], [ 69.243596, 34.537291715000038 ], [ 69.242992259000061, 34.537232001000064 ], [ 69.242698268000083, 34.537354375000064 ], [ 69.242375097000036, 34.537598686000024 ], [ 69.242140390000031, 34.537891518000038 ], [ 69.241920343000061, 34.538147752000043 ], [ 69.241597377000062, 34.538465107000036 ], [ 69.241289598000037, 34.538928615000032 ], [ 69.241084413000067, 34.539257955000039 ], [ 69.240850068000043, 34.53966039900007 ], [ 69.240571144000057, 34.539928967000037 ], [ 69.240203400000041, 34.540027131000045 ], [ 69.239702805000036, 34.539991591000046 ], [ 69.239245910000079, 34.539821865000079 ], [ 69.23880336600007, 34.539506061000054 ], [ 69.238183651000043, 34.53900780400005 ], [ 69.237785063000047, 34.538606599000047 ], [ 69.237577706000081, 34.538156278000031 ], [ 69.237414659000081, 34.537766787000066 ], [ 69.237148507000029, 34.537353103000044 ], [ 69.236956178000071, 34.537012412000024 ], [ 69.236748740000053, 34.53654991500008 ], [ 69.236468090000074, 34.536209349000046 ], [ 69.236172938000038, 34.535941902000047 ], [ 69.235804588000065, 34.53582082500003 ], [ 69.235340885000028, 34.535815632000038 ], [ 69.234701321000045, 34.536090923000074 ], [ 69.23393698700005, 34.536506591000034 ], [ 69.233422690000054, 34.536824291000073 ], [ 69.232834451000031, 34.537044689000027 ], [ 69.232290331000058, 34.537240651000047 ], [ 69.231849346000047, 34.537472939000054 ], [ 69.230894551000063, 34.538205665000078 ], [ 69.229557353000075, 34.539085241000066 ], [ 69.229175287000032, 34.53932958300004 ], [ 69.228763174000051, 34.539366924000035 ], [ 69.228453523000042, 34.539172577000045 ], [ 69.22812917300007, 34.539002651000033 ], [ 69.22780502300003, 34.538905816000067 ], [ 69.227363343000036, 34.53887007000003 ], [ 69.226966143000084, 34.53898046900008 ], [ 69.226760791000061, 34.539248824000026 ], [ 69.226555818000065, 34.53965736300006 ], [ 69.226055489000032, 34.539737424000066 ], [ 69.225716693000038, 34.539664959000049 ], [ 69.22540729900004, 34.539543696000067 ], [ 69.225053245000083, 34.539288551000027 ], [ 69.224610637000069, 34.538948211000047 ], [ 69.224094560000083, 34.53862031400007 ], [ 69.223652362000053, 34.538389675000076 ], [ 69.223269317000074, 34.538292935000072 ], [ 69.222842485000058, 34.538305889000071 ], [ 69.222268789000054, 34.538477467000064 ], [ 69.221635952000042, 34.538539535000041 ], [ 69.221105928000043, 34.538516101000027 ], [ 69.220604804000061, 34.538273339000057 ], [ 69.220353702000068, 34.537957121000034 ], [ 69.220117068000036, 34.537567740000043 ], [ 69.219880406000073, 34.537105267000072 ], [ 69.219687915000065, 34.536654889000033 ], [ 69.219524420000084, 34.536082623000027 ], [ 69.219390779000037, 34.535632139000029 ], [ 69.21899237000008, 34.535279569000068 ], [ 69.218520949000037, 34.53513423000004 ], [ 69.218064527000081, 34.535098523000045 ], [ 69.21777041200005, 34.535184314000048 ], [ 69.217446804000076, 34.535306680000076 ], [ 69.217005726000082, 34.535514565000028 ], [ 69.216667269000084, 34.535563909000075 ], [ 69.216269872000055, 34.535576743000036 ], [ 69.215813512000068, 34.535565421000058 ], [ 69.215298345000065, 34.535590679000052 ], [ 69.21491581500004, 34.535664444000076 ], [ 69.214459798000064, 34.535787081000024 ], [ 69.214018428000031, 34.53588529600006 ], [ 69.213606380000044, 34.535922585000037 ], [ 69.213297125000054, 34.535886558000072 ], [ 69.212928777000059, 34.535753191000026 ], [ 69.21264850600005, 34.535522230000026 ], [ 69.212500477000049, 34.53520577200004 ], [ 69.212528809000048, 34.53475499700005 ], [ 69.212704680000058, 34.534450149000065 ], [ 69.212762658000031, 34.534108938000031 ], [ 69.212790802000029, 34.533585072000051 ], [ 69.212775262000036, 34.533280558000058 ], [ 69.212634554000033, 34.532927563000044 ], [ 69.212258524000049, 34.532660199000077 ], [ 69.211610458000052, 34.532502966000038 ], [ 69.211103230000049, 34.532364018000067 ], [ 69.210329234000028, 34.532285903000059 ], [ 69.209446179000054, 34.532323944000041 ], [ 69.208754451000061, 34.532373872000051 ], [ 69.208180578000054, 34.532447943000079 ], [ 69.207768792000081, 34.532607002000077 ], [ 69.206989132000047, 34.53281542700006 ], [ 69.20637109200004, 34.532877390000067 ], [ 69.205693888000042, 34.532854139000051 ], [ 69.205031181000038, 34.532721289000051 ], [ 69.204663068000059, 34.532673164000073 ], [ 69.204055015000051, 34.532496299000059 ], [ 69.203543167000078, 34.53219996100006 ], [ 69.202997767000056, 34.531884152000032 ], [ 69.202449344000058, 34.53135317400006 ], [ 69.20214160300003, 34.530874461000053 ], [ 69.201704072000041, 34.530549089000033 ], [ 69.201448184000071, 34.530242129000044 ], [ 69.201214591000053, 34.529961780000065 ], [ 69.201123095000071, 34.529682324000078 ], [ 69.200927097000033, 34.529083889000049 ], [ 69.200738392000062, 34.528866772000072 ], [ 69.200215167000067, 34.528264679000074 ], [ 69.19955974100003, 34.527784770000039 ], [ 69.199117519000083, 34.52746882100007 ], [ 69.198690418000069, 34.527163712000061 ], [ 69.197879216000047, 34.526671061000059 ], [ 69.197295706000034, 34.526295678000054 ], [ 69.196868589000076, 34.525978749000046 ], [ 69.196455612000079, 34.525602997000078 ], [ 69.195928580000043, 34.525074615000051 ], [ 69.195444185000042, 34.524557886000025 ], [ 69.194888782000078, 34.524053037000044 ], [ 69.194418892000044, 34.523653877000072 ], [ 69.193863911000051, 34.523325417000024 ], [ 69.193152389000034, 34.522891374000039 ], [ 69.192583009000032, 34.522480640000026 ], [ 69.192212562000066, 34.522034285000075 ], [ 69.191727884000045, 34.521399900000063 ], [ 69.191215127000078, 34.520871429000067 ], [ 69.190792640000041, 34.520603350000044 ], [ 69.190421961000084, 34.521483376000049 ], [ 69.188770373000068, 34.52509341800004 ], [ 69.187625382000078, 34.525687944000026 ], [ 69.186666394000042, 34.526194067000063 ], [ 69.185651901000028, 34.526735258000031 ], [ 69.185385845000042, 34.52687282800008 ], [ 69.185576658000059, 34.52712680500008 ], [ 69.188411881000036, 34.530943037000043 ], [ 69.19086205800005, 34.534006520000048 ], [ 69.19171224400003, 34.535091826000041 ], [ 69.19217900600006, 34.535696298000062 ], [ 69.19284560400007, 34.536451731000056 ], [ 69.19332785000006, 34.537029390000043 ], [ 69.194879280000066, 34.539033995000068 ], [ 69.195185493000054, 34.539446355000052 ], [ 69.195894519000035, 34.540401364000047 ], [ 69.196402033000084, 34.54102329400007 ], [ 69.197332566000057, 34.542197574000056 ], [ 69.198510429000066, 34.543677339000055 ], [ 69.19962960600003, 34.545049873000039 ], [ 69.200195889000042, 34.54579519300006 ], [ 69.201503885000079, 34.547435823000058 ], [ 69.203528090000077, 34.550004064000063 ], [ 69.204322132000073, 34.551017363000028 ], [ 69.204758265000066, 34.551569622000045 ], [ 69.20533099000005, 34.552282712000078 ], [ 69.206984384000066, 34.554384335000066 ], [ 69.207498886000053, 34.555031321000058 ], [ 69.209617601000048, 34.555128930000024 ], [ 69.211457933000077, 34.555247861000055 ], [ 69.21404695700005, 34.554394297000044 ], [ 69.214992703000064, 34.554823835000036 ], [ 69.215872021000052, 34.555294335000042 ], [ 69.216086329000063, 34.555425981000042 ], [ 69.216799427000069, 34.555915796000079 ], [ 69.217365015000041, 34.556306716000051 ], [ 69.219233792000068, 34.557801638000058 ], [ 69.221340452000049, 34.559386731000075 ], [ 69.222376151000049, 34.559994065000069 ], [ 69.223265253000079, 34.560255905000076 ], [ 69.229258581000067, 34.558775078000053 ], [ 69.229577390000031, 34.559299646000056 ], [ 69.233478502000082, 34.557883806000063 ], [ 69.23638388300003, 34.558499019000067 ], [ 69.243136715000048, 34.556852676000062 ], [ 69.250460064000038, 34.557898848000036 ], [ 69.263193996000041, 34.557680021000067 ], [ 69.263548437000054, 34.557806231000029 ], [ 69.263750066000057, 34.558004599000071 ], [ 69.264111797000055, 34.565695543000061 ], [ 69.264267317000076, 34.566043845000024 ], [ 69.264531126000065, 34.566334737000034 ], [ 69.264924760000042, 34.56656993100006 ], [ 69.266213342000071, 34.567108030000043 ], [ 69.268041481000068, 34.567940950000036 ], [ 69.269605428000034, 34.568665262000025 ], [ 69.270772742000077, 34.569172108000032 ], [ 69.272534897000071, 34.569968718000041 ], [ 69.273846957000046, 34.57043819200004 ], [ 69.274220103000061, 34.570578712000042 ], [ 69.274516107000068, 34.570732165000038 ], [ 69.278017612000042, 34.572891140000024 ], [ 69.278359417000047, 34.572618332000047 ], [ 69.278750640000055, 34.572224658000039 ], [ 69.279036724000036, 34.571885062000035 ], [ 69.279093224000064, 34.571615699000063 ], [ 69.279145825000057, 34.571305133000067 ], [ 69.279115132000072, 34.570880093000028 ], [ 69.278972761000034, 34.570703259000027 ], [ 69.278793108000059, 34.570380417000024 ], [ 69.27884539300004, 34.569615974000044 ], [ 69.279216856000062, 34.568501712000057 ], [ 69.279546423000056, 34.567428758000062 ], [ 69.279667710000069, 34.567056260000072 ], [ 69.279739542000073, 34.566793219000033 ], [ 69.27984583600005, 34.566501558000027 ], [ 69.280046833000029, 34.565924618000054 ], [ 69.28023280900004, 34.565436360000035 ], [ 69.280395887000054, 34.564979853000068 ], [ 69.280576300000064, 34.564540755000053 ], [ 69.280752874000029, 34.564095308000049 ], [ 69.280900962000032, 34.563721215000044 ], [ 69.281094665000069, 34.563264636000042 ], [ 69.28122348100004, 34.562849373000063 ], [ 69.281352187000039, 34.562418285000035 ], [ 69.281473069000072, 34.561930220000079 ], [ 69.281655905000036, 34.561211059000073 ], [ 69.281448663000049, 34.560881837000068 ], [ 69.282061548000058, 34.560443272000043 ], [ 69.282374768000068, 34.56023030800003 ], [ 69.282822425000063, 34.559962698000049 ], [ 69.283150312000032, 34.559817018000047 ], [ 69.283419449000064, 34.559720983000034 ], [ 69.283839157000045, 34.559618780000051 ], [ 69.284347478000029, 34.559354676000055 ], [ 69.284607555000036, 34.55927169000006 ], [ 69.28494020800008, 34.559150523000028 ], [ 69.285819286000049, 34.559184225000024 ], [ 69.286374153000054, 34.559256602000062 ], [ 69.286767399000041, 34.559354652000025 ], [ 69.28722022200003, 34.559374780000041 ], [ 69.288108512000065, 34.559344415000055 ], [ 69.288663757000052, 34.55933602500005 ], [ 69.289261535000037, 34.559270987000048 ], [ 69.289688364000028, 34.559213477000071 ], [ 69.290149376000045, 34.559127568000065 ], [ 69.290576135000038, 34.559034659000076 ], [ 69.291343728000072, 34.558872669000039 ], [ 69.291618266000057, 34.55879711800003 ] ] ] ] } },
{ "type": "Feature", "properties": { "OBJECTID": 17, "OID_": 0, "SHAPE_LENG": 27453.805373700001, "PD_NR": 15, "AREA_KM_2": 32.117684741399998, "QUARTER": "NE", "Area": 0.0, "Flood_Area": 0.0, "Flooded_Ur": 0.0, "Total_Dama": 0.0, "Damage_Red": 78810.163944900021, "Area_1": 0.0, "نام_ن": "ناحیه پانزدهم", "Shape_Le_1": 0.28130604003999998, "Shape_Area": 0.00315778768 }, "geometry": { "type": "MultiPolygon", "coordinates": [ [ [ [ 69.19007020600003, 34.59744209400003 ], [ 69.190679911000075, 34.597407505000035 ], [ 69.191249169000059, 34.597473844000035 ], [ 69.191818328000068, 34.597472950000054 ], [ 69.192394953000075, 34.597423300000059 ], [ 69.192965288000039, 34.597482865000075 ], [ 69.19353239700007, 34.597585720000041 ], [ 69.194126791000031, 34.597720046000063 ], [ 69.194665220000047, 34.597939092000047 ], [ 69.195234696000057, 34.59807268600008 ], [ 69.195885106000048, 34.598071644000072 ], [ 69.196454427000049, 34.598137958000052 ], [ 69.197104891000038, 34.598136909000061 ], [ 69.197673895000037, 34.598068759000057 ], [ 69.198486481000032, 34.597865707000039 ], [ 69.198943889000077, 34.597602538000046 ], [ 69.19947559700006, 34.597422933000075 ], [ 69.200154027000053, 34.597171211000045 ], [ 69.200636425000084, 34.596873095000035 ], [ 69.201491642000065, 34.596516105000035 ], [ 69.201979006000045, 34.596313566000049 ], [ 69.202710103000072, 34.596043437000048 ], [ 69.203278924000074, 34.595908032000068 ], [ 69.203929206000055, 34.595839672000068 ], [ 69.204552056000068, 34.59579160100003 ], [ 69.205143111000041, 34.596052131000079 ], [ 69.205556619000049, 34.59637482200003 ], [ 69.206045135000068, 34.596642960000054 ], [ 69.206614787000035, 34.596843685000067 ], [ 69.207184108000035, 34.596909949000064 ], [ 69.207834562000073, 34.596908843000051 ], [ 69.208485017000044, 34.596907734000069 ], [ 69.209054171000048, 34.596906760000024 ], [ 69.209623271000055, 34.596905783000068 ], [ 69.210192425000059, 34.596904804000076 ], [ 69.210761410000032, 34.596836594000024 ], [ 69.21133005300004, 34.596633922000024 ], [ 69.21189869300008, 34.596431203000066 ], [ 69.212548630000072, 34.596228340000039 ], [ 69.213117093000051, 34.595958476000078 ], [ 69.213685724000072, 34.595755749000034 ], [ 69.214172827000084, 34.595485977000067 ], [ 69.214659808000079, 34.59514893000005 ], [ 69.215146958000048, 34.594879155000058 ], [ 69.215715404000036, 34.594609189000039 ], [ 69.21636496800005, 34.594271847000073 ], [ 69.21685222800005, 34.594069249000029 ], [ 69.217501784000035, 34.593731946000048 ], [ 69.217984731000058, 34.593508565000036 ], [ 69.218638640000052, 34.593192080000051 ], [ 69.219207415000028, 34.593056556000079 ], [ 69.219857485000034, 34.59292092700008 ], [ 69.220669433000069, 34.592516041000067 ], [ 69.22115601400003, 34.592044509000061 ], [ 69.221561474000055, 34.591640398000038 ], [ 69.221967053000071, 34.591303469000025 ], [ 69.22237268400005, 34.590966538000032 ], [ 69.222859786000072, 34.590696732000026 ], [ 69.223416917000065, 34.590334767000058 ], [ 69.224078219000035, 34.590291080000043 ], [ 69.224647093000044, 34.590222804000064 ], [ 69.225216557000067, 34.590050638000037 ], [ 69.225785467000037, 34.590057432000037 ], [ 69.226353323000069, 34.589816230000054 ], [ 69.226574880000044, 34.589285244000052 ], [ 69.226679726000043, 34.588683006000053 ], [ 69.226763367000046, 34.588202821000039 ], [ 69.226817046000065, 34.587732386000027 ], [ 69.226829721000058, 34.587260358000037 ], [ 69.226842346000069, 34.586789955000029 ], [ 69.226854966000076, 34.586317927000039 ], [ 69.227074223000045, 34.585848041000077 ], [ 69.227398280000045, 34.585444061000032 ], [ 69.228109308000057, 34.584618531000046 ], [ 69.228579579000041, 34.584275192000064 ], [ 69.229019607000055, 34.583760113000039 ], [ 69.229425173000038, 34.583423204000042 ], [ 69.229749025000046, 34.582951989000037 ], [ 69.229991641000083, 34.582480836000059 ], [ 69.230397143000062, 34.582143879000057 ], [ 69.230884166000067, 34.581874040000059 ], [ 69.23145265800008, 34.58167123000004 ], [ 69.231939862000047, 34.581468572000063 ], [ 69.232507733000034, 34.581064115000061 ], [ 69.232913272000076, 34.580727194000076 ], [ 69.232993242000077, 34.580256390000045 ], [ 69.23291064600005, 34.579785896000033 ], [ 69.232746768000084, 34.579315603000055 ], [ 69.232500806000075, 34.578576457000054 ], [ 69.232336371000031, 34.577904385000068 ], [ 69.232497436000074, 34.57736619700006 ], [ 69.232740021000041, 34.576895083000068 ], [ 69.233145484000033, 34.576558162000026 ], [ 69.233550999000045, 34.576221194000027 ], [ 69.233955945000048, 34.575682492000055 ], [ 69.234279930000071, 34.575278539000067 ], [ 69.234685434000028, 34.574941567000053 ], [ 69.23516899100008, 34.574622029000068 ], [ 69.235740969000062, 34.574536111000043 ], [ 69.236390867000068, 34.574400395000055 ], [ 69.236959486000046, 34.574264833000029 ], [ 69.237446633000047, 34.574062153000057 ], [ 69.237933779000059, 34.573859515000038 ], [ 69.238095230000056, 34.573644165000076 ], [ 69.238140338000051, 34.573366863000047 ], [ 69.238276484000039, 34.57297602500006 ], [ 69.238382826000077, 34.572685933000059 ], [ 69.238451184000041, 34.572380313000053 ], [ 69.238505950000047, 34.572125942000071 ], [ 69.238648682000075, 34.571866529000033 ], [ 69.238844507000067, 34.571664593000037 ], [ 69.23913609400006, 34.571496061000062 ], [ 69.239505866000059, 34.571352941000043 ], [ 69.239835587000073, 34.571271943000056 ], [ 69.24017879400003, 34.571198988000049 ], [ 69.240461604000075, 34.571126648000075 ], [ 69.240745415000049, 34.571042311000042 ], [ 69.241065733000028, 34.570934093000062 ], [ 69.241301724000039, 34.570844934000036 ], [ 69.242949127000031, 34.570092853000062 ], [ 69.243263426000055, 34.56994144500004 ], [ 69.243597925000074, 34.569763709000028 ], [ 69.243914242000074, 34.569576313000027 ], [ 69.24421054700008, 34.569386928000029 ], [ 69.244500007000056, 34.569205852000039 ], [ 69.244788307000078, 34.568982979000054 ], [ 69.245001479000052, 34.568773964000059 ], [ 69.245197310000037, 34.568525980000061 ], [ 69.245341085000064, 34.568296678000024 ], [ 69.245630224000081, 34.567693555000062 ], [ 69.246005617000037, 34.566840278000029 ], [ 69.246466683000051, 34.565930012000024 ], [ 69.247218068000052, 34.564476541000033 ], [ 69.247306191000064, 34.564269533000072 ], [ 69.247381795000081, 34.564068367000061 ], [ 69.24744940800008, 34.563856171000054 ], [ 69.247531835000075, 34.563529685000049 ], [ 69.247590922000029, 34.563199775000044 ], [ 69.247618212000077, 34.562955014000067 ], [ 69.247679751000078, 34.561889225000073 ], [ 69.24771789600004, 34.561555885000075 ], [ 69.247792398000058, 34.561260032000064 ], [ 69.247916158000066, 34.560941263000075 ], [ 69.248072428000057, 34.56065020300008 ], [ 69.24849320900006, 34.560086259000059 ], [ 69.249057813000036, 34.559374666000053 ], [ 69.249776733000033, 34.558563330000027 ], [ 69.25045995000005, 34.557846301000041 ], [ 69.24313660200005, 34.556800129000067 ], [ 69.236383769000042, 34.55844647300006 ], [ 69.233478389000084, 34.557831259000068 ], [ 69.229577276000043, 34.55924710000005 ], [ 69.229258467000079, 34.558722531000058 ], [ 69.22326514000008, 34.56020335900007 ], [ 69.22237603700006, 34.559941518000073 ], [ 69.221340339000051, 34.559334185000068 ], [ 69.21923367900007, 34.557749091000062 ], [ 69.217364902000043, 34.556254170000045 ], [ 69.21679931400007, 34.555863250000073 ], [ 69.216086215000075, 34.555373434000046 ], [ 69.215871907000064, 34.555241789000036 ], [ 69.214992590000065, 34.55477128900003 ], [ 69.214046843000062, 34.554341751000038 ], [ 69.211457820000078, 34.555195315000049 ], [ 69.209617488000049, 34.555076383000028 ], [ 69.207498773000054, 34.554978775000052 ], [ 69.207694722000042, 34.555228603000046 ], [ 69.203615568000032, 34.557519122000031 ], [ 69.202240216000064, 34.558261071000061 ], [ 69.200692120000042, 34.559116645000074 ], [ 69.199129409000079, 34.559936422000078 ], [ 69.198034930000063, 34.56053470300003 ], [ 69.19756443600005, 34.560803392000025 ], [ 69.197228382000048, 34.560995299000069 ], [ 69.196572991000039, 34.561396984000055 ], [ 69.194420520000051, 34.562525616000073 ], [ 69.192633092000051, 34.563427055000034 ], [ 69.190339173000041, 34.565126276000058 ], [ 69.188260437000054, 34.565941757000076 ], [ 69.185105670000041, 34.566507415000046 ], [ 69.180969011000059, 34.567074451000053 ], [ 69.17826348300008, 34.567215100000055 ], [ 69.174394772000028, 34.566848242000049 ], [ 69.171599251000032, 34.566592483000079 ], [ 69.170763700000066, 34.566510914000048 ], [ 69.170396028000084, 34.566475040000057 ], [ 69.167464064000058, 34.566202107000038 ], [ 69.167101631000037, 34.566168064000067 ], [ 69.166596907000041, 34.566120553000076 ], [ 69.164648285000055, 34.565934764000076 ], [ 69.164224466000064, 34.565894167000067 ], [ 69.163737727000068, 34.565843283000049 ], [ 69.162844616000029, 34.565754026000036 ], [ 69.161357594000037, 34.565605399000049 ], [ 69.161082226000076, 34.565577716000064 ], [ 69.160229454000046, 34.565487260000054 ], [ 69.157534934000068, 34.565184783000063 ], [ 69.156908029000078, 34.565114754000035 ], [ 69.155316397000036, 34.564948377000064 ], [ 69.154108462000067, 34.564822076000041 ], [ 69.15051851100003, 34.564494825000054 ], [ 69.147080539000058, 34.564160883000056 ], [ 69.146616120000033, 34.564114503000042 ], [ 69.146738605000053, 34.565609552000069 ], [ 69.146789501000057, 34.566160315000047 ], [ 69.146849621000058, 34.566810581000027 ], [ 69.146883850000052, 34.567181499000071 ], [ 69.14691007600004, 34.56746486000003 ], [ 69.146946221000064, 34.567870900000059 ], [ 69.147008123000035, 34.568572342000039 ], [ 69.147049724000055, 34.569042764000073 ], [ 69.14710044800006, 34.569617154000071 ], [ 69.14716207400005, 34.57031485300007 ], [ 69.147208240000055, 34.57083870200006 ], [ 69.147305308000057, 34.57141732000008 ], [ 69.147351670000035, 34.571927551000044 ], [ 69.147405099000082, 34.572518666000065 ], [ 69.147456727000076, 34.573108565000041 ], [ 69.147506407000037, 34.573675020000053 ], [ 69.147549022000078, 34.574161493000076 ], [ 69.147598648000042, 34.574727271000029 ], [ 69.147650556000031, 34.575319740000054 ], [ 69.14770919800003, 34.575989621000076 ], [ 69.147736626000039, 34.576302334000047 ], [ 69.147770843000046, 34.576692865000041 ], [ 69.147816912000053, 34.577218472000027 ], [ 69.147941656000057, 34.578642182000067 ], [ 69.147986168000045, 34.579150115000061 ], [ 69.148020883000072, 34.579543440000066 ], [ 69.148077326000077, 34.580168774000072 ], [ 69.148137550000058, 34.580835045000072 ], [ 69.148246043000029, 34.582035216000065 ], [ 69.148286806000044, 34.582486069000026 ], [ 69.148324008000031, 34.582897202000026 ], [ 69.14835617500006, 34.583327323000049 ], [ 69.148380978000034, 34.583601713000064 ], [ 69.148437199000057, 34.584068238000043 ], [ 69.148479057000031, 34.584766004000073 ], [ 69.148507538000047, 34.585023615000068 ], [ 69.148539067000058, 34.585308637000026 ], [ 69.148600907000059, 34.58586831100007 ], [ 69.148660290000066, 34.58639475800004 ], [ 69.148730104000037, 34.586960780000027 ], [ 69.148806333000039, 34.587577657000054 ], [ 69.148907988000076, 34.588509818000034 ], [ 69.148952491000045, 34.589036327000031 ], [ 69.148983245000068, 34.589374421000059 ], [ 69.149078806000034, 34.590341579000039 ], [ 69.149103442000069, 34.590733338000064 ], [ 69.149144377000084, 34.591203937000046 ], [ 69.148089749000064, 34.591278718000069 ], [ 69.146759859000042, 34.591433090000066 ], [ 69.146196756000052, 34.591527460000066 ], [ 69.145585277000066, 34.591572202000066 ], [ 69.144793981000078, 34.591232262000062 ], [ 69.144475661000058, 34.59157284500003 ], [ 69.144899362000046, 34.591884141000037 ], [ 69.145376647000035, 34.592837391000046 ], [ 69.145514196000079, 34.593115112000078 ], [ 69.145307036000077, 34.594368759000076 ], [ 69.145412621000048, 34.595101980000038 ], [ 69.145778913000072, 34.595748676000028 ], [ 69.145571143000041, 34.596266514000035 ], [ 69.146302989000048, 34.597128394000038 ], [ 69.14755652000008, 34.597989640000037 ], [ 69.148288172000036, 34.598722144000078 ], [ 69.148550649000072, 34.59962768500003 ], [ 69.148761255000068, 34.600705894000043 ], [ 69.149597490000076, 34.60156758100004 ], [ 69.150746905000062, 34.602515268000047 ], [ 69.151217488000043, 34.603075471000068 ], [ 69.152536862000034, 34.604379503000075 ], [ 69.152966058000061, 34.604453048000039 ], [ 69.153535265000073, 34.60445233400003 ], [ 69.154022793000081, 34.60424998600007 ], [ 69.154510139000081, 34.603980453000077 ], [ 69.155078843000069, 34.603710814000067 ], [ 69.155566363000048, 34.603508460000057 ], [ 69.156053880000059, 34.603306150000037 ], [ 69.15654108800004, 34.602969334000079 ], [ 69.15694704100008, 34.602632666000034 ], [ 69.157352551000031, 34.60232327600005 ], [ 69.157840187000033, 34.601959175000047 ], [ 69.158246075000079, 34.601622458000065 ], [ 69.158754610000074, 34.601327223000055 ], [ 69.159320639000043, 34.601129397000079 ], [ 69.159866284000032, 34.60093867300003 ], [ 69.160447780000084, 34.600789970000051 ], [ 69.16100863500003, 34.600543084000037 ], [ 69.161621856000068, 34.600419628000054 ], [ 69.162121193000075, 34.600227648000043 ], [ 69.162715652000031, 34.600271902000031 ], [ 69.163284831000055, 34.600271142000054 ], [ 69.16385401000008, 34.600270379000051 ], [ 69.16442313400006, 34.60026961300008 ], [ 69.164992579000057, 34.600403303000064 ], [ 69.165562025000042, 34.60053699100007 ], [ 69.166212643000051, 34.600603336000063 ], [ 69.166781959000048, 34.600669788000062 ], [ 69.167351275000044, 34.600736238000025 ], [ 69.167920457000037, 34.600735456000052 ], [ 69.168652247000068, 34.600734447000036 ], [ 69.169221428000071, 34.60073365900007 ], [ 69.169790473000035, 34.600665639000056 ], [ 69.170282550000081, 34.600451587000066 ], [ 69.170846322000045, 34.600126285000044 ], [ 69.171333560000051, 34.599789455000064 ], [ 69.17182101700007, 34.599587037000049 ], [ 69.172364345000062, 34.599375610000038 ], [ 69.172821548000059, 34.599074753000025 ], [ 69.173288113000069, 34.598767659000032 ], [ 69.173785768000073, 34.598440138000058 ], [ 69.174420253000051, 34.59830590100006 ], [ 69.174989136000079, 34.598170628000048 ], [ 69.175558104000061, 34.598102581000035 ], [ 69.176126984000064, 34.59796725800004 ], [ 69.176696004000064, 34.597899206000079 ], [ 69.177265024000064, 34.597831151000037 ], [ 69.177833988000032, 34.597763139000051 ], [ 69.178403060000051, 34.597695034000026 ], [ 69.178972221000038, 34.597694201000024 ], [ 69.179541092000079, 34.597558861000039 ], [ 69.180029588000082, 34.597347751000029 ], [ 69.180592581000042, 34.597395887000062 ], [ 69.181166632000043, 34.597287541000071 ], [ 69.181731974000058, 34.597212121000041 ], [ 69.182467402000043, 34.597218374000079 ], [ 69.183117860000038, 34.597217399000044 ], [ 69.183687165000038, 34.597283773000072 ], [ 69.184175616000061, 34.597551954000039 ], [ 69.184664016000056, 34.597820179000053 ], [ 69.185233530000062, 34.597953774000075 ], [ 69.185802638000041, 34.597952909000071 ], [ 69.186371800000074, 34.597952041000042 ], [ 69.186940812000046, 34.597883941000077 ], [ 69.187590973000056, 34.597748530000047 ], [ 69.188159830000075, 34.597613150000029 ], [ 69.188810139000054, 34.597544871000025 ], [ 69.189434445000074, 34.597432621000053 ], [ 69.19007020600003, 34.59744209400003 ] ] ] ] } },
{ "type": "Feature", "properties": { "OBJECTID": 18, "OID_": 0, "SHAPE_LENG": 18609.248506, "PD_NR": 11, "AREA_KM_2": 17.369217836899999, "QUARTER": "NE", "Area": 0.0, "Flood_Area": 6.0, "Flooded_Ur": 0.3454386983, "Total_Dama": 795484.52496499999, "Damage_Red": 132580.75416099999, "Area_1": 0.0, "نام_ن": "ناحیه یازدهم", "Shape_Le_1": 0.18615516124000001, "Shape_Area": 0.001707946 }, "geometry": { "type": "MultiPolygon", "coordinates": [ [ [ [ 69.139018165000039, 34.602975873000048 ], [ 69.139546682000059, 34.602975270000059 ], [ 69.140115767000054, 34.602907389000052 ], [ 69.14068648500006, 34.602709418000074 ], [ 69.141253034000044, 34.602755657000046 ], [ 69.141904321000084, 34.602703634000079 ], [ 69.142473516000052, 34.602702970000053 ], [ 69.14304265700008, 34.602702304000047 ], [ 69.143611908000082, 34.602701636000063 ], [ 69.144181103000051, 34.602700965000054 ], [ 69.144750244000079, 34.602700291000076 ], [ 69.145319440000037, 34.602699614000073 ], [ 69.145888870000078, 34.602833393000026 ], [ 69.146377233000067, 34.60310177100007 ], [ 69.146784410000066, 34.603437428000063 ], [ 69.147272843000053, 34.603773032000049 ], [ 69.147761096000067, 34.60397417400003 ], [ 69.148330419000047, 34.604040668000039 ], [ 69.14889962400008, 34.604039975000035 ], [ 69.149550136000073, 34.60403917900004 ], [ 69.150200647000077, 34.604038380000077 ], [ 69.150769973000081, 34.604104907000078 ], [ 69.151258182000049, 34.604305991000047 ], [ 69.151827511000079, 34.60437255800008 ], [ 69.152536976000079, 34.604432049000025 ], [ 69.151217602000031, 34.603128017000074 ], [ 69.15074701900005, 34.602567814000054 ], [ 69.149597603000075, 34.601620127000047 ], [ 69.148761369000056, 34.60075844000005 ], [ 69.14855076300006, 34.599680231000036 ], [ 69.148288286000081, 34.598774690000027 ], [ 69.147556634000068, 34.598042186000043 ], [ 69.146303103000037, 34.597180940000044 ], [ 69.145571256000039, 34.596319061000031 ], [ 69.14577902700006, 34.595801223000024 ], [ 69.145412735000036, 34.595154526000044 ], [ 69.145307149000075, 34.594421305000026 ], [ 69.145514196000079, 34.593115112000078 ], [ 69.144899380000084, 34.591894531000037 ], [ 69.144475679000038, 34.591583234000041 ], [ 69.144793999000058, 34.591242652000062 ], [ 69.145585295000046, 34.591582592000066 ], [ 69.146187802000043, 34.59153060400007 ], [ 69.146759878000069, 34.591443480000066 ], [ 69.148089767000045, 34.591289108000069 ], [ 69.149144395000064, 34.591214326000056 ], [ 69.149103555000067, 34.59078588400007 ], [ 69.149078920000079, 34.590394126000035 ], [ 69.148983359000056, 34.589426967000065 ], [ 69.148952605000034, 34.589088874000026 ], [ 69.148908102000064, 34.58856236400004 ], [ 69.148806447000084, 34.58763020300006 ], [ 69.148730217000036, 34.587013327000079 ], [ 69.148660404000054, 34.586447304000046 ], [ 69.148601021000047, 34.585920858000065 ], [ 69.148539180000057, 34.585361183000032 ], [ 69.148507651000045, 34.585076161000075 ], [ 69.14847917000003, 34.58481855000008 ], [ 69.148437312000055, 34.584120784000049 ], [ 69.148381092000079, 34.58365425900007 ], [ 69.148356289000048, 34.583379870000044 ], [ 69.148324122000076, 34.582949748000033 ], [ 69.148286919000043, 34.582538615000033 ], [ 69.148246157000074, 34.582087762000072 ], [ 69.148137663000057, 34.580887591000078 ], [ 69.148077440000066, 34.580221320000078 ], [ 69.14802099700006, 34.579595987000062 ], [ 69.147986282000033, 34.579202661000068 ], [ 69.147941769000056, 34.578694728000073 ], [ 69.147817025000052, 34.577271018000033 ], [ 69.147770957000034, 34.576745411000047 ], [ 69.147736740000028, 34.576354880000054 ], [ 69.147709311000028, 34.576042167000026 ], [ 69.147650669000029, 34.57537228700005 ], [ 69.14759876100004, 34.574779818000025 ], [ 69.147549136000066, 34.574214039000026 ], [ 69.147506520000036, 34.573727566000059 ], [ 69.147456841000064, 34.573161111000047 ], [ 69.147405212000081, 34.572571212000071 ], [ 69.14735178400008, 34.571980097000051 ], [ 69.147305422000045, 34.571469866000029 ], [ 69.147208354000043, 34.570891248000066 ], [ 69.147162187000049, 34.570367399000077 ], [ 69.147100561000059, 34.569669701000066 ], [ 69.147049837000054, 34.569095311000069 ], [ 69.14700823700008, 34.568624888000045 ], [ 69.146946334000063, 34.567923447000055 ], [ 69.146910190000028, 34.567517406000036 ], [ 69.14688396300005, 34.567234045000077 ], [ 69.146849734000057, 34.56686312800008 ], [ 69.146789614000056, 34.566212862000043 ], [ 69.146738718000051, 34.565662099000065 ], [ 69.146616234000078, 34.564167049000048 ], [ 69.146220178000078, 34.564127484000039 ], [ 69.143482586000061, 34.563857574000053 ], [ 69.142335112000069, 34.563751377000074 ], [ 69.141542625000056, 34.563670775000048 ], [ 69.141012520000061, 34.563616874000047 ], [ 69.140528754000059, 34.563567697000053 ], [ 69.140212404000067, 34.563535596000065 ], [ 69.139852, 34.563495428000067 ], [ 69.139328921000072, 34.563437183000076 ], [ 69.138813150000033, 34.563380325000026 ], [ 69.138162529000056, 34.563321815000052 ], [ 69.137541456000065, 34.563265972000067 ], [ 69.136873775000083, 34.563205941000035 ], [ 69.136144659000081, 34.563140924000038 ], [ 69.134026279000068, 34.562952806000055 ], [ 69.133457217000057, 34.562902252000072 ], [ 69.133017230000064, 34.56285444100007 ], [ 69.132125625000072, 34.562745884000037 ], [ 69.130874022000057, 34.562640007000027 ], [ 69.130171141000062, 34.562580518000061 ], [ 69.129777947000036, 34.562548742000047 ], [ 69.129110297000068, 34.562501338000061 ], [ 69.128660596000032, 34.562479088000032 ], [ 69.128189536000036, 34.562460239000075 ], [ 69.127519926000048, 34.562449668000056 ], [ 69.126939893000042, 34.562455097000054 ], [ 69.126601220000055, 34.56246834500007 ], [ 69.126211968000064, 34.562483222000026 ], [ 69.125866191000057, 34.562521410000045 ], [ 69.125585413000067, 34.562578873000064 ], [ 69.125330501000064, 34.562656465000032 ], [ 69.124933742000053, 34.562827584000047 ], [ 69.124390989000062, 34.56305350100007 ], [ 69.124079766000079, 34.563201984000045 ], [ 69.12339879700005, 34.563549239000054 ], [ 69.122271185000045, 34.563996544000076 ], [ 69.122093086000064, 34.563716575000058 ], [ 69.121869703000073, 34.56370376700005 ], [ 69.121680556000058, 34.563882694000029 ], [ 69.121556467000062, 34.564234117000069 ], [ 69.121352628000068, 34.564468565000027 ], [ 69.121093318000078, 34.56460319200005 ], [ 69.120511339000075, 34.564894871000035 ], [ 69.119643944000074, 34.56532863700005 ], [ 69.118862516000036, 34.56569905200007 ], [ 69.118025260000081, 34.566104144000064 ], [ 69.116964683000049, 34.566590338000026 ], [ 69.116207867000071, 34.566958998000075 ], [ 69.115206412000077, 34.567446788000041 ], [ 69.114355081000042, 34.567828828000074 ], [ 69.113461965000056, 34.568233942000063 ], [ 69.11258274000005, 34.568639036000036 ], [ 69.110740784000029, 34.569634152000049 ], [ 69.109694150000053, 34.570178030000079 ], [ 69.108814977000065, 34.570652401000075 ], [ 69.108131173000061, 34.571011117000069 ], [ 69.107447438000065, 34.571427589000052 ], [ 69.106763564000062, 34.571740079000051 ], [ 69.106219268000075, 34.571994683000071 ], [ 69.105493465000052, 34.572307202000047 ], [ 69.104655904000083, 34.572573596000041 ], [ 69.103790400000037, 34.572816921000026 ], [ 69.102729484000065, 34.573164338000026 ], [ 69.101542910000035, 34.573558112000057 ], [ 69.100412325000036, 34.574009545000024 ], [ 69.09967262400005, 34.574402888000066 ], [ 69.099086506000049, 34.574773016000051 ], [ 69.098626076000073, 34.575131497000029 ], [ 69.098151810000047, 34.575593920000074 ], [ 69.097649707000073, 34.576171884000075 ], [ 69.097381750000068, 34.576480697000079 ], [ 69.098453869000082, 34.577119443000072 ], [ 69.098762558000033, 34.577281564000032 ], [ 69.099211350000076, 34.57735081900006 ], [ 69.099660005000032, 34.57730405600006 ], [ 69.100136511000073, 34.57707167600006 ], [ 69.100360504000037, 34.576793150000071 ], [ 69.100893211000084, 34.576607119000073 ], [ 69.10117383000005, 34.576815655000075 ], [ 69.101595194000083, 34.577372035000053 ], [ 69.102016311000057, 34.577766043000054 ], [ 69.10240929400004, 34.578020835000075 ], [ 69.103167339000038, 34.578692944000068 ], [ 69.103170294000051, 34.579142988000058 ], [ 69.103170959000067, 34.579680870000061 ], [ 69.103171540000062, 34.580151522000051 ], [ 69.103172122000046, 34.580622174000041 ], [ 69.103172704000031, 34.581092826000031 ], [ 69.103173285000082, 34.581563478000078 ], [ 69.103255153000077, 34.582034061000059 ], [ 69.103337021000073, 34.58250459900006 ], [ 69.103500177000058, 34.582975113000032 ], [ 69.103744677000066, 34.583445558000051 ], [ 69.103907837000065, 34.583916071000033 ], [ 69.104152203000069, 34.584319286000039 ], [ 69.104396627000028, 34.584722500000055 ], [ 69.104641082000057, 34.58519289700007 ], [ 69.104804251000076, 34.585663454000041 ], [ 69.10496747600007, 34.586133921000055 ], [ 69.104968067000073, 34.586604573000045 ], [ 69.104968659000065, 34.587075224000046 ], [ 69.105213125000034, 34.58754566600004 ], [ 69.105295094000041, 34.588083476000065 ], [ 69.105376980000074, 34.588554058000057 ], [ 69.105377575000034, 34.589024664000078 ], [ 69.105378254000073, 34.589562545000035 ], [ 69.105378848000043, 34.590033196000036 ], [ 69.105298233000042, 34.590571147000048 ], [ 69.105136237000067, 34.591041938000046 ], [ 69.104974240000047, 34.591512729000044 ], [ 69.104812186000061, 34.591983520000042 ], [ 69.104568889000063, 34.592454380000049 ], [ 69.104325506000066, 34.592858011000033 ], [ 69.104082065000057, 34.593261596000048 ], [ 69.104001355000037, 34.593732316000057 ], [ 69.104083239000033, 34.594202898000049 ], [ 69.104327691000037, 34.594606111000076 ], [ 69.104734688000065, 34.595009139000069 ], [ 69.10522287200007, 34.595277682000074 ], [ 69.105792274000066, 34.595478878000051 ], [ 69.106280379000054, 34.595680187000028 ], [ 69.106849700000055, 34.595814149000034 ], [ 69.10733775500006, 34.596015409000074 ], [ 69.107826040000077, 34.596351171000038 ], [ 69.108314243000052, 34.596619657000076 ], [ 69.108802536000042, 34.596955415000025 ], [ 69.10929069000008, 34.597223941000038 ], [ 69.109697690000075, 34.597559723000074 ], [ 69.109860911000055, 34.598030227000038 ], [ 69.110024224000028, 34.598567961000072 ], [ 69.110106201000065, 34.599038538000059 ], [ 69.110188125000036, 34.599509115000046 ], [ 69.110270050000054, 34.599979692000034 ], [ 69.11027067200007, 34.600450342000045 ], [ 69.110271294000029, 34.600920948000066 ], [ 69.110190611000064, 34.601391671000044 ], [ 69.11019123300008, 34.601862322000045 ], [ 69.110029189000045, 34.602333119000036 ], [ 69.109704497000052, 34.602736832000062 ], [ 69.109461108000062, 34.603140472000064 ], [ 69.109461726000063, 34.603611077000039 ], [ 69.109543651000081, 34.604081655000073 ], [ 69.109869588000038, 34.60461924100008 ], [ 69.110195407000049, 34.605022369000039 ], [ 69.110602394000068, 34.605358193000029 ], [ 69.111009439000043, 34.605693970000061 ], [ 69.111497796000037, 34.60602971600008 ], [ 69.111985922000031, 34.606230957000037 ], [ 69.112474195000061, 34.606499470000074 ], [ 69.113043745000084, 34.60670063200007 ], [ 69.11353187900005, 34.606901867000033 ], [ 69.114020162000031, 34.607170374000077 ], [ 69.114508393000051, 34.60743883400005 ], [ 69.114915463000045, 34.607774643000027 ], [ 69.115403848000028, 34.608110374000034 ], [ 69.115729653000074, 34.608513441000071 ], [ 69.116136921000077, 34.608983704000025 ], [ 69.116381420000039, 34.609386892000032 ], [ 69.116788507000081, 34.609722695000073 ], [ 69.117195544000083, 34.610058451000043 ], [ 69.117764790000081, 34.61005790300004 ], [ 69.118008213000053, 34.609654292000073 ], [ 69.118251634000046, 34.609250635000024 ], [ 69.118494848000068, 34.608779749000064 ], [ 69.118819575000032, 34.608376012000065 ], [ 69.119307114000037, 34.608106619000068 ], [ 69.120038582000063, 34.607836940000027 ], [ 69.120526156000039, 34.60763477100005 ], [ 69.121095093000065, 34.607432475000053 ], [ 69.121582717000081, 34.607230302000062 ], [ 69.122233057000074, 34.607095193000077 ], [ 69.122802085000046, 34.606960163000053 ], [ 69.123371012000064, 34.606757856000058 ], [ 69.123939936000056, 34.606555592000063 ], [ 69.124508958000035, 34.606420554000067 ], [ 69.125078125000073, 34.606419972000026 ], [ 69.125647299000036, 34.606352112000025 ], [ 69.126216364000072, 34.606284296000069 ], [ 69.126785584000061, 34.606283705000067 ], [ 69.127354702000048, 34.606215883000061 ], [ 69.127923819000046, 34.606148104000056 ], [ 69.128493038000045, 34.60614750600007 ], [ 69.129061995000029, 34.606012401000044 ], [ 69.129631005000078, 34.605877340000063 ], [ 69.130118494000044, 34.605607858000042 ], [ 69.130605980000041, 34.605338420000066 ], [ 69.13117466500006, 34.605001618000074 ], [ 69.131662089000031, 34.604732131000048 ], [ 69.132149458000072, 34.604395457000066 ], [ 69.132636931000036, 34.604125966000026 ], [ 69.133124292000048, 34.60378928800003 ], [ 69.133611703000042, 34.603519793000032 ], [ 69.134099166000055, 34.603250341000034 ], [ 69.134749563000071, 34.603182395000033 ], [ 69.13540006900007, 34.60318167500003 ], [ 69.135969268000053, 34.603181042000074 ], [ 69.136538357000063, 34.603113177000068 ], [ 69.137188751000053, 34.603045173000055 ], [ 69.137757949000047, 34.603044532000069 ], [ 69.138327147000041, 34.603043888000059 ], [ 69.139018165000039, 34.602975873000048 ] ] ] ] } },
{ "type": "Feature", "properties": { "OBJECTID": 19, "OID_": 0, "SHAPE_LENG": 39745.535039599999, "PD_NR": 17, "AREA_KM_2": 55.988736380500001, "QUARTER": "NW", "Area": 0.0, "Flood_Area": 5.0, "Flooded_Ur": 0.08930367648, "Total_Dama": 177840.05576300001, "Damage_Red": 35568.011152599996, "Area_1": 0.0, "نام_ن": "ناحیه هفدهم", "Shape_Le_1": 0.3955849923, "Shape_Area": 0.0055057394 }, "geometry": { "type": "MultiPolygon", "coordinates": [ [ [ [ 69.07975652600004, 34.633240356000044 ], [ 69.08041329100007, 34.633093473000031 ], [ 69.081019982000043, 34.632842236000045 ], [ 69.081525397000064, 34.632451691000028 ], [ 69.081963327000039, 34.632005458000037 ], [ 69.082434993000049, 34.631587067000055 ], [ 69.082974050000075, 34.63119653800004 ], [ 69.083479528000055, 34.630833850000045 ], [ 69.084052454000073, 34.630554756000038 ], [ 69.084625376000076, 34.630275614000027 ], [ 69.085232035000047, 34.630024356000035 ], [ 69.085737387000052, 34.629661704000057 ], [ 69.086209103000044, 34.629271163000055 ], [ 69.086680761000082, 34.628880621000064 ], [ 69.08725366300007, 34.628601511000056 ], [ 69.087927983000043, 34.628545251000048 ], [ 69.088602277000064, 34.628516897000054 ], [ 69.089242710000065, 34.628349237000066 ], [ 69.089883196000073, 34.628181528000027 ], [ 69.090523594000047, 34.627985950000038 ], [ 69.091062675000046, 34.627623206000067 ], [ 69.091703152000036, 34.627455488000066 ], [ 69.092343540000059, 34.627259945000048 ], [ 69.093017970000062, 34.627315164000038 ], [ 69.093692346000068, 34.62737037900007 ], [ 69.094333162000055, 34.627509213000053 ], [ 69.094940406000035, 34.627815354000063 ], [ 69.095581292000077, 34.628009958000064 ], [ 69.096255675000066, 34.628065204000052 ], [ 69.096963760000051, 34.628064643000073 ], [ 69.09763801400004, 34.628008329000068 ], [ 69.098312388000068, 34.628007787000058 ], [ 69.098986596000032, 34.627867869000056 ], [ 69.099626916000034, 34.627672243000063 ], [ 69.100267342000052, 34.627476659000024 ], [ 69.100907798000037, 34.62730889200003 ], [ 69.101514963000056, 34.627531358000056 ], [ 69.10198749400007, 34.627921173000061 ], [ 69.10262834200006, 34.628115739000066 ], [ 69.103134557000033, 34.628477610000061 ], [ 69.103674523000052, 34.628867361000061 ], [ 69.104180782000071, 34.629257138000071 ], [ 69.104855392000047, 34.629479529000037 ], [ 69.105496243000061, 34.629618305000065 ], [ 69.106069886000057, 34.629924419000076 ], [ 69.106710723000049, 34.630091143000072 ], [ 69.107351527000048, 34.630229864000057 ], [ 69.108026027000051, 34.630312910000043 ], [ 69.108717384000045, 34.63039589300007 ], [ 69.109138905000066, 34.630451247000053 ], [ 69.110149104000072, 34.629419133000056 ], [ 69.110757600000056, 34.62876590500008 ], [ 69.111378653000031, 34.628251359000046 ], [ 69.11168888800006, 34.627737095000043 ], [ 69.111999063000042, 34.62722283100004 ], [ 69.112309290000042, 34.626708565000058 ], [ 69.112619111000072, 34.625937286000067 ], [ 69.112929274000066, 34.625423019000038 ], [ 69.11292823000008, 34.62465207200006 ], [ 69.113238441000078, 34.624137804000043 ], [ 69.113237393000077, 34.623366811000039 ], [ 69.113547598000082, 34.622852543000079 ], [ 69.113546198000051, 34.621824582000045 ], [ 69.113855989000058, 34.621053345000064 ], [ 69.114165829000058, 34.620282062000058 ], [ 69.114475962000029, 34.619767790000026 ], [ 69.114786146000029, 34.61925351800005 ], [ 69.114785085000051, 34.618482615000062 ], [ 69.115094907000071, 34.617711284000052 ], [ 69.115404669000043, 34.616940042000067 ], [ 69.115714781000065, 34.616425767000067 ], [ 69.11606895500006, 34.615713008000057 ], [ 69.116334333000054, 34.614883189000068 ], [ 69.11664448700003, 34.614368957000067 ], [ 69.116643409000062, 34.613597963000075 ], [ 69.116642330000047, 34.61282701500005 ], [ 69.116952420000075, 34.612312736000035 ], [ 69.117262615000072, 34.611798457000077 ], [ 69.117261531000054, 34.611027463000028 ], [ 69.117260447000035, 34.610256514000071 ], [ 69.117195544000083, 34.610058451000043 ], [ 69.116788507000081, 34.609722695000073 ], [ 69.116381420000039, 34.609386892000032 ], [ 69.116136921000077, 34.608983704000025 ], [ 69.115729653000074, 34.608513441000071 ], [ 69.115403848000028, 34.608110374000034 ], [ 69.114915463000045, 34.607774643000027 ], [ 69.114508393000051, 34.60743883400005 ], [ 69.114020162000031, 34.607170374000077 ], [ 69.11353187900005, 34.606901867000033 ], [ 69.113043745000084, 34.60670063200007 ], [ 69.112474195000061, 34.606499470000074 ], [ 69.111985922000031, 34.606230957000037 ], [ 69.111497796000037, 34.60602971600008 ], [ 69.111009439000043, 34.605693970000061 ], [ 69.110602394000068, 34.605358193000029 ], [ 69.110195407000049, 34.605022369000039 ], [ 69.109869588000038, 34.60461924100008 ], [ 69.109543651000081, 34.604081655000073 ], [ 69.109461726000063, 34.603611077000039 ], [ 69.109461108000062, 34.603140472000064 ], [ 69.109704497000052, 34.602736832000062 ], [ 69.110029189000045, 34.602333119000036 ], [ 69.11019123300008, 34.601862322000045 ], [ 69.110190611000064, 34.601391671000044 ], [ 69.110271294000029, 34.600920948000066 ], [ 69.11027067200007, 34.600450342000045 ], [ 69.110270050000054, 34.599979692000034 ], [ 69.110188125000036, 34.599509115000046 ], [ 69.110106201000065, 34.599038538000059 ], [ 69.110024224000028, 34.598567961000072 ], [ 69.109860911000055, 34.598030227000038 ], [ 69.109697690000075, 34.597559723000074 ], [ 69.10929069000008, 34.597223941000038 ], [ 69.108802536000042, 34.596955415000025 ], [ 69.108314243000052, 34.596619657000076 ], [ 69.107826040000077, 34.596351171000038 ], [ 69.10733775500006, 34.596015409000074 ], [ 69.106849700000055, 34.595814149000034 ], [ 69.106280379000054, 34.595680187000028 ], [ 69.105792274000066, 34.595478878000051 ], [ 69.10522287200007, 34.595277682000074 ], [ 69.104734688000065, 34.595009139000069 ], [ 69.104327691000037, 34.594606111000076 ], [ 69.104083239000033, 34.594202898000049 ], [ 69.104001355000037, 34.593732316000057 ], [ 69.104082065000057, 34.593261596000048 ], [ 69.104325506000066, 34.592858011000033 ], [ 69.104568889000063, 34.592454380000049 ], [ 69.104812186000061, 34.591983520000042 ], [ 69.104974240000047, 34.591512729000044 ], [ 69.105136237000067, 34.591041938000046 ], [ 69.105298233000042, 34.590571147000048 ], [ 69.105378848000043, 34.590033196000036 ], [ 69.105378254000073, 34.589562545000035 ], [ 69.105377575000034, 34.589024664000078 ], [ 69.105376980000074, 34.588554058000057 ], [ 69.105295094000041, 34.588083476000065 ], [ 69.105213125000034, 34.58754566600004 ], [ 69.104968659000065, 34.587075224000046 ], [ 69.104968067000073, 34.586604573000045 ], [ 69.10496747600007, 34.586133921000055 ], [ 69.104804251000076, 34.585663454000041 ], [ 69.104641082000057, 34.58519289700007 ], [ 69.104396627000028, 34.584722500000055 ], [ 69.104152203000069, 34.584319286000039 ], [ 69.103907837000065, 34.583916071000033 ], [ 69.103744677000066, 34.583445558000051 ], [ 69.103500177000058, 34.582975113000032 ], [ 69.103337021000073, 34.58250459900006 ], [ 69.103255153000077, 34.582034061000059 ], [ 69.103173285000082, 34.581563478000078 ], [ 69.103172704000031, 34.581092826000031 ], [ 69.103172122000046, 34.580622174000041 ], [ 69.103171540000062, 34.580151522000051 ], [ 69.103170959000067, 34.579680870000061 ], [ 69.103170294000051, 34.579142988000058 ], [ 69.103167339000038, 34.578692944000068 ], [ 69.10240929400004, 34.578020835000075 ], [ 69.102016311000057, 34.577766043000054 ], [ 69.101595194000083, 34.577372035000053 ], [ 69.10117383000005, 34.576815655000075 ], [ 69.100893211000084, 34.576607119000073 ], [ 69.100360504000037, 34.576793150000071 ], [ 69.100136511000073, 34.57707167600006 ], [ 69.099660005000032, 34.57730405600006 ], [ 69.099211350000076, 34.57735081900006 ], [ 69.098762558000033, 34.577281564000032 ], [ 69.098453869000082, 34.577119443000072 ], [ 69.097381750000068, 34.576480697000079 ], [ 69.097649707000073, 34.576171884000075 ], [ 69.098151810000047, 34.575593920000074 ], [ 69.098626076000073, 34.575131497000029 ], [ 69.099086506000049, 34.574773016000051 ], [ 69.09967262400005, 34.574402888000066 ], [ 69.100412325000036, 34.574009545000024 ], [ 69.101542910000035, 34.573558112000057 ], [ 69.102729484000065, 34.573164338000026 ], [ 69.103790400000037, 34.572816921000026 ], [ 69.104655904000083, 34.572573596000041 ], [ 69.105493465000052, 34.572307202000047 ], [ 69.106219268000075, 34.571994683000071 ], [ 69.106763564000062, 34.571740079000051 ], [ 69.107447438000065, 34.571427589000052 ], [ 69.108131173000061, 34.571011117000069 ], [ 69.108814977000065, 34.570652401000075 ], [ 69.109694150000053, 34.570178030000079 ], [ 69.110740784000029, 34.569634152000049 ], [ 69.11258274000005, 34.568639036000036 ], [ 69.113461965000056, 34.568233942000063 ], [ 69.114355081000042, 34.567828828000074 ], [ 69.115206412000077, 34.567446788000041 ], [ 69.116207867000071, 34.566958998000075 ], [ 69.116964683000049, 34.566590338000026 ], [ 69.118025260000081, 34.566104144000064 ], [ 69.118862516000036, 34.56569905200007 ], [ 69.119643944000074, 34.56532863700005 ], [ 69.120511339000075, 34.564894871000035 ], [ 69.121093318000078, 34.56460319200005 ], [ 69.121352628000068, 34.564468565000027 ], [ 69.121556467000062, 34.564234117000069 ], [ 69.121680556000058, 34.563882694000029 ], [ 69.121869703000073, 34.56370376700005 ], [ 69.122065853000038, 34.563431270000024 ], [ 69.12241743900006, 34.563039353000079 ], [ 69.12293554200005, 34.562726311000063 ], [ 69.123423811000066, 34.562402340000062 ], [ 69.123925943000074, 34.562020636000057 ], [ 69.124689702000069, 34.561389630000065 ], [ 69.125376410000058, 34.560887115000071 ], [ 69.125629565000054, 34.560695807000059 ], [ 69.126004016000081, 34.560412884000073 ], [ 69.126577361000045, 34.559995160000028 ], [ 69.127129770000067, 34.559541652000064 ], [ 69.12751023900006, 34.55924460600005 ], [ 69.127942569000083, 34.558897588000036 ], [ 69.128360799000063, 34.558527543000025 ], [ 69.128751140000077, 34.55809971900004 ], [ 69.129280769000047, 34.557486922000066 ], [ 69.129573146000041, 34.556943723000074 ], [ 69.129809656000077, 34.556400537000059 ], [ 69.129948659000036, 34.555996063000066 ], [ 69.130059647000053, 34.555556989000024 ], [ 69.130100785000081, 34.555060229000048 ], [ 69.130086024000036, 34.554540442000075 ], [ 69.129994150000073, 34.553882760000079 ], [ 69.129941839000082, 34.553327707000051 ], [ 69.129843010000059, 34.552611594000041 ], [ 69.129758367000079, 34.552045664000048 ], [ 69.129715652000073, 34.551525906000052 ], [ 69.12974583700003, 34.550889962000042 ], [ 69.12991818200004, 34.550239529000066 ], [ 69.130030748000081, 34.549837698000033 ], [ 69.126550586000064, 34.548576340000068 ], [ 69.125156071000049, 34.548090168000044 ], [ 69.12454305600005, 34.548203972000067 ], [ 69.124153792000072, 34.548276198000053 ], [ 69.123813625000082, 34.548309369000037 ], [ 69.123480398000083, 34.548355879000042 ], [ 69.123020379000081, 34.548416540000062 ], [ 69.122662176000063, 34.548452071000042 ], [ 69.12210092600003, 34.548304330000065 ], [ 69.122359737000068, 34.547715685000071 ], [ 69.122596452000039, 34.547224322000034 ], [ 69.122887910000031, 34.546717752000063 ], [ 69.123169718000042, 34.546210966000046 ], [ 69.123531779000075, 34.545658422000031 ], [ 69.123799027000075, 34.545296299000029 ], [ 69.124004127000035, 34.545029922000026 ], [ 69.12442846600004, 34.544478980000065 ], [ 69.124827465000067, 34.544040202000076 ], [ 69.12498398200006, 34.543867030000058 ], [ 69.124763692000045, 34.543554867000068 ], [ 69.12461178600006, 34.543128827000032 ], [ 69.124069218000045, 34.542366402000027 ], [ 69.123761267000077, 34.541949536000061 ], [ 69.123634742000036, 34.541657613000041 ], [ 69.123213488000033, 34.541226567000024 ], [ 69.122959225000045, 34.540702420000059 ], [ 69.122368886000061, 34.539855310000064 ], [ 69.122071357000038, 34.540257590000067 ], [ 69.121596702000033, 34.540677586000072 ], [ 69.12096327900008, 34.540887977000068 ], [ 69.120456863000072, 34.541281757000036 ], [ 69.120172465000053, 34.541806441000062 ], [ 69.119761148000066, 34.542252565000069 ], [ 69.119127688000049, 34.542410506000067 ], [ 69.118462160000036, 34.542358713000056 ], [ 69.117780959000072, 34.542359372000078 ], [ 69.117175902000042, 34.542335019000063 ], [ 69.116575457000067, 34.542335594000065 ], [ 69.115974958000038, 34.542336165000052 ], [ 69.115288787000054, 34.542407833000027 ], [ 69.114688341000033, 34.542408398000077 ], [ 69.11408784200006, 34.542408961000035 ], [ 69.113401572000043, 34.542409600000042 ], [ 69.11271535700007, 34.542410235000034 ], [ 69.112114911000049, 34.542410788000041 ], [ 69.111514357000033, 34.542411338000079 ], [ 69.110828236000032, 34.542482935000066 ], [ 69.110227829000053, 34.542554451000058 ], [ 69.109627569000054, 34.542696982000052 ], [ 69.109027345000072, 34.542910437000046 ], [ 69.108427117000076, 34.54312393400005 ], [ 69.107741262000047, 34.543408476000025 ], [ 69.107226890000049, 34.543692864000036 ], [ 69.106712569000081, 34.543977250000069 ], [ 69.106284107000079, 34.544332532000055 ], [ 69.105769725000073, 34.544616913000027 ], [ 69.105255394000039, 34.544901293000066 ], [ 69.104741059000048, 34.54518567100007 ], [ 69.104226666000045, 34.545470001000069 ], [ 69.103798097000038, 34.545754301000045 ], [ 69.103197891000036, 34.545967773000029 ], [ 69.10259762700008, 34.546181241000056 ], [ 69.101997446000041, 34.54646567900005 ], [ 69.101483004000045, 34.54667902500006 ], [ 69.10088273100007, 34.546892485000058 ], [ 69.10036828300008, 34.547105872000031 ], [ 69.099853833000054, 34.547319211000058 ], [ 69.09925346700004, 34.547461691000024 ], [ 69.098567377000052, 34.547604192000051 ], [ 69.097967006000033, 34.547746665000034 ], [ 69.097366468000075, 34.547747145000073 ], [ 69.096765819000041, 34.547605632000057 ], [ 69.096250731000055, 34.547322104000045 ], [ 69.095821475000037, 34.547038507000025 ], [ 69.09547791500006, 34.546683868000059 ], [ 69.094877197000073, 34.546471419000056 ], [ 69.094276508000064, 34.546329894000053 ], [ 69.093761490000077, 34.546046355000044 ], [ 69.09333214000003, 34.545762749000062 ], [ 69.09264571500006, 34.545550354000056 ], [ 69.092018249000034, 34.545380567000052 ], [ 69.09144441400008, 34.545267324000065 ], [ 69.090843662000054, 34.545054810000067 ], [ 69.090328740000075, 34.544842229000039 ], [ 69.089814224000065, 34.545055572000024 ], [ 69.089557361000061, 34.545481641000038 ], [ 69.089386291000039, 34.545978664000074 ], [ 69.089386823000041, 34.546475561000079 ], [ 69.089387354000053, 34.546972414000038 ], [ 69.089559490000056, 34.547469186000058 ], [ 69.089903050000032, 34.547894813000028 ], [ 69.090332421000028, 34.548249404000046 ], [ 69.090590288000044, 34.548746111000071 ], [ 69.090333418000057, 34.549172181000074 ], [ 69.089904729000068, 34.549456433000046 ], [ 69.089390238000078, 34.549669773000062 ], [ 69.088875744000063, 34.549883066000064 ], [ 69.088361193000082, 34.550096402000065 ], [ 69.087846694000064, 34.550309736000031 ], [ 69.087246286000038, 34.550452111000027 ], [ 69.086560077000058, 34.550523572000031 ], [ 69.086006402000066, 34.550592456000061 ], [ 69.08553035400007, 34.550311380000039 ], [ 69.08492958000005, 34.550098837000064 ], [ 69.084243032000074, 34.549886350000065 ], [ 69.083642391000069, 34.549744818000079 ], [ 69.083127458000035, 34.549532207000027 ], [ 69.08269811100007, 34.549177591000046 ], [ 69.082268891000069, 34.548893946000078 ], [ 69.081490819000066, 34.548638083000071 ], [ 69.080810192000058, 34.548610985000039 ], [ 69.080209770000067, 34.548682398000039 ], [ 69.07960922500007, 34.548682791000033 ], [ 69.079048515000068, 34.548970247000057 ], [ 69.078837796000073, 34.549393107000071 ], [ 69.078468130000033, 34.549782071000038 ], [ 69.078323941000065, 34.550316216000056 ], [ 69.078495965000059, 34.55081300300003 ], [ 69.07866804400004, 34.551309744000037 ], [ 69.078754292000042, 34.551806586000055 ], [ 69.078497298000059, 34.552232632000027 ], [ 69.078154454000071, 34.552587759000062 ], [ 69.077725761000067, 34.552871968000034 ], [ 69.077211283000054, 34.553156229000024 ], [ 69.076304994000054, 34.553306409000072 ], [ 69.075801935000072, 34.553570322000041 ], [ 69.075293284000054, 34.553861650000044 ], [ 69.074812634000068, 34.554081807000046 ], [ 69.074209512000039, 34.554293785000027 ], [ 69.07335829200008, 34.554615840000054 ], [ 69.072751488000051, 34.554862532000072 ], [ 69.072322764000035, 34.555146722000075 ], [ 69.071979882000051, 34.555501832000061 ], [ 69.071722842000042, 34.555927908000058 ], [ 69.071380009000052, 34.556283016000066 ], [ 69.070951279000042, 34.556638173000067 ], [ 69.070179465000081, 34.55706454400007 ], [ 69.069664935000048, 34.557348728000079 ], [ 69.069150398000033, 34.557561983000028 ], [ 69.068635695000069, 34.557775236000055 ], [ 69.068121098000063, 34.557988441000077 ], [ 69.067606556000044, 34.558272662000036 ], [ 69.066663024000036, 34.558628088000034 ], [ 69.066062688000045, 34.558983321000028 ], [ 69.065633920000039, 34.559267487000056 ], [ 69.065205150000054, 34.559551697000074 ], [ 69.064261593000083, 34.559836087000065 ], [ 69.063660967000033, 34.559836401000041 ], [ 69.063060396000083, 34.559836713000038 ], [ 69.062459611000065, 34.559624060000033 ], [ 69.062030407000066, 34.559340389000056 ], [ 69.061601152000037, 34.558985654000026 ], [ 69.061257689000058, 34.558630920000041 ], [ 69.060999911000067, 34.558134197000072 ], [ 69.060398942000063, 34.557566626000039 ], [ 69.060055489000035, 34.55721188800004 ], [ 69.059454478000077, 34.556644313000049 ], [ 69.059111033000079, 34.556289572000026 ], [ 69.058596177000084, 34.55607685800004 ], [ 69.057995524000034, 34.556077145000074 ], [ 69.057137518000047, 34.556077549000065 ], [ 69.056451189000029, 34.556077869000035 ], [ 69.055764759000056, 34.556007212000054 ], [ 69.055249858000082, 34.555794483000057 ], [ 69.054734914000051, 34.555510780000077 ], [ 69.054305656000054, 34.555156065000062 ], [ 69.053962293000041, 34.554801310000073 ], [ 69.053618879000055, 34.554446554000037 ], [ 69.053018157000054, 34.554233853000028 ], [ 69.052116929000078, 34.554022857000064 ], [ 69.051486971000031, 34.554025830000057 ], [ 69.050774497000077, 34.55411035700007 ], [ 69.049858674000063, 34.554363377000072 ], [ 69.048840931000029, 34.554616385000031 ], [ 69.047721334000073, 34.554701057000045 ], [ 69.046601641000052, 34.554617260000043 ], [ 69.045685469000034, 34.554365010000026 ], [ 69.044972949000055, 34.554281045000039 ], [ 69.044260421000047, 34.554281306000064 ], [ 69.043547991000082, 34.554365791000066 ], [ 69.042733754000039, 34.554450262000046 ], [ 69.042428649000044, 34.554955653000036 ], [ 69.042734486000029, 34.555881886000066 ], [ 69.043141922000075, 34.55638698100006 ], [ 69.043142270000033, 34.557060678000028 ], [ 69.043040851000058, 34.55781864000005 ], [ 69.043041155000083, 34.558408108000037 ], [ 69.043346837000058, 34.55899746800003 ], [ 69.04375423700003, 34.559502606000024 ], [ 69.044059938000032, 34.560007780000035 ], [ 69.044569196000054, 34.560681247000048 ], [ 69.044671369000071, 34.561354906000076 ], [ 69.044569870000032, 34.561944456000049 ], [ 69.044264748000046, 34.562449805000028 ], [ 69.043756001000077, 34.56287104300003 ], [ 69.04273814700008, 34.563039862000039 ], [ 69.042025556000056, 34.562955880000061 ], [ 69.041313050000042, 34.56304035200003 ], [ 69.04060065200008, 34.563461646000064 ], [ 69.040091921000055, 34.563967052000066 ], [ 69.039277666000032, 34.56421995900007 ], [ 69.038565185000039, 34.56438859900004 ], [ 69.037954503000037, 34.56464143200003 ], [ 69.037343985000064, 34.565146904000073 ], [ 69.036835187000065, 34.56556811300004 ], [ 69.036530005000031, 34.566073488000029 ], [ 69.036530263000031, 34.566662955000027 ], [ 69.036530520000042, 34.567252422000024 ], [ 69.036632545000032, 34.567841858000065 ], [ 69.037141733000055, 34.568262804000028 ], [ 69.037854664000065, 34.56876782300003 ], [ 69.038465539000072, 34.569104502000073 ], [ 69.039789131000077, 34.569440903000043 ], [ 69.04050182900005, 34.569524943000033 ], [ 69.041316299000073, 34.569608808000055 ], [ 69.042130812000039, 34.569776988000058 ], [ 69.042741766000063, 34.57011360100006 ], [ 69.043251173000044, 34.570871300000078 ], [ 69.043658827000058, 34.571544851000056 ], [ 69.044168196000044, 34.572302592000028 ], [ 69.044372109000051, 34.57289198400008 ], [ 69.044779583000036, 34.573397118000059 ], [ 69.045288891000041, 34.573902213000054 ], [ 69.04590008200006, 34.574491451000029 ], [ 69.046307674000047, 34.575080763000074 ], [ 69.046409778000054, 34.575670191000029 ], [ 69.046410386000048, 34.576764939000043 ], [ 69.046410714000046, 34.57735445000003 ], [ 69.046309262000079, 34.57794395500008 ], [ 69.046207800000047, 34.578617688000065 ], [ 69.046004501000084, 34.579291459000046 ], [ 69.04590336800004, 34.580470429000059 ], [ 69.045700255000042, 34.581396795000046 ], [ 69.045497, 34.582070610000073 ], [ 69.045192130000032, 34.583165471000029 ], [ 69.044988821000061, 34.58375501200004 ], [ 69.044785500000046, 34.584428781000042 ], [ 69.04458223000006, 34.585102549000055 ], [ 69.044480800000031, 34.585776280000061 ], [ 69.044277426000065, 34.586365819000036 ], [ 69.044175948000031, 34.586955321000062 ], [ 69.044074468000076, 34.587544868000066 ], [ 69.043871086000081, 34.588134406000052 ], [ 69.043667811000034, 34.588723944000037 ], [ 69.043566216000045, 34.589313490000052 ], [ 69.043668427000057, 34.589902918000064 ], [ 69.043770565000045, 34.590660759000059 ], [ 69.043770874000074, 34.591250268000067 ], [ 69.043873034000057, 34.591839696000079 ], [ 69.043873388000065, 34.592513389000032 ], [ 69.043771978000052, 34.593355531000043 ], [ 69.043568634000053, 34.593945068000039 ], [ 69.043059866000078, 34.594703170000059 ], [ 69.042550960000028, 34.595208584000034 ], [ 69.042317064000031, 34.597403431000032 ], [ 69.043807753000067, 34.599496938000073 ], [ 69.045596216000035, 34.601220802000057 ], [ 69.04649125800006, 34.60343763700007 ], [ 69.046492631000035, 34.605901181000036 ], [ 69.046494141000039, 34.608611052000072 ], [ 69.046644509000032, 34.611074492000057 ], [ 69.046645887000068, 34.613538078000033 ], [ 69.046679656000038, 34.615894111000046 ], [ 69.048287367000057, 34.618033414000024 ], [ 69.048831558000074, 34.61967240000007 ], [ 69.049017504000062, 34.619877125000073 ], [ 69.049513321000063, 34.620286612000029 ], [ 69.049885251000035, 34.62074737100005 ], [ 69.050257239000075, 34.621208083000056 ], [ 69.050505340000029, 34.621720068000059 ], [ 69.050753444000065, 34.62223209800004 ], [ 69.051187336000055, 34.622667170000057 ], [ 69.059696784000039, 34.621129025000073 ], [ 69.057282572000076, 34.626266113000042 ], [ 69.056645591000063, 34.627169924000043 ], [ 69.056282744000043, 34.629353528000024 ], [ 69.055554932000064, 34.630709085000035 ], [ 69.054728038000064, 34.630744809000078 ], [ 69.055441808000069, 34.634253430000058 ], [ 69.05601309900004, 34.634774544000038 ], [ 69.057250312000065, 34.636395538000045 ], [ 69.065306856000063, 34.637932166000041 ], [ 69.067219863000048, 34.63800642700005 ], [ 69.069861475000039, 34.637854342000026 ], [ 69.072775604000071, 34.636798572000032 ], [ 69.077510891000031, 34.635139277000064 ], [ 69.07975652600004, 34.633240356000044 ] ] ] ] } },
{ "type": "Feature", "properties": { "OBJECTID": 20, "OID_": 0, "SHAPE_LENG": 28182.9557618, "PD_NR": 18, "AREA_KM_2": 33.923272318099997, "QUARTER": "NE", "Area": 0.0, "Flood_Area": 0.0, "Flooded_Ur": 0.0, "Total_Dama": 0.0, "Damage_Red": 8008.18970094, "Area_1": 0.0, "نام_ن": "ناحیه هجده هم", "Shape_Le_1": 0.27365641086999998, "Shape_Area": 0.00333659771 }, "geometry": { "type": "MultiPolygon", "coordinates": [ [ [ [ 69.279384004000065, 34.646446894000064 ], [ 69.279622521000078, 34.645986433000076 ], [ 69.282702088000065, 34.640237120000052 ], [ 69.284620870000083, 34.636614254000051 ], [ 69.285857874000044, 34.634645449000061 ], [ 69.286796372000083, 34.633151858000076 ], [ 69.288835862000042, 34.630049516000042 ], [ 69.290022239000052, 34.628244734000077 ], [ 69.290549429000066, 34.627442775000077 ], [ 69.29082143200003, 34.626669919000051 ], [ 69.291373299000043, 34.624896168000078 ], [ 69.291601314000047, 34.622904729000027 ], [ 69.29159553900007, 34.621253644000035 ], [ 69.291595205000078, 34.620518771000036 ], [ 69.291589807000037, 34.618975269000032 ], [ 69.291452802000038, 34.617556484000033 ], [ 69.291448477000074, 34.616319320000059 ], [ 69.291464788000042, 34.614681843000028 ], [ 69.291032536000046, 34.61415721700007 ], [ 69.291029354000045, 34.613245552000024 ], [ 69.290999146000047, 34.611512279000067 ], [ 69.290984903000037, 34.611259765000057 ], [ 69.29095557800008, 34.611014140000066 ], [ 69.290889968000045, 34.610669314000063 ], [ 69.289817645000028, 34.606516741000064 ], [ 69.289215054000067, 34.604080203000024 ], [ 69.288687738000078, 34.602159853000046 ], [ 69.288621715000033, 34.601879911000026 ], [ 69.288558729000044, 34.601611143000071 ], [ 69.288485665000053, 34.601297490000036 ], [ 69.288431194000054, 34.601062159000037 ], [ 69.288369354000054, 34.600793208000027 ], [ 69.288272128000074, 34.600367247000065 ], [ 69.288144825000074, 34.59988467900007 ], [ 69.288020673000062, 34.599461352000048 ], [ 69.28793180100007, 34.599132360000056 ], [ 69.287875718000066, 34.598919036000041 ], [ 69.287801281000043, 34.598696107000023 ], [ 69.287723775000075, 34.59845266800005 ], [ 69.287643137000032, 34.598170505000041 ], [ 69.287556834000043, 34.597826897000061 ], [ 69.287496659000055, 34.597549014000037 ], [ 69.287054859000079, 34.595562622000045 ], [ 69.286956771000064, 34.59523103600003 ], [ 69.28685304000004, 34.594923134000055 ], [ 69.286758137000049, 34.594645377000063 ], [ 69.286690449000048, 34.594369225000037 ], [ 69.286615708000056, 34.59407171600003 ], [ 69.286509746000036, 34.593684732000042 ], [ 69.286135889000036, 34.591894317000026 ], [ 69.286032534000071, 34.591502953000031 ], [ 69.285903984000072, 34.591141812000046 ], [ 69.284961492000036, 34.589097830000071 ], [ 69.284768228000075, 34.588687421000031 ], [ 69.284609961000058, 34.588338477000036 ], [ 69.284512152000048, 34.588115509000033 ], [ 69.283609024000043, 34.586099650000051 ], [ 69.28301059000006, 34.584791082000038 ], [ 69.282722236000041, 34.584082213000045 ], [ 69.281990738000047, 34.582446458000049 ], [ 69.28159189400003, 34.581592245000024 ], [ 69.281281660000047, 34.580919810000069 ], [ 69.280970997000054, 34.580101779000074 ], [ 69.279639841000062, 34.57673899200006 ], [ 69.278708530000074, 34.574503252000056 ], [ 69.278017612000042, 34.572891140000024 ], [ 69.274516107000068, 34.570732165000038 ], [ 69.274220103000061, 34.570578712000042 ], [ 69.273846957000046, 34.57043819200004 ], [ 69.272534897000071, 34.569968718000041 ], [ 69.270772742000077, 34.569172108000032 ], [ 69.269605428000034, 34.568665262000025 ], [ 69.268041481000068, 34.567940950000036 ], [ 69.266213342000071, 34.567108030000043 ], [ 69.264924760000042, 34.56656993100006 ], [ 69.264531126000065, 34.566334737000034 ], [ 69.264267317000076, 34.566043845000024 ], [ 69.264111797000055, 34.565695543000061 ], [ 69.263750066000057, 34.558004599000071 ], [ 69.263548437000054, 34.557806231000029 ], [ 69.263193996000041, 34.557680021000067 ], [ 69.250460064000038, 34.557898848000036 ], [ 69.249776846000032, 34.558615876000033 ], [ 69.249057927000081, 34.55942721200006 ], [ 69.248493323000048, 34.560138806000055 ], [ 69.248072542000045, 34.560702749000029 ], [ 69.247916271000065, 34.560993809000024 ], [ 69.247792512000046, 34.56131257800007 ], [ 69.247718010000028, 34.561608432000071 ], [ 69.247679864000077, 34.561941772000068 ], [ 69.247618326000065, 34.563007561000063 ], [ 69.247591036000074, 34.56325232100005 ], [ 69.247531948000073, 34.563582231000055 ], [ 69.247449522000068, 34.563908717000061 ], [ 69.247381909000069, 34.564120914000057 ], [ 69.247306305000052, 34.564322079000078 ], [ 69.24721818200004, 34.564529087000039 ], [ 69.24646679600005, 34.56598255800003 ], [ 69.246005730000036, 34.566892824000035 ], [ 69.245630338000069, 34.567746102000058 ], [ 69.245341198000062, 34.568349224000031 ], [ 69.245197424000082, 34.568578527000057 ], [ 69.245001592000051, 34.568826511000054 ], [ 69.244788421000067, 34.56903552600005 ], [ 69.244500120000055, 34.569258398000045 ], [ 69.244210660000078, 34.569439474000035 ], [ 69.243914355000072, 34.56962886000008 ], [ 69.243598038000073, 34.569816255000035 ], [ 69.243263540000044, 34.569993991000047 ], [ 69.242949241000076, 34.570145399000069 ], [ 69.241301837000037, 34.570897481000031 ], [ 69.241065847000073, 34.570986639000068 ], [ 69.240745529000037, 34.571094857000048 ], [ 69.240461718000063, 34.571179194000024 ], [ 69.240178907000029, 34.571251534000055 ], [ 69.239835700000071, 34.571324489000062 ], [ 69.239505980000047, 34.57140548700005 ], [ 69.239136208000048, 34.571548607000068 ], [ 69.238844621000055, 34.571717139000043 ], [ 69.238648795000074, 34.571919076000029 ], [ 69.238506063000045, 34.572178488000077 ], [ 69.23845129700004, 34.57243285900006 ], [ 69.238382940000065, 34.572738479000066 ], [ 69.238276598000084, 34.573028572000055 ], [ 69.238140452000039, 34.573419409000053 ], [ 69.238095343000055, 34.573696712000071 ], [ 69.238915391000035, 34.574466513000061 ], [ 69.240093222000041, 34.575463041000035 ], [ 69.241107516000056, 34.576338407000037 ], [ 69.241827539000042, 34.576998410000044 ], [ 69.242171060000032, 34.577308175000042 ], [ 69.243463414000075, 34.578385424000032 ], [ 69.244903038000075, 34.57957040000008 ], [ 69.246636981000051, 34.580957174000048 ], [ 69.248240266000039, 34.582276734000061 ], [ 69.249794684000051, 34.583609899000066 ], [ 69.250302192000049, 34.584135242000059 ], [ 69.25069527200003, 34.584606844000064 ], [ 69.251268512000081, 34.585267093000027 ], [ 69.252480634000051, 34.586722355000063 ], [ 69.253021081000043, 34.587328645000071 ], [ 69.253823787000044, 34.588312332000044 ], [ 69.254544494000072, 34.589147703000037 ], [ 69.255117865000045, 34.589848423000035 ], [ 69.255871327000079, 34.59072420900003 ], [ 69.25636333500006, 34.591235805000053 ], [ 69.25660268300004, 34.591445242000077 ], [ 69.25688673600007, 34.591617294000059 ], [ 69.257165537000049, 34.591783360000079 ], [ 69.257401555000058, 34.591972601000066 ], [ 69.257628777000036, 34.592226250000067 ], [ 69.257806617000028, 34.592502998000043 ], [ 69.257911143000058, 34.592750862000059 ], [ 69.257976967000047, 34.593002010000077 ], [ 69.258001514000057, 34.593252524000036 ], [ 69.258086865000053, 34.59463394800008 ], [ 69.258179516000041, 34.595518734000052 ], [ 69.258263421000038, 34.595832518000066 ], [ 69.258476386000041, 34.596478749000028 ], [ 69.258470740000064, 34.59678600400008 ], [ 69.258367010000029, 34.597061318000044 ], [ 69.257186963000038, 34.599620235000032 ], [ 69.256685899000047, 34.601748276000023 ], [ 69.255791233000082, 34.601681799000062 ], [ 69.254138356000055, 34.601966479000055 ], [ 69.253032395000048, 34.602245450000055 ], [ 69.252337726000064, 34.602353301000051 ], [ 69.251255254000057, 34.602830557000061 ], [ 69.25080710900005, 34.602882386000033 ], [ 69.249282261000076, 34.603888808000079 ], [ 69.249339260000056, 34.604185114000074 ], [ 69.24902458300005, 34.604797086000076 ], [ 69.248613962000036, 34.605202291000069 ], [ 69.248023834000037, 34.605852652000067 ], [ 69.24775401200003, 34.60600217800004 ], [ 69.247407222000049, 34.606236989000024 ], [ 69.247098608000044, 34.606344026000045 ], [ 69.246729746000028, 34.606474091000052 ], [ 69.246571669000048, 34.606589886000052 ], [ 69.24606940700005, 34.606495129000052 ], [ 69.245760343000029, 34.606431904000033 ], [ 69.245386992000078, 34.606390046000058 ], [ 69.24477554200007, 34.606364671000051 ], [ 69.244292753000082, 34.606307112000025 ], [ 69.243867901000044, 34.606276083000068 ], [ 69.243494583000029, 34.606244860000061 ], [ 69.243092683000043, 34.608905789000062 ], [ 69.242925925000065, 34.609864193000078 ], [ 69.242824139000049, 34.610268807000068 ], [ 69.242322924000064, 34.613337183000056 ], [ 69.24224587100008, 34.613715821000028 ], [ 69.242222806000029, 34.613961561000053 ], [ 69.242231500000059, 34.614494733000072 ], [ 69.241924384000072, 34.615112578000037 ], [ 69.24037762200004, 34.617182918000026 ], [ 69.240138849000061, 34.619552096000064 ], [ 69.239081034000037, 34.621787475000076 ], [ 69.239251376000084, 34.624088168000071 ], [ 69.239012304000028, 34.62638961600004 ], [ 69.238281933000053, 34.628624435000063 ], [ 69.237551413000062, 34.630859159000067 ], [ 69.236698115000081, 34.633094161000031 ], [ 69.236663683000074, 34.635395249000055 ], [ 69.23642475500003, 34.63776441400006 ], [ 69.236267510000062, 34.640065739000079 ], [ 69.236192147000054, 34.642366859000049 ], [ 69.23897667500006, 34.642496794000067 ], [ 69.241761211000039, 34.64262666500008 ], [ 69.244544708000035, 34.64241807600007 ], [ 69.246351431000051, 34.644174066000062 ], [ 69.248811298000078, 34.645251901000051 ], [ 69.251596349000067, 34.645516860000043 ], [ 69.254137396000033, 34.646343270000045 ], [ 69.256921720000037, 34.646337436000067 ], [ 69.259119720000058, 34.646849693000036 ], [ 69.260302587000069, 34.646136290000072 ], [ 69.261778161000052, 34.645393887000068 ], [ 69.263450953000074, 34.64551879000004 ], [ 69.265163210000082, 34.645836523000071 ], [ 69.266600041000061, 34.645158443000071 ], [ 69.26756871300006, 34.644031289000054 ], [ 69.269202483000072, 34.644124141000077 ], [ 69.27079599700005, 34.643799213000079 ], [ 69.272271700000033, 34.64312093500007 ], [ 69.273828766000065, 34.643567444000041 ], [ 69.275231208000037, 34.644271428000025 ], [ 69.276556408000033, 34.645136271000069 ], [ 69.277765200000033, 34.646097766000025 ], [ 69.279384004000065, 34.646446894000064 ] ] ] ] } },
{ "type": "Feature", "properties": { "OBJECTID": 21, "OID_": 0, "SHAPE_LENG": 52846.506116199998, "PD_NR": 14, "AREA_KM_2": 127.57109382, "QUARTER": "NW", "Area": 0.0, "Flood_Area": 0.0, "Flooded_Ur": 0.0, "Total_Dama": 0.0, "Damage_Red": 9275.4554701100005, "Area_1": 0.0, "نام_ن": "ناحیه چهاردهم", "Shape_Le_1": 0.53001848756000003, "Shape_Area": 0.01254131884 }, "geometry": { "type": "MultiPolygon", "coordinates": [ [ [ [ 69.013812297000072, 34.627505905000078 ], [ 69.013690289000067, 34.626930706000053 ], [ 69.013559709000049, 34.625960655000029 ], [ 69.013559551000071, 34.62499054400007 ], [ 69.013559402000055, 34.62407431500003 ], [ 69.013754859000073, 34.623211992000051 ], [ 69.013950357000056, 34.622619126000075 ], [ 69.014145807000034, 34.622080143000062 ], [ 69.014667221000082, 34.621002204000035 ], [ 69.014927896000074, 34.620463212000061 ], [ 69.015299407000043, 34.619974931000058 ], [ 69.015644793000035, 34.619223552000051 ], [ 69.015905456000041, 34.618684557000051 ], [ 69.016166105000082, 34.618091724000067 ], [ 69.016752643000075, 34.617283180000072 ], [ 69.017078534000063, 34.61679805600005 ], [ 69.017600014000038, 34.61636683100005 ], [ 69.018056192000074, 34.615881731000059 ], [ 69.018381961000046, 34.615396603000079 ], [ 69.01857747400004, 34.614857657000073 ], [ 69.018707702000029, 34.614318676000039 ], [ 69.018726009000034, 34.613993618000052 ], [ 69.018624074000058, 34.613740994000068 ], [ 69.018522011000073, 34.613151547000029 ], [ 69.018521880000037, 34.612562085000036 ], [ 69.018521730000032, 34.611888394000061 ], [ 69.018521599000053, 34.611298886000043 ], [ 69.018521468000074, 34.61070942300006 ], [ 69.018419573000074, 34.610119976000078 ], [ 69.01821573400008, 34.609446315000071 ], [ 69.018011861000048, 34.608856882000055 ], [ 69.017909899000074, 34.608183206000035 ], [ 69.017706123000039, 34.607509544000038 ], [ 69.017400407000082, 34.607004308000057 ], [ 69.016992880000032, 34.606499086000042 ], [ 69.016381713000044, 34.605909706000034 ], [ 69.01607606500005, 34.605404467000028 ], [ 69.015872272000081, 34.604815030000054 ], [ 69.015566632000059, 34.604309834000048 ], [ 69.015057333000073, 34.603888801000039 ], [ 69.015770230000044, 34.603888711000025 ], [ 69.016381267000042, 34.603636036000069 ], [ 69.017399651000062, 34.60338325500004 ], [ 69.018112544000076, 34.603130511000074 ], [ 69.01882536100004, 34.603046174000042 ], [ 69.019436382000038, 34.602793438000049 ], [ 69.020149209000067, 34.602540773000044 ], [ 69.020963896000069, 34.602287950000061 ], [ 69.021676670000033, 34.60186677400003 ], [ 69.022287606000077, 34.601361383000039 ], [ 69.022796673000073, 34.60085600900004 ], [ 69.023102065000046, 34.600350716000037 ], [ 69.023509260000083, 34.599845358000039 ], [ 69.024018334000061, 34.599424207000027 ], [ 69.024629313000048, 34.599171445000025 ], [ 69.025138377000076, 34.598750289000066 ], [ 69.025647437000032, 34.598329131000071 ], [ 69.026054661000046, 34.597823764000054 ], [ 69.026665459000071, 34.597234168000057 ], [ 69.02727638600004, 34.596897209000076 ], [ 69.027989167000044, 34.596728590000055 ], [ 69.028803803000073, 34.59655998900007 ], [ 69.029516602000058, 34.596307178000075 ], [ 69.030127542000059, 34.596054434000052 ], [ 69.030738423000059, 34.595801686000073 ], [ 69.031451251000078, 34.595801504000065 ], [ 69.032265935000055, 34.595801292000033 ], [ 69.03308058600004, 34.595716800000048 ], [ 69.033793379000031, 34.595632376000026 ], [ 69.034506260000057, 34.595632177000027 ], [ 69.035320888000058, 34.595631943000058 ], [ 69.035989592000078, 34.595607354000038 ], [ 69.036746596000057, 34.595631522000076 ], [ 69.038070448000042, 34.595631117000039 ], [ 69.038783275000071, 34.595630892000031 ], [ 69.039496156000041, 34.595630664000055 ], [ 69.040412640000056, 34.595630363000055 ], [ 69.041227281000033, 34.595545908000076 ], [ 69.041940064000073, 34.595461436000051 ], [ 69.042550960000028, 34.595208584000034 ], [ 69.043059866000078, 34.594703170000059 ], [ 69.043568634000053, 34.593945068000039 ], [ 69.043771978000052, 34.593355531000043 ], [ 69.043873388000065, 34.592513389000032 ], [ 69.043873034000057, 34.591839696000079 ], [ 69.043770874000074, 34.591250268000067 ], [ 69.043770565000045, 34.590660759000059 ], [ 69.043668427000057, 34.589902918000064 ], [ 69.043566216000045, 34.589313490000052 ], [ 69.043667811000034, 34.588723944000037 ], [ 69.043871086000081, 34.588134406000052 ], [ 69.044074468000076, 34.587544868000066 ], [ 69.044175948000031, 34.586955321000062 ], [ 69.044277426000065, 34.586365819000036 ], [ 69.044480800000031, 34.585776280000061 ], [ 69.04458223000006, 34.585102549000055 ], [ 69.044785500000046, 34.584428781000042 ], [ 69.044988821000061, 34.58375501200004 ], [ 69.045192130000032, 34.583165471000029 ], [ 69.045497, 34.582070610000073 ], [ 69.045700255000042, 34.581396795000046 ], [ 69.04590336800004, 34.580470429000059 ], [ 69.046004501000084, 34.579291459000046 ], [ 69.046207800000047, 34.578617688000065 ], [ 69.046309262000079, 34.57794395500008 ], [ 69.046410714000046, 34.57735445000003 ], [ 69.046410386000048, 34.576764939000043 ], [ 69.046409778000054, 34.575670191000029 ], [ 69.046307674000047, 34.575080763000074 ], [ 69.04590008200006, 34.574491451000029 ], [ 69.045288891000041, 34.573902213000054 ], [ 69.044779583000036, 34.573397118000059 ], [ 69.044372109000051, 34.57289198400008 ], [ 69.044168196000044, 34.572302592000028 ], [ 69.043658827000058, 34.571544851000056 ], [ 69.043251173000044, 34.570871300000078 ], [ 69.042741766000063, 34.57011360100006 ], [ 69.042130812000039, 34.569776988000058 ], [ 69.041316299000073, 34.569608808000055 ], [ 69.04050182900005, 34.569524943000033 ], [ 69.039789131000077, 34.569440903000043 ], [ 69.038465539000072, 34.569104502000073 ], [ 69.037854664000065, 34.56876782300003 ], [ 69.037141733000055, 34.568262804000028 ], [ 69.036632545000032, 34.567841858000065 ], [ 69.036530520000042, 34.567252422000024 ], [ 69.036530263000031, 34.566662955000027 ], [ 69.036530005000031, 34.566073488000029 ], [ 69.036835187000065, 34.56556811300004 ], [ 69.037343985000064, 34.565146904000073 ], [ 69.037954503000037, 34.56464143200003 ], [ 69.038565185000039, 34.56438859900004 ], [ 69.039277666000032, 34.56421995900007 ], [ 69.040091921000055, 34.563967052000066 ], [ 69.04060065200008, 34.563461646000064 ], [ 69.041313050000042, 34.56304035200003 ], [ 69.042025556000056, 34.562955880000061 ], [ 69.04273814700008, 34.563039862000039 ], [ 69.043756001000077, 34.56287104300003 ], [ 69.044264748000046, 34.562449805000028 ], [ 69.044569870000032, 34.561944456000049 ], [ 69.044671369000071, 34.561354906000076 ], [ 69.044569196000054, 34.560681247000048 ], [ 69.044059938000032, 34.560007780000035 ], [ 69.04375423700003, 34.559502606000024 ], [ 69.043346837000058, 34.55899746800003 ], [ 69.043041155000083, 34.558408108000037 ], [ 69.043040851000058, 34.55781864000005 ], [ 69.043142270000033, 34.557060678000028 ], [ 69.043141922000075, 34.55638698100006 ], [ 69.042734486000029, 34.555881886000066 ], [ 69.042428649000044, 34.554955653000036 ], [ 69.042733754000039, 34.554450262000046 ], [ 69.043547991000082, 34.554365791000066 ], [ 69.044260421000047, 34.554281306000064 ], [ 69.044972949000055, 34.554281045000039 ], [ 69.045685469000034, 34.554365010000026 ], [ 69.046601641000052, 34.554617260000043 ], [ 69.047721334000073, 34.554701057000045 ], [ 69.048840931000029, 34.554616385000031 ], [ 69.049858674000063, 34.554363377000072 ], [ 69.050774497000077, 34.55411035700007 ], [ 69.051486971000031, 34.554025830000057 ], [ 69.052116929000078, 34.554022857000064 ], [ 69.051902514000062, 34.553737481000041 ], [ 69.051730643000042, 34.553240656000071 ], [ 69.051472982000064, 34.552814885000032 ], [ 69.051215324000054, 34.552389068000025 ], [ 69.050871932000064, 34.552034304000074 ], [ 69.050442677000035, 34.551537630000041 ], [ 69.050013384000067, 34.550969936000058 ], [ 69.049498361000076, 34.55047324800006 ], [ 69.04915498400004, 34.550118479000048 ], [ 69.048811664000084, 34.549763710000036 ], [ 69.048210852000068, 34.549409041000047 ], [ 69.047781748000034, 34.549125274000062 ], [ 69.047266830000069, 34.548770567000076 ], [ 69.046757452000065, 34.548375319000058 ], [ 69.046065361000046, 34.547990193000032 ], [ 69.045464743000082, 34.547848473000045 ], [ 69.044949919000032, 34.547635701000047 ], [ 69.044435043000078, 34.547422926000024 ], [ 69.043834338000067, 34.546997263000037 ], [ 69.043490999000028, 34.546642478000024 ], [ 69.043061852000051, 34.546216750000042 ], [ 69.042632746000038, 34.545861992000027 ], [ 69.042031989000066, 34.545294330000047 ], [ 69.04168857500008, 34.544868522000058 ], [ 69.041430991000084, 34.544442729000025 ], [ 69.041087693000065, 34.544016965000026 ], [ 69.040658310000083, 34.543165302000034 ], [ 69.04048632100006, 34.54224258000005 ], [ 69.040400242000032, 34.541603765000048 ], [ 69.040314165000041, 34.540964950000046 ], [ 69.040399591000039, 34.540255105000028 ], [ 69.040570886000069, 34.539758150000068 ], [ 69.040913802000034, 34.539332154000078 ], [ 69.041342306000047, 34.538551176000055 ], [ 69.041599447000067, 34.538125207000064 ], [ 69.041856480000035, 34.537486275000049 ], [ 69.042113525000048, 34.536989288000029 ], [ 69.042370622000078, 34.536492300000077 ], [ 69.04262764300006, 34.535853367000072 ], [ 69.042884715000071, 34.535427395000056 ], [ 69.043227455000078, 34.534717458000046 ], [ 69.04339877700005, 34.534220498000025 ], [ 69.043569987000069, 34.53372358300004 ], [ 69.04374135900008, 34.533226622000029 ], [ 69.043826860000081, 34.532729783000036 ], [ 69.043998119000037, 34.532232777000047 ], [ 69.043654803000038, 34.531807019000041 ], [ 69.04326554000005, 34.531448280000063 ], [ 69.042625256000065, 34.531168538000031 ], [ 69.042121202000033, 34.530810196000061 ], [ 69.041509947000065, 34.53060105000003 ], [ 69.04108096200008, 34.530317259000071 ], [ 69.040673672000082, 34.52997571800006 ], [ 69.040547170000082, 34.529915950000031 ], [ 69.040312162000077, 34.529643890000045 ], [ 69.040033965000077, 34.529730706000066 ], [ 69.039892922000035, 34.529614568000056 ], [ 69.039365885000052, 34.528983995000033 ], [ 69.039021773000059, 34.528756308000027 ], [ 69.038421142000061, 34.52825959900008 ], [ 69.037992093000071, 34.527904824000075 ], [ 69.037648816000058, 34.527337058000057 ], [ 69.036910649000049, 34.526872747000027 ], [ 69.037145242000065, 34.526250646000051 ], [ 69.037466609000035, 34.525760102000049 ], [ 69.038073343000065, 34.525093026000036 ], [ 69.038506700000028, 34.52457552900006 ], [ 69.039146022000068, 34.524093851000032 ], [ 69.039962827000068, 34.523787187000039 ], [ 69.040305647000082, 34.523290219000046 ], [ 69.040734144000055, 34.522651186000076 ], [ 69.04107702400006, 34.522296162000032 ], [ 69.041419847000043, 34.521941137000056 ], [ 69.041960790000076, 34.521665809000069 ], [ 69.042751028000055, 34.521295475000045 ], [ 69.043038284000033, 34.520857227000079 ], [ 69.043559314000049, 34.520655757000043 ], [ 69.044068565000032, 34.520435442000064 ], [ 69.044536887000049, 34.520086946000049 ], [ 69.043960371000082, 34.519914141000072 ], [ 69.043432514000074, 34.519757730000038 ], [ 69.04295694800004, 34.519689450000044 ], [ 69.042398641000034, 34.519638287000078 ], [ 69.042047109000066, 34.519655498000077 ], [ 69.041695648000029, 34.519707022000034 ], [ 69.041075393000028, 34.519861217000027 ], [ 69.040269112000033, 34.520049739000058 ], [ 69.039545445000044, 34.520186916000057 ], [ 69.039028525000049, 34.520221351000032 ], [ 69.038366857000028, 34.520135934000052 ], [ 69.037622401000078, 34.51996500100006 ], [ 69.036671110000043, 34.519571693000046 ], [ 69.035719780000079, 34.519195422000053 ], [ 69.034830508000084, 34.518819170000029 ], [ 69.034044695000034, 34.518579825000074 ], [ 69.033320908000064, 34.518408860000079 ], [ 69.032411108000076, 34.51828929800007 ], [ 69.029619669000056, 34.518067529000064 ], [ 69.026745550000044, 34.517845714000032 ], [ 69.025897780000037, 34.517794539000079 ], [ 69.024988048000068, 34.517846086000077 ], [ 69.023830192000048, 34.517948989000047 ], [ 69.022258846000057, 34.518205988000034 ], [ 69.021080285000039, 34.518326003000027 ], [ 69.019943051000041, 34.518377552000061 ], [ 69.018743796000081, 34.518309294000062 ], [ 69.017523870000048, 34.518121222000048 ], [ 69.016573728000083, 34.517720948000033 ], [ 69.015776933000041, 34.518998881000073 ], [ 69.015981499000077, 34.519887098000027 ], [ 69.015981596000074, 34.520394549000059 ], [ 69.015266227000041, 34.520563866000032 ], [ 69.014550944000064, 34.521240676000048 ], [ 69.014346716000034, 34.522255783000048 ], [ 69.014346774000046, 34.522594144000038 ], [ 69.013529345000052, 34.523778501000038 ], [ 69.01342726300004, 34.524539824000044 ], [ 69.01291631600003, 34.525047465000057 ], [ 69.011485511000046, 34.525978101000078 ], [ 69.010156905000031, 34.526654940000071 ], [ 69.009032649000062, 34.526908799000068 ], [ 69.008623844000056, 34.527162599000064 ], [ 69.007192987000053, 34.527839413000038 ], [ 69.005659898000033, 34.528516215000025 ], [ 69.004228940000075, 34.529192994000027 ], [ 69.003002448000075, 34.530208112000025 ], [ 69.001367064000078, 34.530631092000078 ], [ 68.99973166400008, 34.531054095000059 ], [ 68.998300614000073, 34.531730805000052 ], [ 68.996767385000055, 34.532322905000058 ], [ 68.995555917000047, 34.53309409700006 ], [ 68.994211922000034, 34.533760842000049 ], [ 68.992576502000077, 34.533929934000071 ], [ 68.990866443000073, 34.53396417700003 ], [ 68.989203228000065, 34.534098862000064 ], [ 68.98756774800006, 34.534183297000027 ], [ 68.98582999100006, 34.534606058000065 ], [ 68.984705416000054, 34.535621003000074 ], [ 68.983478555000033, 34.536551334000023 ], [ 68.981842967000034, 34.536889507000069 ], [ 68.980513909000081, 34.537735203000068 ], [ 68.978980443000069, 34.538327079000055 ], [ 68.977344825000046, 34.538580556000056 ], [ 68.975709266000081, 34.53841106200008 ], [ 68.974073741000041, 34.53832613600008 ], [ 68.972438192000084, 34.538325777000068 ], [ 68.970802731000049, 34.538071627000079 ], [ 68.969167195000068, 34.537902045000067 ], [ 68.967531686000029, 34.537816986000053 ], [ 68.965896216000033, 34.53764740500003 ], [ 68.964363154000068, 34.537054837000028 ], [ 68.96272778000008, 34.536715989000072 ], [ 68.961092287000042, 34.536546254000029 ], [ 68.959417078000058, 34.536602613000071 ], [ 68.95771903900004, 34.536545133000061 ], [ 68.955981350000059, 34.536459929000046 ], [ 68.954345875000058, 34.536290148000035 ], [ 68.952710366000076, 34.536289526000076 ], [ 68.951075010000068, 34.536119701000075 ], [ 68.949439246000054, 34.53645739500007 ], [ 68.947803943000054, 34.536033757000041 ], [ 68.946168657000044, 34.535694732000024 ], [ 68.94443110900005, 34.535440139000059 ], [ 68.942795556000078, 34.535608564000029 ], [ 68.941159654000046, 34.536030737000033 ], [ 68.939524089000031, 34.536114528000041 ], [ 68.93890979300005, 34.537383118000037 ], [ 68.938499970000066, 34.538736352000058 ], [ 68.937987730000032, 34.540258713000071 ], [ 68.937373434000051, 34.541527249000069 ], [ 68.935941756000034, 34.542203226000026 ], [ 68.934407707000048, 34.54296376700006 ], [ 68.933895500000062, 34.544316929000047 ], [ 68.933894429000077, 34.545670367000071 ], [ 68.933791072000076, 34.547023750000051 ], [ 68.933687821000035, 34.548377132000041 ], [ 68.932868952000035, 34.549617396000031 ], [ 68.932664322000051, 34.549814644000037 ], [ 68.93143672900004, 34.550744449000035 ], [ 68.930106941000076, 34.551589594000063 ], [ 68.92908355700007, 34.552773261000027 ], [ 68.927651472000036, 34.553618319000066 ], [ 68.92611723300007, 34.554209619000062 ], [ 68.925093814000036, 34.555393207000066 ], [ 68.925399334000076, 34.556746830000066 ], [ 68.925704864000068, 34.558100452000076 ], [ 68.925805908000029, 34.55945399400008 ], [ 68.925804631000062, 34.56089201900005 ], [ 68.925292099000046, 34.562329731000034 ], [ 68.924779625000042, 34.563682895000056 ], [ 68.923653917000081, 34.564697227000067 ], [ 68.923141401000066, 34.56605038500004 ], [ 68.922833384000057, 34.567403669000043 ], [ 68.921605423000074, 34.568333327000062 ], [ 68.920377435000034, 34.569263018000072 ], [ 68.919149283000081, 34.570277285000031 ], [ 68.918432218000078, 34.571545697000033 ], [ 68.918328632000055, 34.572899060000054 ], [ 68.918225043000064, 34.574252468000054 ], [ 68.917507930000056, 34.575520782000069 ], [ 68.916893064000078, 34.576789207000047 ], [ 68.915971453000054, 34.577972919000047 ], [ 68.914845445000083, 34.578987122000058 ], [ 68.914434972000038, 34.580340311000043 ], [ 68.913206673000047, 34.581269927000051 ], [ 68.911467920000064, 34.581353267000054 ], [ 68.910648458000082, 34.582536922000031 ], [ 68.910442364000062, 34.583974835000049 ], [ 68.909111834000043, 34.58481979000004 ], [ 68.907578405000038, 34.584141878000025 ], [ 68.905942478000043, 34.58363309300006 ], [ 68.90430565500003, 34.583970178000072 ], [ 68.902975064000032, 34.584815066000033 ], [ 68.902973491000068, 34.58616844900007 ], [ 68.903074200000049, 34.587521958000025 ], [ 68.90266349400008, 34.588875104000067 ], [ 68.902048304000061, 34.590143451000074 ], [ 68.901330808000068, 34.591411712000024 ], [ 68.900817766000046, 34.592764724000062 ], [ 68.899997939000059, 34.594032893000076 ], [ 68.899382616000082, 34.595301271000039 ], [ 68.900609059000033, 34.596232757000053 ], [ 68.901937670000052, 34.597248902000047 ], [ 68.903266312000028, 34.598265032000029 ], [ 68.90453292400008, 34.59928984700008 ], [ 68.905243048000045, 34.60054408700006 ], [ 68.905980931000045, 34.601767187000064 ], [ 68.906965376000073, 34.602888657000051 ], [ 68.907949623000036, 34.604213836000042 ], [ 68.908810767000034, 34.605437056000028 ], [ 68.909302196000056, 34.606761854000069 ], [ 68.909670447000053, 34.60808660400005 ], [ 68.910284992000072, 34.609513392000053 ], [ 68.911146279000036, 34.610736640000027 ], [ 68.911884231000045, 34.612061561000075 ], [ 68.912622206000037, 34.613386522000042 ], [ 68.913230985000041, 34.614779293000026 ], [ 68.913235249000081, 34.616341485000078 ], [ 68.913110612000082, 34.617767730000025 ], [ 68.912616227000058, 34.619091851000064 ], [ 68.912368253000068, 34.620518005000065 ], [ 68.912120270000059, 34.62194411400003 ], [ 68.911995495000042, 34.623370356000066 ], [ 68.911624387000074, 34.62469456000008 ], [ 68.911253104000082, 34.626120577000052 ], [ 68.911005085000056, 34.627546727000038 ], [ 68.910510664000071, 34.628870837000079 ], [ 68.909769608000033, 34.63029662100007 ], [ 68.908905575000063, 34.631518502000063 ], [ 68.909027192000053, 34.632944922000036 ], [ 68.909272044000033, 34.634473382000067 ], [ 68.909886940000035, 34.635798218000048 ], [ 68.910871839000038, 34.636919606000049 ], [ 68.912103402000071, 34.637939306000078 ], [ 68.91284171500007, 34.639162357000032 ], [ 68.913703292000037, 34.640385582000079 ], [ 68.914688296000065, 34.641506938000077 ], [ 68.915919919000032, 34.642526599000064 ], [ 68.917028279000078, 34.643648066000026 ], [ 68.918136770000046, 34.644667620000064 ], [ 68.919368537000082, 34.645687200000054 ], [ 68.920353680000062, 34.646808555000064 ], [ 68.920722227000056, 34.648133218000055 ], [ 68.921584012000039, 34.649356340000054 ], [ 68.92244587700003, 34.65057945600006 ], [ 68.923677784000063, 34.65159903700004 ], [ 68.92528001200003, 34.652109408000058 ], [ 68.926018644000067, 34.653332423000052 ], [ 68.927497481000046, 34.654046496000035 ], [ 68.929223476000061, 34.654047510000055 ], [ 68.930949579000071, 34.654048499000055 ], [ 68.932798973000047, 34.653947630000062 ], [ 68.93452534100004, 34.653541048000079 ], [ 68.936128455000073, 34.653032564000057 ], [ 68.937731604000078, 34.652523924000036 ], [ 68.939211588000035, 34.651709628000049 ], [ 68.940937878000057, 34.651302954000073 ], [ 68.942664432000072, 34.650488780000046 ], [ 68.944021131000056, 34.649674368000035 ], [ 68.945377749000045, 34.648859939000033 ], [ 68.946487977000061, 34.647739724000076 ], [ 68.947721415000046, 34.646721410000055 ], [ 68.948954824000054, 34.645703173000072 ], [ 68.950434632000054, 34.644888784000045 ], [ 68.951791169000046, 34.643972381000026 ], [ 68.953270918000044, 34.643157913000039 ], [ 68.954873717000055, 34.642750995000029 ], [ 68.956476500000065, 34.64224219700003 ], [ 68.957832927000084, 34.641325726000048 ], [ 68.95894289000006, 34.640307299000028 ], [ 68.960052875000031, 34.639186959000028 ], [ 68.96099487500004, 34.638030798000045 ], [ 68.961533157000076, 34.636742345000073 ], [ 68.962519817000043, 34.635520130000032 ], [ 68.963999268000066, 34.63480738800007 ], [ 68.965355448000082, 34.633992735000049 ], [ 68.966834807000055, 34.633381908000047 ], [ 68.968560468000078, 34.633280461000027 ], [ 68.970162911000045, 34.632975199000043 ], [ 68.971888697000054, 34.632466228000055 ], [ 68.973491200000069, 34.632059064000032 ], [ 68.975093663000052, 34.631549976000031 ], [ 68.976696163000042, 34.630837150000048 ], [ 68.978298611000071, 34.630429923000065 ], [ 68.980024221000065, 34.630226456000059 ], [ 68.981749768000043, 34.63002296500008 ], [ 68.983475402000067, 34.629615688000058 ], [ 68.98507783000008, 34.629004610000038 ], [ 68.986680185000068, 34.628699176000055 ], [ 68.988159254000038, 34.627986140000075 ], [ 68.990008, 34.627884447000042 ], [ 68.991733488000079, 34.628088338000055 ], [ 68.993335699000056, 34.628394056000047 ], [ 68.995061206000059, 34.628597899000056 ], [ 68.996663480000052, 34.629209238000044 ], [ 68.998389004000046, 34.629820558000063 ], [ 68.999991218000048, 34.630329995000068 ], [ 69.001716842000064, 34.630839364000053 ], [ 69.003319150000038, 34.631348712000033 ], [ 69.005044730000066, 34.631348653000032 ], [ 69.00664699500004, 34.630941053000072 ], [ 69.008249308000075, 34.630635336000068 ], [ 69.00972829300008, 34.630023942000037 ], [ 69.011330482000062, 34.629412519000027 ], [ 69.01268611200004, 34.628597340000056 ], [ 69.013812297000072, 34.627505905000078 ] ] ] ] } },
{ "type": "Feature", "properties": { "OBJECTID": 22, "OID_": 0, "SHAPE_LENG": 57020.239655500001, "PD_NR": 19, "AREA_KM_2": 141.42873566200001, "QUARTER": "NE", "Area": 0.0, "Flood_Area": 0.0, "Flooded_Ur": 0.0, "Total_Dama": 0.0, "Damage_Red": 220.945197974, "Area_1": 0.0, "نام_ن": "ناحیه نوزدهم", "Shape_Le_1": 0.57155258031, "Shape_Area": 0.01390855521 }, "geometry": { "type": "MultiPolygon", "coordinates": [ [ [ [ 69.30394756100003, 34.650330869000072 ], [ 69.306415257000083, 34.650586529000066 ], [ 69.308292997000081, 34.650875239000072 ], [ 69.309764869000048, 34.651122973000042 ], [ 69.31138949700005, 34.65153798800003 ], [ 69.312913235000053, 34.652078994000078 ], [ 69.314386670000033, 34.652745866000032 ], [ 69.316060719000063, 34.652783472000067 ], [ 69.317783964000057, 34.652443617000074 ], [ 69.319457149000073, 34.652271602000042 ], [ 69.321181879000051, 34.652309005000063 ], [ 69.32285521600005, 34.652178786000036 ], [ 69.324579945000039, 34.652216096000075 ], [ 69.326253275000056, 34.652085966000072 ], [ 69.327976793000062, 34.651829833000079 ], [ 69.328925737000077, 34.651632174000042 ], [ 69.330518307000034, 34.65092753700003 ], [ 69.332584300000065, 34.649147511000024 ], [ 69.334502431000033, 34.647429088000024 ], [ 69.336866678000035, 34.646198894000065 ], [ 69.339677006000045, 34.645456860000024 ], [ 69.341835074000073, 34.64391241900006 ], [ 69.34336460600008, 34.642020132000027 ], [ 69.344540467000058, 34.639936472000045 ], [ 69.346012948000066, 34.637974378000024 ], [ 69.348373174000074, 34.635887360000027 ], [ 69.351034998000046, 34.635145489000024 ], [ 69.354140408000035, 34.634279899000035 ], [ 69.357253855000067, 34.633942386000058 ], [ 69.360062395000057, 34.634262560000025 ], [ 69.362875308000071, 34.634254224000074 ], [ 69.365542316000074, 34.63473575200004 ], [ 69.36835638000008, 34.634972032000064 ], [ 69.371468146000041, 34.635574460000043 ], [ 69.374578856000028, 34.635932065000077 ], [ 69.37593681900006, 34.635699012000032 ], [ 69.376575949000028, 34.635528631000057 ], [ 69.377344373000028, 34.635420341000042 ], [ 69.378113331000066, 34.635417959000051 ], [ 69.378840873000058, 34.635389324000073 ], [ 69.379521602000068, 34.635095749000072 ], [ 69.380418698000028, 34.635092954000072 ], [ 69.381189052000082, 34.635408385000062 ], [ 69.381958009000073, 34.63540598000003 ], [ 69.38285413400007, 34.635191294000037 ], [ 69.383851424000056, 34.634983318000025 ], [ 69.384647782000059, 34.635079690000055 ], [ 69.385289575000058, 34.635289585000066 ], [ 69.385931807000077, 34.635605301000055 ], [ 69.38670120300003, 34.635708824000062 ], [ 69.387470655000072, 34.63581229700003 ], [ 69.388112405000072, 34.636022088000061 ], [ 69.388881368000057, 34.63601963800005 ], [ 69.38952312400005, 34.636229466000032 ], [ 69.389910084000064, 34.636757851000027 ], [ 69.390424697000071, 34.637179911000032 ], [ 69.391066466000041, 34.637389731000042 ], [ 69.391835386000082, 34.637387263000051 ], [ 69.392604805000076, 34.637490704000072 ], [ 69.393373835000034, 34.637488226000073 ], [ 69.39427145600007, 34.637591243000031 ], [ 69.394913237000083, 34.637801042000035 ], [ 69.395555022000053, 34.638010793000035 ], [ 69.396324506000042, 34.638114255000062 ], [ 69.397222137000028, 34.638217250000025 ], [ 69.397992076000037, 34.638426570000036 ], [ 69.398633927000049, 34.638636349000024 ], [ 69.39940285800003, 34.638633834000075 ], [ 69.400042625000083, 34.638419861000045 ], [ 69.40068244400004, 34.638205931000073 ], [ 69.401322205000042, 34.63799195100006 ], [ 69.402090673000032, 34.637883505000048 ], [ 69.402858572000071, 34.63766914100006 ], [ 69.40324049700007, 34.637138212000025 ], [ 69.403494165000041, 34.636607752000032 ], [ 69.403875622000044, 34.635970907000058 ], [ 69.404257532000031, 34.635440021000079 ], [ 69.404510729000037, 34.634803644000044 ], [ 69.404763462000062, 34.634061354000039 ], [ 69.405017165000061, 34.633530800000074 ], [ 69.405270920000078, 34.633000335000077 ], [ 69.40552467200007, 34.632469870000079 ], [ 69.405649715000038, 34.631833873000062 ], [ 69.40590340600005, 34.631303407000075 ], [ 69.40615714900008, 34.630772940000043 ], [ 69.406538504000082, 34.630136088000029 ], [ 69.406792185000029, 34.629605620000063 ], [ 69.407045917000062, 34.629075152000041 ], [ 69.40717094300004, 34.628439152000055 ], [ 69.407167838000078, 34.627803580000034 ], [ 69.407164733000059, 34.627168053000048 ], [ 69.406959444000051, 34.626748638000038 ], [ 69.407654618000038, 34.626220077000028 ], [ 69.409041158000036, 34.624236814000028 ], [ 69.409628216000044, 34.621926392000034 ], [ 69.412418939000077, 34.621587249000072 ], [ 69.41481815700007, 34.622733317000041 ], [ 69.417020449000063, 34.624374689000035 ], [ 69.419617565000067, 34.625190200000077 ], [ 69.422415093000041, 34.626169854000068 ], [ 69.42520842600004, 34.62632504100003 ], [ 69.427806583000063, 34.627305311000043 ], [ 69.430207877000043, 34.628780852000034 ], [ 69.433402838000063, 34.629429065000068 ], [ 69.435488991000057, 34.631153747000042 ], [ 69.435772227000029, 34.630489289000025 ], [ 69.436918487000071, 34.628090395000072 ], [ 69.438356942000041, 34.626169381000068 ], [ 69.439985586000034, 34.62323617100003 ], [ 69.441227208000043, 34.621130153000024 ], [ 69.44329575900008, 34.619235791000051 ], [ 69.446420984000042, 34.617279547000066 ], [ 69.449598230000049, 34.615591539000036 ], [ 69.451906464000047, 34.613906671000052 ], [ 69.45392485800005, 34.612222882000026 ], [ 69.454445361000069, 34.611242771000036 ], [ 69.455071709000038, 34.610063282000056 ], [ 69.455922224000062, 34.606707425000025 ], [ 69.456194764000031, 34.603593283000066 ], [ 69.455892232000053, 34.601199612000073 ], [ 69.455875221000042, 34.598086414000079 ], [ 69.455856851000078, 34.59473388400005 ], [ 69.455843716000061, 34.592339173000028 ], [ 69.45583735200006, 34.591164159000073 ], [ 69.45582932800005, 34.58970490400003 ], [ 69.456686328000046, 34.587546410000073 ], [ 69.458123582000042, 34.585625160000063 ], [ 69.461437893000038, 34.584651766000036 ], [ 69.461642451000046, 34.584110140000064 ], [ 69.459953145000043, 34.581933857000024 ], [ 69.45871375300004, 34.579889596000044 ], [ 69.457420109000054, 34.577902022000046 ], [ 69.456167734000076, 34.57585354400004 ], [ 69.454862674000083, 34.573718810000059 ], [ 69.453630335000071, 34.571702919000074 ], [ 69.452622062000046, 34.569440895000071 ], [ 69.452032287000065, 34.567811277000033 ], [ 69.451834400000052, 34.567232424000053 ], [ 69.451091106000035, 34.564834540000049 ], [ 69.450306413000078, 34.565335545000039 ], [ 69.449557894000066, 34.565824599000052 ], [ 69.448734620000039, 34.566076930000065 ], [ 69.447983658000055, 34.566225194000026 ], [ 69.447380447000057, 34.56651327600008 ], [ 69.446864007000045, 34.566872505000049 ], [ 69.446347616000082, 34.567231732000039 ], [ 69.445744393000041, 34.567519806000064 ], [ 69.445184389000076, 34.56780767500004 ], [ 69.444407609000052, 34.567953440000053 ], [ 69.443716136000035, 34.567884488000061 ], [ 69.44298144000004, 34.567815689000042 ], [ 69.44228972600007, 34.567711018000068 ], [ 69.441598769000052, 34.56774923100005 ], [ 69.440951789000053, 34.567930261000072 ], [ 69.440391766000062, 34.568218153000032 ], [ 69.439744780000069, 34.568399132000025 ], [ 69.439053816000069, 34.568437330000052 ], [ 69.438362906000066, 34.568475569000043 ], [ 69.437671565000073, 34.568442294000079 ], [ 69.436980039000048, 34.568373349000069 ], [ 69.436289315000067, 34.568447242000047 ], [ 69.435598721000076, 34.568556932000035 ], [ 69.434907753000061, 34.568595107000078 ], [ 69.434258895000028, 34.568418770000051 ], [ 69.433653078000077, 34.568206521000036 ], [ 69.433049432000075, 34.568423067000026 ], [ 69.432576513000072, 34.568853549000039 ], [ 69.432016823000083, 34.569212824000033 ], [ 69.431369757000084, 34.569393804000072 ], [ 69.430678650000061, 34.569396244000075 ], [ 69.430072228000029, 34.569076801000051 ], [ 69.429552022000053, 34.568721294000056 ], [ 69.429031875000078, 34.568365786000072 ], [ 69.428511677000074, 34.568010275000063 ], [ 69.427819978000059, 34.567905522000046 ], [ 69.427085477000048, 34.567872338000029 ], [ 69.426394565000066, 34.567910509000058 ], [ 69.425401484000076, 34.567985442000065 ], [ 69.424667291000048, 34.568023709000045 ], [ 69.42401985500004, 34.568133184000033 ], [ 69.423329120000062, 34.56820704900008 ], [ 69.422725447000062, 34.568423543000051 ], [ 69.421992748000036, 34.568747660000042 ], [ 69.421258422000051, 34.568750197000043 ], [ 69.420566905000044, 34.568681068000046 ], [ 69.419659252000031, 34.568577013000038 ], [ 69.419096281000066, 34.568293122000057 ], [ 69.418490269000074, 34.568045042000051 ], [ 69.417886872000054, 34.568297268000038 ], [ 69.417326711000044, 34.568585010000049 ], [ 69.416723198000057, 34.568837231000032 ], [ 69.416163494000045, 34.569196433000059 ], [ 69.41577694700004, 34.569662312000048 ], [ 69.415390504000072, 34.570128145000069 ], [ 69.415047228000049, 34.570593829000074 ], [ 69.414704003000054, 34.57105951300008 ], [ 69.414360719000058, 34.571525195000049 ], [ 69.413800878000075, 34.571884432000047 ], [ 69.413153452000074, 34.57199384900008 ], [ 69.412462322000067, 34.571996187000025 ], [ 69.411770962000048, 34.571962764000034 ], [ 69.411121948000073, 34.571750549000058 ], [ 69.410472061000064, 34.57135968700004 ], [ 69.409994973000039, 34.57096824100006 ], [ 69.409474138000064, 34.570469716000048 ], [ 69.408911014000068, 34.570150022000064 ], [ 69.408175277000055, 34.569866614000034 ], [ 69.407540309000069, 34.569656587000054 ], [ 69.406878643000084, 34.569728007000037 ], [ 69.406231571000035, 34.569908854000062 ], [ 69.405627840000079, 34.570125219000033 ], [ 69.404937072000052, 34.570198981000033 ], [ 69.404245902000071, 34.57020127100003 ], [ 69.40355409600005, 34.570060625000053 ], [ 69.402818895000053, 34.569884407000075 ], [ 69.402255862000061, 34.56960039300003 ], [ 69.401650171000028, 34.569387984000059 ], [ 69.401129965000052, 34.568996690000063 ], [ 69.40056682800008, 34.568676912000058 ], [ 69.400046748000079, 34.568321280000077 ], [ 69.399483845000077, 34.568037252000067 ], [ 69.398963774000038, 34.567681660000062 ], [ 69.398315167000078, 34.567540842000028 ], [ 69.397752275000073, 34.567256807000035 ], [ 69.397189387000083, 34.566972769000074 ], [ 69.396540564000077, 34.566796232000058 ], [ 69.395848799000078, 34.566655541000046 ], [ 69.395199867000031, 34.566443241000059 ], [ 69.394636938000076, 34.566159236000033 ], [ 69.394031236000046, 34.56594674400003 ], [ 69.393425146000084, 34.565662873000065 ], [ 69.392775220000033, 34.56523616000004 ], [ 69.392212362000066, 34.564952098000049 ], [ 69.39160628500008, 34.56466817300003 ], [ 69.391043100000047, 34.564312640000026 ], [ 69.390523088000066, 34.56395701100007 ], [ 69.389960080000037, 34.563637183000026 ], [ 69.389440076000028, 34.563281504000031 ], [ 69.388920132000067, 34.562925868000036 ], [ 69.38831358300007, 34.56253470300004 ], [ 69.387750758000038, 34.562250666000068 ], [ 69.387145048000036, 34.562038185000063 ], [ 69.386496173000069, 34.561825838000061 ], [ 69.385760749000042, 34.561578049000047 ], [ 69.385197775000051, 34.561258199000065 ], [ 69.384591584000077, 34.560938527000076 ], [ 69.384114677000071, 34.560546978000048 ], [ 69.383680775000073, 34.560119536000059 ], [ 69.383203713000057, 34.559692227000028 ], [ 69.38276916600006, 34.559121893000054 ], [ 69.382507721000081, 34.558622437000054 ], [ 69.382073838000053, 34.558194989000071 ], [ 69.381596958000046, 34.557803430000035 ], [ 69.381120082000052, 34.557411869000077 ], [ 69.380514098000049, 34.557127887000036 ], [ 69.379821789000061, 34.55684417100008 ], [ 69.379216137000071, 34.556631696000068 ], [ 69.378567486000065, 34.556455016000029 ], [ 69.377876266000044, 34.556421446000058 ], [ 69.377185047000069, 34.556387782000058 ], [ 69.376364282000054, 34.55635464900007 ], [ 69.375672636000047, 34.55621384300008 ], [ 69.374938095000061, 34.556144633000031 ], [ 69.374203235000039, 34.556003952000026 ], [ 69.373519443000077, 34.555887368000072 ], [ 69.372973015000071, 34.55558035100006 ], [ 69.372446174000061, 34.555216053000038 ], [ 69.371836750000057, 34.554920586000037 ], [ 69.371227432000069, 34.554648021000048 ], [ 69.370590691000075, 34.554421303000026 ], [ 69.370063969000057, 34.554079855000055 ], [ 69.369647322000048, 34.553623722000054 ], [ 69.369285995000041, 34.553167421000069 ], [ 69.369007361000058, 34.552665147000027 ], [ 69.368756314000052, 34.552139928000031 ], [ 69.368532846000051, 34.55161462600006 ], [ 69.368309434000082, 34.551089278000063 ], [ 69.368113656000048, 34.550563891000024 ], [ 69.367972882000061, 34.549992616000054 ], [ 69.367915208000056, 34.549443907000068 ], [ 69.367885062000028, 34.548872254000059 ], [ 69.367937649000055, 34.548277536000057 ], [ 69.367902838000077, 34.547945912000046 ], [ 69.367880031000084, 34.547728826000025 ], [ 69.36754626700008, 34.547249575000023 ], [ 69.367019603000074, 34.546908158000065 ], [ 69.366356105000079, 34.54686438400006 ], [ 69.365776793000066, 34.547117679000053 ], [ 69.365308800000037, 34.547530754000036 ], [ 69.36492387900006, 34.548012116000052 ], [ 69.364511180000079, 34.54844792800003 ], [ 69.363960033000069, 34.548815434000062 ], [ 69.363325288000055, 34.549046022000027 ], [ 69.362690297000029, 34.549207980000062 ], [ 69.36199969300003, 34.54930151800005 ], [ 69.361336673000039, 34.549372064000067 ], [ 69.360673848000033, 34.549488372000042 ], [ 69.359992994000038, 34.549480462000076 ], [ 69.359263527000053, 34.549332460000073 ], [ 69.358626955000034, 34.549128494000058 ], [ 69.358045449000031, 34.548878642000034 ], [ 69.357436122000081, 34.548583147000045 ], [ 69.356937076000065, 34.548218700000064 ], [ 69.356906909000031, 34.547624183000039 ], [ 69.357098116000031, 34.547097646000054 ], [ 69.357206285000075, 34.546548446000031 ], [ 69.356844959000057, 34.546069291000038 ], [ 69.356318248000036, 34.545704922000027 ], [ 69.355681712000035, 34.545500941000057 ], [ 69.354944922000072, 34.545556426000076 ], [ 69.35424524900003, 34.545665187000054 ], [ 69.35358248600005, 34.545804317000034 ], [ 69.352892244000031, 34.545966430000078 ], [ 69.352202041000055, 34.546151354000074 ], [ 69.351456290000044, 34.546267851000039 ], [ 69.350765026000033, 34.546201211000039 ], [ 69.350128690000076, 34.546042967000062 ], [ 69.349492507000036, 34.545907580000062 ], [ 69.34882839900007, 34.545726548000061 ], [ 69.348164388000043, 34.545568327000069 ], [ 69.347528062000038, 34.54541006900007 ], [ 69.346864720000042, 34.545411956000066 ], [ 69.346201717000042, 34.545482464000031 ], [ 69.345566624000071, 34.54562147300004 ], [ 69.344931569000039, 34.545783339000025 ], [ 69.344240557000035, 34.545762428000046 ], [ 69.343549490000044, 34.545741514000042 ], [ 69.342858423000052, 34.545720550000055 ], [ 69.342276668000068, 34.54537922600008 ], [ 69.341694582000059, 34.544969181000056 ], [ 69.341305763000037, 34.544512873000031 ], [ 69.341026859000067, 34.543896185000051 ], [ 69.340803641000036, 34.543370785000036 ], [ 69.340525211000056, 34.542868444000078 ], [ 69.340108781000083, 34.542412254000055 ], [ 69.339720037000063, 34.541955940000037 ], [ 69.33924849400006, 34.541545621000068 ], [ 69.338694501000077, 34.541226972000061 ], [ 69.338115475000052, 34.541548763000037 ], [ 69.337758051000037, 34.542029964000051 ], [ 69.337151150000068, 34.542306106000069 ], [ 69.336627456000031, 34.542650553000044 ], [ 69.33596426500003, 34.542698146000077 ], [ 69.335273610000058, 34.542745766000053 ], [ 69.334638794000057, 34.542953345000058 ], [ 69.333975562000035, 34.542978021000067 ], [ 69.33314729600005, 34.543186121000076 ], [ 69.332512180000037, 34.543347923000056 ], [ 69.331848963000084, 34.543349727000077 ], [ 69.331157647000055, 34.543260115000066 ], [ 69.33057608200005, 34.542964410000025 ], [ 69.330022022000037, 34.54262286200003 ], [ 69.32938566200005, 34.542441648000079 ], [ 69.328749430000073, 34.542306108000048 ], [ 69.328085987000065, 34.542262171000061 ], [ 69.327450833000057, 34.542401085000051 ], [ 69.326815821000082, 34.542562947000079 ], [ 69.326153179000073, 34.542724745000044 ], [ 69.325518073000069, 34.542863649000026 ], [ 69.324855194000065, 34.542979763000062 ], [ 69.324164066000037, 34.542935833000058 ], [ 69.323500531000036, 34.54286901100005 ], [ 69.322836556000084, 34.542687791000048 ], [ 69.322227662000046, 34.542460746000074 ], [ 69.321673497000063, 34.542096299000036 ], [ 69.321257261000028, 34.541662859000041 ], [ 69.320758413000078, 34.541298262000055 ], [ 69.320314647000032, 34.540887797000039 ], [ 69.319760763000033, 34.540591923000079 ], [ 69.319124266000074, 34.540364935000071 ], [ 69.318487946000062, 34.540183619000061 ], [ 69.317851716000064, 34.540025206000053 ], [ 69.317187580000052, 34.539821095000036 ], [ 69.316524107000077, 34.539777095000034 ], [ 69.315861004000055, 34.539801673000056 ], [ 69.315197414000068, 34.539711899000054 ], [ 69.31458864800004, 34.539507676000028 ], [ 69.314018899000075, 34.53923098000007 ], [ 69.313288277000083, 34.539122205000069 ], [ 69.312624983000035, 34.539123905000054 ], [ 69.311961914000051, 34.539171367000051 ], [ 69.311299015000031, 34.539264547000073 ], [ 69.310635974000036, 34.539334818000043 ], [ 69.309944937000068, 34.539290852000079 ], [ 69.30936364400003, 34.539040767000074 ], [ 69.308700181000063, 34.538996679000036 ], [ 69.308036858000037, 34.538975493000066 ], [ 69.307373313000028, 34.538908582000033 ], [ 69.306682448000061, 34.538910319000024 ], [ 69.306018988000062, 34.538866217000077 ], [ 69.305355583000051, 34.538822156000037 ], [ 69.304691958000035, 34.538732325000069 ], [ 69.30402855400007, 34.538688257000047 ], [ 69.303365346000078, 34.53871276700005 ], [ 69.302702577000048, 34.538828761000048 ], [ 69.302067406000049, 34.538967544000059 ], [ 69.301316159000066, 34.539163649000045 ], [ 69.301588523000078, 34.542932578000034 ], [ 69.30079607700003, 34.542956176000075 ], [ 69.30018158200005, 34.542974417000039 ], [ 69.300183737000054, 34.544121285000074 ], [ 69.300230088000035, 34.54513173600003 ], [ 69.300285525000049, 34.546304716000066 ], [ 69.300332869000044, 34.547590802000059 ], [ 69.300379909000071, 34.548792073000072 ], [ 69.300450941000065, 34.550223967000079 ], [ 69.300446982000039, 34.550532394000072 ], [ 69.30037046700005, 34.550926311000069 ], [ 69.300260596000044, 34.551258762000032 ], [ 69.300124987000061, 34.551541766000071 ], [ 69.299882070000081, 34.552173763000042 ], [ 69.299802520000071, 34.552406534000056 ], [ 69.299694054000042, 34.552843139000061 ], [ 69.299593164000044, 34.553295688000048 ], [ 69.299374324000041, 34.554200781000077 ], [ 69.299172491000036, 34.555077606000054 ], [ 69.298936174000062, 34.555883813000037 ], [ 69.298712631000058, 34.556483519000039 ], [ 69.296172548000072, 34.556985926000038 ], [ 69.294661691000044, 34.557286411000064 ], [ 69.293824279000034, 34.557457292000038 ], [ 69.293523494000056, 34.55752172800004 ], [ 69.293195503000049, 34.557661304000078 ], [ 69.292759355000044, 34.558011801000077 ], [ 69.29233341500003, 34.558352035000041 ], [ 69.292052224000031, 34.558550610000054 ], [ 69.291618266000057, 34.55879711800003 ], [ 69.291343728000072, 34.558872669000039 ], [ 69.290576135000038, 34.559034659000076 ], [ 69.290149376000045, 34.559127568000065 ], [ 69.289688364000028, 34.559213477000071 ], [ 69.289261535000037, 34.559270987000048 ], [ 69.288663757000052, 34.55933602500005 ], [ 69.288108512000065, 34.559344415000055 ], [ 69.28722022200003, 34.559374780000041 ], [ 69.286767399000041, 34.559354652000025 ], [ 69.286374153000054, 34.559256602000062 ], [ 69.285819286000049, 34.559184225000024 ], [ 69.28494020800008, 34.559150523000028 ], [ 69.284607555000036, 34.55927169000006 ], [ 69.284347478000029, 34.559354676000055 ], [ 69.283839157000045, 34.559618780000051 ], [ 69.283419449000064, 34.559720983000034 ], [ 69.283150312000032, 34.559817018000047 ], [ 69.282822425000063, 34.559962698000049 ], [ 69.282374768000068, 34.56023030800003 ], [ 69.282061548000058, 34.560443272000043 ], [ 69.281448663000049, 34.560881837000068 ], [ 69.281655905000036, 34.561211059000073 ], [ 69.281473069000072, 34.561930220000079 ], [ 69.281352187000039, 34.562418285000035 ], [ 69.28122348100004, 34.562849373000063 ], [ 69.281094665000069, 34.563264636000042 ], [ 69.280900962000032, 34.563721215000044 ], [ 69.280752874000029, 34.564095308000049 ], [ 69.280576300000064, 34.564540755000053 ], [ 69.280395887000054, 34.564979853000068 ], [ 69.28023280900004, 34.565436360000035 ], [ 69.280046833000029, 34.565924618000054 ], [ 69.27984583600005, 34.566501558000027 ], [ 69.279739542000073, 34.566793219000033 ], [ 69.279667710000069, 34.567056260000072 ], [ 69.279546423000056, 34.567428758000062 ], [ 69.279216856000062, 34.568501712000057 ], [ 69.27884539300004, 34.569615974000044 ], [ 69.278793108000059, 34.570380417000024 ], [ 69.278972761000034, 34.570703259000027 ], [ 69.279115132000072, 34.570880093000028 ], [ 69.279145825000057, 34.571305133000067 ], [ 69.279093224000064, 34.571615699000063 ], [ 69.279036724000036, 34.571885062000035 ], [ 69.278750640000055, 34.572224658000039 ], [ 69.278359417000047, 34.572618332000047 ], [ 69.278017612000042, 34.572891140000024 ], [ 69.278708530000074, 34.574503252000056 ], [ 69.279639841000062, 34.57673899200006 ], [ 69.280970997000054, 34.580101779000074 ], [ 69.281281660000047, 34.580919810000069 ], [ 69.28159189400003, 34.581592245000024 ], [ 69.281990738000047, 34.582446458000049 ], [ 69.282722236000041, 34.584082213000045 ], [ 69.28301059000006, 34.584791082000038 ], [ 69.283609024000043, 34.586099650000051 ], [ 69.284512152000048, 34.588115509000033 ], [ 69.284609961000058, 34.588338477000036 ], [ 69.284768228000075, 34.588687421000031 ], [ 69.284961492000036, 34.589097830000071 ], [ 69.285903984000072, 34.591141812000046 ], [ 69.286032534000071, 34.591502953000031 ], [ 69.286135889000036, 34.591894317000026 ], [ 69.286509746000036, 34.593684732000042 ], [ 69.286615708000056, 34.59407171600003 ], [ 69.286690449000048, 34.594369225000037 ], [ 69.286758137000049, 34.594645377000063 ], [ 69.28685304000004, 34.594923134000055 ], [ 69.286956771000064, 34.59523103600003 ], [ 69.287054859000079, 34.595562622000045 ], [ 69.287496659000055, 34.597549014000037 ], [ 69.287556834000043, 34.597826897000061 ], [ 69.287643137000032, 34.598170505000041 ], [ 69.287723775000075, 34.59845266800005 ], [ 69.287801281000043, 34.598696107000023 ], [ 69.287875718000066, 34.598919036000041 ], [ 69.28793180100007, 34.599132360000056 ], [ 69.288020673000062, 34.599461352000048 ], [ 69.288144825000074, 34.59988467900007 ], [ 69.288272128000074, 34.600367247000065 ], [ 69.288369354000054, 34.600793208000027 ], [ 69.288431194000054, 34.601062159000037 ], [ 69.288485665000053, 34.601297490000036 ], [ 69.288558729000044, 34.601611143000071 ], [ 69.288621715000033, 34.601879911000026 ], [ 69.288687738000078, 34.602159853000046 ], [ 69.289215054000067, 34.604080203000024 ], [ 69.289817645000028, 34.606516741000064 ], [ 69.290889968000045, 34.610669314000063 ], [ 69.29095557800008, 34.611014140000066 ], [ 69.290984903000037, 34.611259765000057 ], [ 69.290999146000047, 34.611512279000067 ], [ 69.291029354000045, 34.613245552000024 ], [ 69.291032536000046, 34.61415721700007 ], [ 69.291464788000042, 34.614681843000028 ], [ 69.291448477000074, 34.616319320000059 ], [ 69.291452802000038, 34.617556484000033 ], [ 69.291589807000037, 34.618975269000032 ], [ 69.291595205000078, 34.620518771000036 ], [ 69.29159553900007, 34.621253644000035 ], [ 69.291601314000047, 34.622904729000027 ], [ 69.291373299000043, 34.624896168000078 ], [ 69.29082143200003, 34.626669919000051 ], [ 69.290549429000066, 34.627442775000077 ], [ 69.290022239000052, 34.628244734000077 ], [ 69.288835862000042, 34.630049516000042 ], [ 69.286796372000083, 34.633151858000076 ], [ 69.285857874000044, 34.634645449000061 ], [ 69.284620870000083, 34.636614254000051 ], [ 69.282702088000065, 34.640237120000052 ], [ 69.279622521000078, 34.645986433000076 ], [ 69.279384004000065, 34.646446894000064 ], [ 69.279170953000062, 34.647262107000074 ], [ 69.27908620200003, 34.648282048000056 ], [ 69.279147567000052, 34.649058847000049 ], [ 69.279414631000066, 34.649835175000078 ], [ 69.279622909000068, 34.650635940000029 ], [ 69.279743426000039, 34.651509725000039 ], [ 69.279628697000078, 34.652359792000027 ], [ 69.279220413000075, 34.653259093000031 ], [ 69.278811307000069, 34.65391554100006 ], [ 69.27846106800007, 34.654620461000036 ], [ 69.27906966300003, 34.654645988000027 ], [ 69.280618534000041, 34.654642433000049 ], [ 69.282531385000084, 34.654487417000041 ], [ 69.284262498000032, 34.654483393000078 ], [ 69.285626850000028, 34.653802644000052 ], [ 69.287539877000029, 34.653722803000051 ], [ 69.289363404000028, 34.654094942000029 ], [ 69.291460523000069, 34.654541700000038 ], [ 69.292828788000065, 34.654990129000055 ], [ 69.294923548000043, 34.654759227000056 ], [ 69.29574354500005, 34.654757241000027 ], [ 69.296658152000077, 34.655733778000069 ], [ 69.297566054000072, 34.654828106000025 ], [ 69.298293310000076, 34.654374622000034 ], [ 69.299384234000058, 34.653694298000062 ], [ 69.301383460000068, 34.652258861000064 ], [ 69.303382124000052, 34.650672839000038 ], [ 69.30394756100003, 34.650330869000072 ] ] ] ] } }
]
}
